timestamp,ambient_temp_c,wind_speed_ms,load_demand_kw,solar_output_kw,wind_output_kw
2022-01-01T00:00:00,-3.2,5.7,90.4,6.3,4.3
2022-01-01T01:00:00,-2.7,5.5,91.4,7.5,3.7
2022-01-01T02:00:00,-2.2,5.22,89.3,11.6,2.6
2022-01-01T03:00:00,-1.7,5.18,86.9,17.5,2.4
2022-01-01T04:00:00,-1.3,5.29,92.1,18.8,2.9
2022-01-01T05:00:00,-0.9,4.97,90.4,25.5,1.9
2022-01-01T06:00:00,-0.7,4.16,89.4,36.6,0.4
2022-01-01T07:00:00,-0.5,2.83,90.6,37.2,0.0
2022-01-01T08:00:00,-0.4,1.56,91.4,44.5,0.0
2022-01-01T09:00:00,-0.3,0.41,90.0,57.7,0.0
2022-01-01T10:00:00,-0.3,1.0,93.1,65.3,0.0
2022-01-01T11:00:00,-0.6,1.82,90.0,76.0,0.0
2022-01-01T12:00:00,-1.1,2.53,90.1,65.7,0.0
2022-01-01T13:00:00,-1.8,2.77,87.8,71.9,0.0
2022-01-01T14:00:00,-3.1,2.63,91.5,71.3,0.0
2022-01-01T15:00:00,-4.2,3.24,88.0,51.1,0.0
2022-01-01T16:00:00,-4.8,4.05,91.6,46.0,0.3
2022-01-01T17:00:00,-4.7,5.35,88.0,37.4,2.9
2022-01-01T18:00:00,-4.7,6.43,90.1,37.7,8.9
2022-01-01T19:00:00,-5.0,7.3,90.1,33.9,15.6
2022-01-01T20:00:00,-5.1,8.42,88.2,22.1,29.4
2022-01-01T21:00:00,-5.2,9.02,87.8,16.4,38.0
2022-01-01T22:00:00,-5.2,9.56,90.9,10.2,48.9
2022-01-01T23:00:00,-5.2,9.9,89.6,6.2,53.7
2022-01-02T00:00:00,-4.2,9.36,92.3,5.8,44.7
2022-01-02T01:00:00,-3.9,8.75,89.8,6.8,34.0
2022-01-02T02:00:00,-3.5,8.05,88.7,11.7,24.8
2022-01-02T03:00:00,-3.0,7.15,89.8,13.0,14.2
2022-01-02T04:00:00,-2.5,7.17,91.8,18.4,13.6
2022-01-02T05:00:00,-1.9,6.63,89.7,31.8,10.3
2022-01-02T06:00:00,-1.4,5.79,86.7,39.6,4.7
2022-01-02T07:00:00,-0.9,4.78,89.8,38.7,1.4
2022-01-02T08:00:00,-0.6,3.86,90.3,42.2,0.2
2022-01-02T09:00:00,-0.3,3.14,88.6,64.6,0.0
2022-01-02T10:00:00,-0.3,2.73,91.2,72.9,0.0
2022-01-02T11:00:00,-0.4,3.47,90.0,74.8,0.0
2022-01-02T12:00:00,-0.3,4.18,94.4,65.4,0.5
2022-01-02T13:00:00,-1.1,8.38,89.9,71.6,27.0
2022-01-02T14:00:00,-1.5,10.69,89.9,70.7,78.2
2022-01-02T15:00:00,-1.8,11.36,90.0,66.3,97.9
2022-01-02T16:00:00,-2.1,11.48,90.6,42.3,96.5
2022-01-02T17:00:00,-2.5,11.57,90.1,48.4,103.6
2022-01-02T18:00:00,-2.9,11.57,89.0,40.1,102.1
2022-01-02T19:00:00,-3.2,11.48,91.9,29.2,98.7
2022-01-02T20:00:00,-3.6,11.72,86.1,24.4,102.9
2022-01-02T21:00:00,-3.9,12.21,90.6,15.8,110.6
2022-01-02T22:00:00,-4.2,10.51,93.0,8.6,71.2
2022-01-02T23:00:00,-4.5,6.71,88.6,6.9,10.0
2022-01-03T00:00:00,-4.6,4.28,89.3,5.2,0.6
2022-01-03T01:00:00,-4.4,3.83,89.9,6.8,0.2
2022-01-03T02:00:00,-3.8,2.76,91.3,11.0,0.0
2022-01-03T03:00:00,-2.7,2.21,87.9,14.5,0.0
2022-01-03T04:00:00,-1.9,1.72,89.5,18.1,0.0
2022-01-03T05:00:00,-1.9,2.08,90.2,27.5,0.0
2022-01-03T06:00:00,-1.7,2.48,92.4,38.8,0.0
2022-01-03T07:00:00,-1.3,2.06,86.8,38.9,0.0
2022-01-03T08:00:00,-1.1,1.39,92.3,50.1,0.0
2022-01-03T09:00:00,-0.8,1.14,91.6,55.3,0.0
2022-01-03T10:00:00,-0.9,1.5,92.3,51.8,0.0
2022-01-03T11:00:00,-1.2,2.86,89.8,65.1,0.0
2022-01-03T12:00:00,-1.4,4.47,91.6,61.1,0.9
2022-01-03T13:00:00,-1.9,4.75,87.8,55.3,1.4
2022-01-03T14:00:00,-2.5,4.97,89.1,55.2,1.9
2022-01-03T15:00:00,-3.1,5.34,86.5,57.0,3.0
2022-01-03T16:00:00,-3.9,6.3,88.8,45.2,7.9
2022-01-03T17:00:00,-4.8,7.0,87.9,46.5,13.3
2022-01-03T18:00:00,-5.3,7.4,89.9,41.2,16.9
2022-01-03T19:00:00,-5.6,7.4,91.3,30.1,17.3
2022-01-03T20:00:00,-5.9,7.2,92.4,20.5,15.1
2022-01-03T21:00:00,-6.1,7.2,87.5,12.8,14.8
2022-01-03T22:00:00,-6.2,7.31,88.7,10.2,15.7
2022-01-03T23:00:00,-6.2,7.4,90.2,6.8,15.9
2022-01-04T00:00:00,-5.4,6.4,91.4,5.8,8.3
2022-01-04T01:00:00,-4.9,5.7,89.9,6.0,4.5
2022-01-04T02:00:00,-4.4,5.3,90.1,9.6,2.9
2022-01-04T03:00:00,-3.9,4.7,85.8,14.6,1.3
2022-01-04T04:00:00,-3.4,4.3,90.2,20.5,0.6
2022-01-04T05:00:00,-2.9,3.82,88.8,24.6,0.2
2022-01-04T06:00:00,-2.5,3.44,87.6,35.5,0.0
2022-01-04T07:00:00,-2.1,3.26,89.5,38.4,0.0
2022-01-04T08:00:00,-1.9,3.16,93.8,50.9,0.0
2022-01-04T09:00:00,-1.8,3.49,90.7,50.2,0.0
2022-01-04T10:00:00,-1.9,3.77,92.2,55.3,0.1
2022-01-04T11:00:00,-2.1,3.93,90.2,68.6,0.2
2022-01-04T12:00:00,-2.7,2.15,91.5,75.4,0.0
2022-01-04T13:00:00,-2.7,4.5,86.9,56.0,0.9
2022-01-04T14:00:00,-3.3,5.33,89.9,59.7,3.0
2022-01-04T15:00:00,-3.9,6.72,90.0,59.8,10.7
2022-01-04T16:00:00,-4.5,8.19,89.6,55.9,24.8
2022-01-04T17:00:00,-5.0,9.19,86.0,49.2,43.5
2022-01-04T18:00:00,-5.4,9.81,90.7,42.2,53.4
2022-01-04T19:00:00,-5.7,9.99,94.4,24.6,59.3
2022-01-04T20:00:00,-5.9,9.95,89.8,20.6,57.5
2022-01-04T21:00:00,-6.0,9.92,88.6,15.6,58.1
2022-01-04T22:00:00,-6.0,9.45,93.3,9.4,47.1
2022-01-04T23:00:00,-5.9,9.15,91.1,6.8,39.2
2022-01-05T00:00:00,-5.4,8.82,91.8,4.9,35.6
2022-01-05T01:00:00,-4.9,8.05,89.3,6.0,25.0
2022-01-05T02:00:00,-4.5,7.56,93.2,11.0,17.3
2022-01-05T03:00:00,-4.0,7.17,91.6,13.6,13.7
2022-01-05T04:00:00,-3.5,6.36,90.2,24.3,7.9
2022-01-05T05:00:00,-2.9,5.39,89.2,26.8,3.1
2022-01-05T06:00:00,-2.4,4.54,88.3,35.8,1.0
2022-01-05T07:00:00,-2.0,3.75,90.5,48.6,0.1
2022-01-05T08:00:00,-1.7,3.0,88.8,58.6,0.0
2022-01-05T09:00:00,-1.5,2.2,90.5,66.4,0.0
2022-01-05T10:00:00,-1.5,1.71,88.8,61.2,0.0
2022-01-05T11:00:00,-1.8,1.8,91.3,58.0,0.0
2022-01-05T12:00:00,-2.8,2.13,90.6,77.0,0.0
2022-01-05T13:00:00,-2.9,1.49,86.9,63.0,0.0
2022-01-05T14:00:00,-3.8,3.77,90.1,66.7,0.2
2022-01-05T15:00:00,-4.2,5.39,90.7,66.4,3.2
2022-01-05T16:00:00,-4.7,6.67,89.3,58.9,9.9
2022-01-05T17:00:00,-5.3,7.41,89.4,36.7,16.4
2022-01-05T18:00:00,-5.7,7.93,91.3,35.4,22.8
2022-01-05T19:00:00,-6.1,8.1,91.0,23.6,24.4
2022-01-05T20:00:00,-6.3,8.19,89.4,24.4,25.6
2022-01-05T21:00:00,-6.5,8.32,90.0,16.5,28.8
2022-01-05T22:00:00,-6.5,8.19,90.5,9.3,25.3
2022-01-05T23:00:00,-6.3,7.62,92.8,6.4,18.6
2022-01-06T00:00:00,-5.7,6.95,91.1,5.3,11.8
2022-01-06T01:00:00,-5.2,7.02,88.9,6.3,12.3
2022-01-06T02:00:00,-4.6,5.8,89.3,9.4,4.8
2022-01-06T03:00:00,-4.1,4.14,91.1,12.2,0.4
2022-01-06T04:00:00,-3.5,2.51,88.8,23.5,0.0
2022-01-06T05:00:00,-3.0,1.8,88.8,26.3,0.0
2022-01-06T06:00:00,-2.5,1.9,90.0,32.3,0.0
2022-01-06T07:00:00,-2.0,1.84,90.0,47.9,0.0
2022-01-06T08:00:00,-1.6,1.27,92.6,49.3,0.0
2022-01-06T09:00:00,-1.3,0.64,91.4,52.9,0.0
2022-01-06T10:00:00,-1.3,0.63,90.9,57.5,0.0
2022-01-06T11:00:00,-1.6,1.63,90.4,57.4,0.0
2022-01-06T12:00:00,-1.8,2.28,92.4,74.7,0.0
2022-01-06T13:00:00,-2.1,4.18,90.1,61.0,0.5
2022-01-06T14:00:00,-2.8,5.31,88.7,63.1,2.9
2022-01-06T15:00:00,-3.4,6.1,85.3,60.5,6.6
2022-01-06T16:00:00,-3.9,6.64,89.0,52.2,9.8
2022-01-06T17:00:00,-4.2,7.31,86.6,48.6,16.4
2022-01-06T18:00:00,-4.4,7.68,91.7,33.6,19.9
2022-01-06T19:00:00,-4.7,7.97,88.6,29.9,22.1
2022-01-06T20:00:00,-4.9,7.97,91.7,23.6,22.3
2022-01-06T21:00:00,-5.0,7.78,94.2,14.4,20.3
2022-01-06T22:00:00,-4.9,7.4,90.9,8.2,15.8
2022-01-06T23:00:00,-4.7,6.9,92.3,6.0,11.8
2022-01-07T00:00:00,-4.2,6.53,88.7,4.7,8.8
2022-01-07T01:00:00,-3.7,6.43,89.3,6.1,8.0
2022-01-07T02:00:00,-3.1,5.53,91.5,10.6,3.7
2022-01-07T03:00:00,-2.4,4.55,91.9,13.1,1.0
2022-01-07T04:00:00,-1.6,3.1,87.8,17.5,0.0
2022-01-07T05:00:00,-1.0,2.3,90.7,32.4,0.0
2022-01-07T06:00:00,-0.5,2.89,89.1,38.0,0.0
2022-01-07T07:00:00,-0.3,3.52,91.8,50.3,0.1
2022-01-07T08:00:00,-0.3,4.17,89.8,56.4,0.5
2022-01-07T09:00:00,-0.6,4.8,90.5,60.5,1.5
2022-01-07T10:00:00,-0.8,4.92,90.2,56.2,1.8
2022-01-07T11:00:00,-0.9,4.8,90.4,55.1,1.5
2022-01-07T12:00:00,-0.8,4.31,88.8,67.7,0.6
2022-01-07T13:00:00,-0.8,5.38,91.9,70.5,3.2
2022-01-07T14:00:00,-0.8,6.93,90.0,54.7,11.8
2022-01-07T15:00:00,-1.2,7.43,92.2,54.2,16.5
2022-01-07T16:00:00,-1.4,7.79,88.6,58.7,20.4
2022-01-07T17:00:00,-2.0,7.63,89.6,47.6,18.2
2022-01-07T18:00:00,-2.4,7.68,89.3,29.8,19.1
2022-01-07T19:00:00,-2.5,7.41,88.4,24.4,15.7
2022-01-07T20:00:00,-2.6,7.12,92.2,21.0,13.3
2022-01-07T21:00:00,-2.7,6.69,88.8,15.7,10.6
2022-01-07T22:00:00,-2.4,6.59,90.3,8.4,9.1
2022-01-07T23:00:00,-2.1,6.26,93.5,5.3,7.5
2022-01-08T00:00:00,-1.5,6.32,88.7,4.9,7.5
2022-01-08T01:00:00,-1.1,5.79,88.0,6.2,4.6
2022-01-08T02:00:00,-0.5,5.25,84.6,8.0,2.7
2022-01-08T03:00:00,-0.3,4.05,91.1,16.3,0.3
2022-01-08T04:00:00,0.2,2.62,84.0,24.0,0.0
2022-01-08T05:00:00,0.5,2.09,88.7,23.5,0.0
2022-01-08T06:00:00,0.8,1.66,90.9,40.9,0.0
2022-01-08T07:00:00,1.0,1.06,89.0,36.1,0.0
2022-01-08T08:00:00,1.0,0.41,89.9,52.7,0.0
2022-01-08T09:00:00,1.0,1.0,89.2,60.0,0.0
2022-01-08T10:00:00,1.3,2.16,89.5,51.7,0.0
2022-01-08T11:00:00,1.1,2.77,87.9,75.1,0.0
2022-01-08T12:00:00,1.0,3.01,89.0,61.8,0.0
2022-01-08T13:00:00,0.3,2.79,92.1,61.6,0.0
2022-01-08T14:00:00,0.2,4.57,88.5,71.7,1.0
2022-01-08T15:00:00,-0.2,6.72,88.9,63.6,10.3
2022-01-08T16:00:00,-1.0,7.11,92.7,57.7,13.3
2022-01-08T17:00:00,-1.6,7.64,93.5,39.3,18.5
2022-01-08T18:00:00,-2.2,7.96,90.4,40.3,23.8
2022-01-08T19:00:00,-2.6,7.98,90.6,29.2,23.6
2022-01-08T20:00:00,-2.7,7.86,88.6,19.1,22.7
2022-01-08T21:00:00,-2.8,7.77,91.2,13.8,19.5
2022-01-08T22:00:00,-2.8,7.63,90.7,9.9,18.9
2022-01-08T23:00:00,-2.7,7.5,88.2,5.3,17.2
2022-01-09T00:00:00,-1.9,6.99,89.4,4.6,13.0
2022-01-09T01:00:00,-1.6,6.53,91.5,6.1,9.2
2022-01-09T02:00:00,-1.2,5.5,90.4,8.4,3.7
2022-01-09T03:00:00,-0.9,4.6,89.2,12.1,1.1
2022-01-09T04:00:00,-0.5,3.55,89.5,18.1,0.1
2022-01-09T05:00:00,-0.1,2.88,86.4,25.7,0.0
2022-01-09T06:00:00,0.2,2.15,92.9,38.6,0.0
2022-01-09T07:00:00,0.5,1.34,89.6,40.0,0.0
2022-01-09T08:00:00,0.6,0.54,90.6,54.3,0.0
2022-01-09T09:00:00,0.8,0.0,90.5,54.8,0.0
2022-01-09T10:00:00,0.5,0.72,90.8,58.1,0.0
2022-01-09T11:00:00,0.1,1.14,87.6,60.2,0.0
2022-01-09T12:00:00,-0.5,1.8,88.8,56.8,0.0
2022-01-09T13:00:00,0.4,1.12,87.8,55.9,0.0
2022-01-09T14:00:00,-1.1,1.49,88.0,54.7,0.0
2022-01-09T15:00:00,-3.1,3.1,89.3,50.1,0.0
2022-01-09T16:00:00,-3.1,4.83,87.8,44.8,1.6
2022-01-09T17:00:00,-3.4,5.7,91.3,42.6,4.5
2022-01-09T18:00:00,-3.7,5.91,89.8,38.7,5.3
2022-01-09T19:00:00,-3.9,6.51,91.5,27.8,9.3
2022-01-09T20:00:00,-4.0,7.3,86.2,22.3,15.8
2022-01-09T21:00:00,-4.1,8.01,89.3,15.3,22.6
2022-01-09T22:00:00,-4.1,8.23,88.3,8.0,27.5
2022-01-09T23:00:00,-4.0,8.33,88.3,5.8,26.5
2022-01-10T00:00:00,-3.6,9.24,94.0,3.6,41.6
2022-01-10T01:00:00,-3.1,8.25,87.1,5.8,26.4
2022-01-10T02:00:00,-3.1,7.24,91.2,9.6,14.7
2022-01-10T03:00:00,-2.9,6.49,88.3,14.6,9.0
2022-01-10T04:00:00,-2.7,5.92,93.0,20.4,5.4
2022-01-10T05:00:00,-2.3,5.33,90.6,30.8,3.0
2022-01-10T06:00:00,-2.1,4.88,90.5,33.0,1.6
2022-01-10T07:00:00,-1.8,4.3,90.4,37.0,0.6
2022-01-10T08:00:00,-1.7,3.72,90.6,54.6,0.1
2022-01-10T09:00:00,-1.6,3.28,88.5,61.8,0.0
2022-01-10T10:00:00,-1.6,2.78,87.5,51.2,0.0
2022-01-10T11:00:00,-1.8,2.46,89.5,57.8,0.0
2022-01-10T12:00:00,-1.8,3.0,88.1,66.3,0.0
2022-01-10T13:00:00,-2.1,4.7,91.9,68.5,1.3
2022-01-10T14:00:00,-2.7,6.2,90.0,68.0,6.7
2022-01-10T15:00:00,-3.5,6.97,89.2,53.6,12.3
2022-01-10T16:00:00,-4.2,7.52,93.1,44.2,18.7
2022-01-10T17:00:00,-4.7,8.34,88.8,42.8,29.2
2022-01-10T18:00:00,-5.0,8.99,92.6,37.3,38.2
2022-01-10T19:00:00,-5.4,8.86,92.9,27.8,36.9
2022-01-10T20:00:00,-5.7,9.04,90.7,17.5,38.1
2022-01-10T21:00:00,-6.0,9.12,91.2,11.9,38.2
2022-01-10T22:00:00,-6.1,9.21,88.5,7.2,41.3
2022-01-10T23:00:00,-6.0,9.2,89.3,4.3,42.4
2022-01-11T00:00:00,-5.3,8.1,87.3,3.9,25.7
2022-01-11T01:00:00,-4.8,8.0,90.8,3.9,23.4
2022-01-11T02:00:00,-4.4,7.91,88.9,8.2,22.8
2022-01-11T03:00:00,-4.1,7.51,86.3,14.0,17.6
2022-01-11T04:00:00,-3.6,6.91,92.3,22.7,11.8
2022-01-11T05:00:00,-3.0,6.36,89.8,30.8,8.1
2022-01-11T06:00:00,-2.5,6.14,95.5,38.1,6.8
2022-01-11T07:00:00,-2.2,6.61,86.2,40.5,10.0
2022-01-11T08:00:00,-1.8,5.24,88.8,42.5,2.7
2022-01-11T09:00:00,-1.5,3.79,89.8,61.4,0.2
2022-01-11T10:00:00,-1.4,3.65,89.9,50.2,0.1
2022-01-11T11:00:00,-1.5,3.49,91.1,65.0,0.0
2022-01-11T12:00:00,-1.4,4.83,86.6,69.5,1.5
2022-01-11T13:00:00,-2.1,5.53,93.3,66.3,3.7
2022-01-11T14:00:00,-2.9,6.18,87.8,58.6,6.7
2022-01-11T15:00:00,-3.7,6.93,93.2,51.1,12.4
2022-01-11T16:00:00,-4.4,7.5,90.6,45.3,17.4
2022-01-11T17:00:00,-4.8,7.72,92.9,47.1,20.8
2022-01-11T18:00:00,-5.2,7.81,90.7,36.4,22.0
2022-01-11T19:00:00,-5.4,8.03,88.3,28.1,23.5
2022-01-11T20:00:00,-5.6,8.35,87.1,20.3,27.3
2022-01-11T21:00:00,-5.6,8.41,94.6,14.3,27.7
2022-01-11T22:00:00,-5.4,8.1,93.9,8.4,24.3
2022-01-11T23:00:00,-5.1,7.79,86.6,4.7,21.7
2022-01-12T00:00:00,-5.0,7.33,92.8,2.7,15.1
2022-01-12T01:00:00,-4.3,6.58,91.9,4.5,9.3
2022-01-12T02:00:00,-3.6,5.91,88.9,8.0,5.4
2022-01-12T03:00:00,-3.0,5.3,91.8,11.5,2.8
2022-01-12T04:00:00,-2.4,5.0,91.0,18.1,1.9
2022-01-12T05:00:00,-1.8,4.77,89.9,25.0,1.3
2022-01-12T06:00:00,-1.4,4.37,86.2,34.8,0.7
2022-01-12T07:00:00,-1.1,3.81,89.2,41.2,0.2
2022-01-12T08:00:00,-0.8,3.11,90.8,50.0,0.0
2022-01-12T09:00:00,-0.7,2.13,89.0,59.3,0.0
2022-01-12T10:00:00,-0.8,1.17,89.7,69.6,0.0
2022-01-12T11:00:00,-0.8,0.78,86.7,61.9,0.0
2022-01-12T12:00:00,-1.5,1.43,88.3,59.2,0.0
2022-01-12T13:00:00,-2.8,2.11,88.8,63.1,0.0
2022-01-12T14:00:00,-3.5,2.86,89.6,65.8,0.0
2022-01-12T15:00:00,-3.8,3.76,90.6,63.5,0.2
2022-01-12T16:00:00,-3.6,4.93,90.2,54.3,1.9
2022-01-12T17:00:00,-3.8,5.41,88.5,40.5,3.2
2022-01-12T18:00:00,-4.0,5.51,90.2,39.8,3.7
2022-01-12T19:00:00,-4.0,6.1,90.0,27.5,6.6
2022-01-12T20:00:00,-3.8,7.0,87.9,22.2,12.7
2022-01-12T21:00:00,-3.8,7.5,86.8,15.6,16.7
2022-01-12T22:00:00,-3.8,7.9,91.7,8.0,22.3
2022-01-12T23:00:00,-3.7,7.8,91.4,4.8,21.2
2022-01-13T00:00:00,-3.5,7.8,89.8,2.3,21.4
2022-01-13T01:00:00,-3.0,7.5,91.8,4.6,16.7
2022-01-13T02:00:00,-2.6,7.11,87.4,6.5,14.3
2022-01-13T03:00:00,-2.1,6.77,92.1,14.7,10.5
2022-01-13T04:00:00,-1.5,6.14,88.6,21.8,6.9
2022-01-13T05:00:00,-1.2,5.55,92.0,29.7,3.6
2022-01-13T06:00:00,-0.8,4.84,89.9,40.3,1.5
2022-01-13T07:00:00,-0.5,4.05,87.1,47.5,0.4
2022-01-13T08:00:00,-0.2,3.22,89.1,50.6,0.0
2022-01-13T09:00:00,-0.2,2.64,87.7,60.2,0.0
2022-01-13T10:00:00,-0.1,2.15,90.0,69.8,0.0
2022-01-13T11:00:00,-0.5,1.65,88.2,68.3,0.0
2022-01-13T12:00:00,-0.8,1.8,93.1,73.7,0.0
2022-01-13T13:00:00,-1.3,3.23,86.8,64.4,0.0
2022-01-13T14:00:00,-2.1,4.4,90.3,61.9,0.7
2022-01-13T15:00:00,-2.6,5.24,89.6,47.2,2.7
2022-01-13T16:00:00,-2.9,5.85,91.0,54.0,4.9
2022-01-13T17:00:00,-3.3,5.92,91.5,46.7,5.6
2022-01-13T18:00:00,-3.5,5.81,90.2,29.5,5.1
2022-01-13T19:00:00,-3.5,5.7,89.7,25.1,4.5
2022-01-13T20:00:00,-3.5,5.6,88.0,18.1,3.8
2022-01-13T21:00:00,-3.1,5.8,92.3,11.7,4.9
2022-01-13T22:00:00,-2.2,5.93,91.2,7.1,5.8
2022-01-13T23:00:00,-1.5,5.56,89.1,4.8,3.6
2022-01-14T00:00:00,-1.9,5.08,87.5,2.5,2.1
2022-01-14T01:00:00,-1.6,4.98,90.0,3.3,1.8
2022-01-14T02:00:00,-1.1,4.94,91.7,8.8,1.8
2022-01-14T03:00:00,-0.8,4.77,89.2,12.2,1.4
2022-01-14T04:00:00,-0.3,4.49,90.0,19.5,0.9
2022-01-14T05:00:00,0.0,4.63,88.2,30.6,1.1
2022-01-14T06:00:00,-0.3,4.58,91.4,40.1,1.0
2022-01-14T07:00:00,-0.0,3.89,91.0,44.0,0.2
2022-01-14T08:00:00,0.3,3.58,88.8,44.2,0.1
2022-01-14T09:00:00,0.3,2.83,89.5,61.3,0.0
2022-01-14T10:00:00,0.2,1.86,91.0,60.2,0.0
2022-01-14T11:00:00,0.3,0.64,88.1,59.0,0.0
2022-01-14T12:00:00,-0.6,1.64,88.0,60.0,0.0
2022-01-14T13:00:00,-1.5,2.21,91.3,72.6,0.0
2022-01-14T14:00:00,-2.5,2.11,90.7,58.6,0.0
2022-01-14T15:00:00,-3.0,3.51,90.4,46.5,0.1
2022-01-14T16:00:00,-3.0,4.57,89.6,54.7,1.1
2022-01-14T17:00:00,-3.3,5.18,90.3,46.6,2.6
2022-01-14T18:00:00,-3.6,5.53,87.3,32.3,3.8
2022-01-14T19:00:00,-3.8,5.87,91.2,25.4,5.2
2022-01-14T20:00:00,-3.8,6.53,88.2,21.7,8.7
2022-01-14T21:00:00,-3.7,7.47,87.5,13.3,16.7
2022-01-14T22:00:00,-3.7,7.57,92.4,6.2,18.6
2022-01-14T23:00:00,-3.6,7.5,92.1,3.1,18.2
2022-01-15T00:00:00,-3.0,7.31,91.9,1.7,16.0
2022-01-15T01:00:00,-2.6,7.01,92.7,3.7,13.0
2022-01-15T02:00:00,-2.1,6.77,90.8,7.3,11.4
2022-01-15T03:00:00,-1.7,6.23,91.1,14.2,7.5
2022-01-15T04:00:00,-1.3,5.83,92.7,20.9,5.0
2022-01-15T05:00:00,-0.9,6.14,93.8,25.1,6.9
2022-01-15T06:00:00,-0.8,6.05,91.9,37.0,6.3
2022-01-15T07:00:00,-0.6,5.5,91.6,45.8,3.5
2022-01-15T08:00:00,-0.5,4.58,90.6,53.9,1.0
2022-01-15T09:00:00,-0.5,3.66,89.2,61.7,0.1
2022-01-15T10:00:00,-0.7,2.69,88.2,69.9,0.0
2022-01-15T11:00:00,-1.0,1.92,91.7,72.2,0.0
2022-01-15T12:00:00,-1.1,2.42,89.9,60.4,0.0
2022-01-15T13:00:00,-1.4,3.71,95.0,53.9,0.1
2022-01-15T14:00:00,-1.9,4.8,87.9,65.4,1.5
2022-01-15T15:00:00,-2.5,5.81,86.7,46.4,4.7
2022-01-15T16:00:00,-3.0,6.51,89.4,48.4,8.9
2022-01-15T17:00:00,-3.6,6.5,86.0,35.1,9.0
2022-01-15T18:00:00,-4.1,6.4,92.2,32.0,8.5
2022-01-15T19:00:00,-4.4,6.7,95.5,26.3,10.8
2022-01-15T20:00:00,-4.6,6.51,87.7,20.9,8.6
2022-01-15T21:00:00,-4.6,6.02,87.9,13.7,5.9
2022-01-15T22:00:00,-4.3,5.73,88.9,8.1,4.5
2022-01-15T23:00:00,-4.0,5.41,91.9,3.4,3.3
2022-01-16T00:00:00,-3.7,6.8,91.2,1.3,11.2
2022-01-16T01:00:00,-3.1,6.31,91.3,3.0,7.5
2022-01-16T02:00:00,-2.5,5.3,90.9,7.6,2.8
2022-01-16T03:00:00,-2.4,4.52,94.1,13.2,1.0
2022-01-16T04:00:00,-2.2,3.63,89.9,21.6,0.1
2022-01-16T05:00:00,-1.7,2.7,90.2,26.7,0.0
2022-01-16T06:00:00,-1.3,1.7,87.0,29.9,0.0
2022-01-16T07:00:00,-1.1,0.91,92.8,44.9,0.0
2022-01-16T08:00:00,-0.9,0.58,90.0,46.7,0.0
2022-01-16T09:00:00,-0.7,1.2,90.9,45.7,0.0
2022-01-16T10:00:00,-0.7,1.96,91.3,60.0,0.0
2022-01-16T11:00:00,-1.0,2.57,90.4,67.9,0.0
2022-01-16T12:00:00,-1.4,2.22,88.5,65.8,0.0
2022-01-16T13:00:00,-2.1,2.44,91.0,72.1,0.0
2022-01-16T14:00:00,-2.8,3.09,90.0,69.7,0.0
2022-01-16T15:00:00,-3.3,3.89,88.3,56.5,0.2
2022-01-16T16:00:00,-3.6,4.75,90.9,49.6,1.4
2022-01-16T17:00:00,-4.2,5.14,88.3,48.3,2.3
2022-01-16T18:00:00,-4.7,5.25,91.5,28.2,2.8
2022-01-16T19:00:00,-5.0,5.55,92.4,30.7,3.7
2022-01-16T20:00:00,-5.2,5.69,91.7,21.0,4.3
2022-01-16T21:00:00,-5.2,5.69,91.2,12.8,4.2
2022-01-16T22:00:00,-5.2,5.64,90.4,7.7,4.2
2022-01-16T23:00:00,-5.1,5.37,88.3,3.0,3.0
2022-01-17T00:00:00,-4.6,4.62,93.1,1.2,1.1
2022-01-17T01:00:00,-3.7,4.27,87.1,2.4,0.6
2022-01-17T02:00:00,-3.2,3.86,90.5,6.8,0.2
2022-01-17T03:00:00,-2.6,3.44,90.2,13.6,0.0
2022-01-17T04:00:00,-2.1,2.7,90.5,19.6,0.0
2022-01-17T05:00:00,-1.7,1.8,87.8,23.1,0.0
2022-01-17T06:00:00,-1.5,1.42,89.9,34.3,0.0
2022-01-17T07:00:00,-1.5,0.85,88.2,44.7,0.0
2022-01-17T08:00:00,-1.5,0.45,93.2,54.0,0.0
2022-01-17T09:00:00,-1.4,1.03,90.8,52.7,0.0
2022-01-17T10:00:00,-1.5,1.49,90.2,52.5,0.0
2022-01-17T11:00:00,-1.7,1.94,88.5,60.1,0.0
2022-01-17T12:00:00,-1.9,1.49,89.8,53.3,0.0
2022-01-17T13:00:00,-1.5,1.3,90.3,67.9,0.0
2022-01-17T14:00:00,-2.6,1.7,90.8,55.3,0.0
2022-01-17T15:00:00,-4.7,3.01,91.3,56.6,0.0
2022-01-17T16:00:00,-4.4,4.5,89.4,47.2,0.9
2022-01-17T17:00:00,-4.4,5.32,89.5,45.2,2.9
2022-01-17T18:00:00,-4.7,5.41,89.3,38.1,3.4
2022-01-17T19:00:00,-4.9,5.6,91.7,22.5,4.0
2022-01-17T20:00:00,-4.9,6.01,86.4,21.3,6.0
2022-01-17T21:00:00,-4.8,6.62,90.6,12.9,9.9
2022-01-17T22:00:00,-4.6,7.1,91.3,7.4,13.3
2022-01-17T23:00:00,-4.4,7.01,91.3,2.5,12.5
2022-01-18T00:00:00,-3.7,7.72,89.5,0.4,19.4
2022-01-18T01:00:00,-2.8,6.99,85.9,2.1,13.2
2022-01-18T02:00:00,-2.3,6.74,87.1,5.7,11.1
2022-01-18T03:00:00,-2.1,7.02,91.7,13.0,12.8
2022-01-18T04:00:00,-1.9,6.5,91.8,15.8,9.0
2022-01-18T05:00:00,-1.6,5.77,88.5,28.0,4.9
2022-01-18T06:00:00,-1.4,5.83,91.1,34.6,5.1
2022-01-18T07:00:00,-1.3,5.22,87.9,36.3,2.5
2022-01-18T08:00:00,-1.5,3.94,91.9,47.8,0.3
2022-01-18T09:00:00,-1.4,2.77,88.6,48.4,0.0
2022-01-18T10:00:00,-1.5,1.22,93.8,56.0,0.0
2022-01-18T11:00:00,-1.4,0.22,90.0,67.3,0.0
2022-01-18T12:00:00,-2.1,1.7,90.6,61.8,0.0
2022-01-18T13:00:00,-3.1,2.15,90.8,64.9,0.0
2022-01-18T14:00:00,-3.5,3.58,90.2,49.7,0.1
2022-01-18T15:00:00,-3.7,4.49,88.2,58.6,0.9
2022-01-18T16:00:00,-4.2,4.71,90.9,46.0,1.3
2022-01-18T17:00:00,-4.7,5.02,91.7,36.8,2.0
2022-01-18T18:00:00,-5.0,5.06,90.4,28.9,2.2
2022-01-18T19:00:00,-5.2,5.12,90.1,23.1,2.3
2022-01-18T20:00:00,-5.5,5.07,90.5,20.3,2.2
2022-01-18T21:00:00,-5.2,5.6,86.0,10.3,4.1
2022-01-18T22:00:00,-5.2,5.29,89.2,6.5,2.7
2022-01-18T23:00:00,-4.9,5.29,90.2,2.1,3.0
2022-01-19T00:00:00,-4.8,4.25,89.8,0.0,0.5
2022-01-19T01:00:00,-3.7,3.81,92.9,1.9,0.2
2022-01-19T02:00:00,-3.1,3.7,90.2,5.0,0.1
2022-01-19T03:00:00,-2.5,3.21,89.1,12.1,0.0
2022-01-19T04:00:00,-2.1,2.9,89.6,16.2,0.0
2022-01-19T05:00:00,-1.8,2.01,92.4,21.8,0.0
2022-01-19T06:00:00,-1.6,1.6,90.0,29.6,0.0
2022-01-19T07:00:00,-1.3,2.22,89.5,42.4,0.0
2022-01-19T08:00:00,-1.2,2.63,87.2,55.7,0.0
2022-01-19T09:00:00,-1.2,2.84,92.1,54.7,0.0
2022-01-19T10:00:00,-1.3,2.69,88.8,49.1,0.0
2022-01-19T11:00:00,-1.6,3.14,88.8,62.8,0.0
2022-01-19T12:00:00,-2.0,3.38,92.8,60.9,0.0
2022-01-19T13:00:00,-2.7,5.41,92.3,70.5,3.4
2022-01-19T14:00:00,-3.3,6.48,90.0,60.5,8.8
2022-01-19T15:00:00,-3.7,7.43,87.5,61.7,17.3
2022-01-19T16:00:00,-4.2,8.29,92.5,39.7,25.8
2022-01-19T17:00:00,-4.5,9.2,93.7,47.0,41.2
2022-01-19T18:00:00,-4.8,9.88,86.6,35.0,55.4
2022-01-19T19:00:00,-5.0,10.38,94.1,21.2,64.0
2022-01-19T20:00:00,-5.2,10.57,90.2,18.7,71.4
2022-01-19T21:00:00,-5.4,10.65,90.1,11.3,69.7
2022-01-19T22:00:00,-5.4,10.4,90.3,5.4,66.9
2022-01-19T23:00:00,-5.3,10.22,93.3,1.8,61.9
2022-01-20T00:00:00,-4.9,11.5,93.8,0.0,98.2
2022-01-20T01:00:00,-4.3,11.18,90.5,1.4,85.6
2022-01-20T02:00:00,-3.9,10.4,91.0,6.2,69.4
2022-01-20T03:00:00,-3.7,10.12,92.6,12.3,62.6
2022-01-20T04:00:00,-3.4,9.53,91.2,17.2,49.7
2022-01-20T05:00:00,-3.0,9.47,88.4,28.8,48.7
2022-01-20T06:00:00,-2.5,8.37,86.6,38.0,27.2
2022-01-20T07:00:00,-2.0,8.96,90.2,39.0,38.6
2022-01-20T08:00:00,-1.8,8.62,93.3,47.9,32.3
2022-01-20T09:00:00,-1.7,7.63,93.0,45.8,18.2
2022-01-20T10:00:00,-1.6,7.48,90.1,52.3,18.1
2022-01-20T11:00:00,-1.9,8.22,88.2,58.0,26.5
2022-01-20T12:00:00,-2.1,7.58,89.6,69.3,17.9
2022-01-20T13:00:00,-2.2,8.64,90.7,54.5,30.9
2022-01-20T14:00:00,-1.8,8.47,88.8,57.3,30.9
2022-01-20T15:00:00,-1.9,7.88,94.4,50.4,22.9
2022-01-20T16:00:00,-2.4,7.93,91.2,41.5,23.2
2022-01-20T17:00:00,-2.9,7.67,88.6,33.5,19.5
2022-01-20T18:00:00,-2.9,7.51,91.9,31.8,17.6
2022-01-20T19:00:00,-3.1,7.1,89.4,24.1,14.0
2022-01-20T20:00:00,-2.9,6.6,89.6,19.8,9.1
2022-01-20T21:00:00,-2.8,6.3,91.6,9.1,7.5
2022-01-20T22:00:00,-2.6,5.81,90.2,4.5,5.0
2022-01-20T23:00:00,-2.9,5.1,87.6,1.1,2.1
2022-01-21T00:00:00,-2.4,4.5,90.0,0.0,0.9
2022-01-21T01:00:00,-1.7,4.51,88.6,0.5,0.9
2022-01-21T02:00:00,-0.8,6.68,88.7,5.8,9.9
2022-01-21T03:00:00,-0.5,8.23,90.3,10.0,26.5
2022-01-21T04:00:00,-0.3,7.85,86.8,16.4,20.9
2022-01-21T05:00:00,0.0,6.95,91.0,25.1,12.9
2022-01-21T06:00:00,0.2,5.61,87.9,37.2,3.8
2022-01-21T07:00:00,0.1,4.48,90.0,35.1,0.9
2022-01-21T08:00:00,0.0,3.97,93.1,52.8,0.3
2022-01-21T09:00:00,-0.1,3.28,89.2,49.8,0.0
2022-01-21T10:00:00,-0.1,2.78,95.4,64.6,0.0
2022-01-21T11:00:00,-0.3,2.64,90.5,59.5,0.0
2022-01-21T12:00:00,-0.9,2.0,90.3,68.0,0.0
2022-01-21T13:00:00,-1.3,2.26,90.0,60.3,0.0
2022-01-21T14:00:00,-0.1,2.89,88.7,57.7,0.0
2022-01-21T15:00:00,-1.0,3.86,94.5,54.6,0.2
2022-01-21T16:00:00,-2.2,4.81,89.9,44.1,1.5
2022-01-21T17:00:00,-2.4,5.66,92.5,39.6,4.4
2022-01-21T18:00:00,-2.2,5.43,90.3,35.6,3.3
2022-01-21T19:00:00,-2.1,6.1,88.4,28.7,6.5
2022-01-21T20:00:00,-2.0,6.51,86.6,19.0,8.5
2022-01-21T21:00:00,-1.7,7.22,90.0,10.5,15.4
2022-01-21T22:00:00,-1.6,8.22,90.3,5.7,25.5
2022-01-21T23:00:00,-1.6,8.49,88.4,0.6,29.4
2022-01-22T00:00:00,-1.2,7.41,88.9,0.0,16.4
2022-01-22T01:00:00,-1.0,7.6,88.9,0.0,17.8
2022-01-22T02:00:00,-0.9,8.58,92.7,4.2,32.8
2022-01-22T03:00:00,-0.5,8.81,86.6,8.6,33.6
2022-01-22T04:00:00,-0.3,8.42,90.8,20.1,29.8
2022-01-22T05:00:00,0.1,7.88,88.5,25.0,22.7
2022-01-22T06:00:00,0.5,7.53,89.9,37.7,17.1
2022-01-22T07:00:00,0.6,6.36,89.1,41.2,7.8
2022-01-22T08:00:00,0.6,5.61,92.3,51.1,4.1
2022-01-22T09:00:00,0.8,4.85,87.3,60.1,1.6
2022-01-22T10:00:00,0.8,4.8,90.0,51.3,1.4
2022-01-22T11:00:00,0.5,5.91,90.1,56.0,5.5
2022-01-22T12:00:00,-0.2,6.83,92.6,55.3,11.0
2022-01-22T13:00:00,-0.6,6.6,90.6,52.9,9.3
2022-01-22T14:00:00,-0.9,6.6,87.2,58.9,9.6
2022-01-22T15:00:00,-1.4,6.75,95.4,54.9,11.2
2022-01-22T16:00:00,-1.7,6.79,86.5,48.7,11.1
2022-01-22T17:00:00,-2.1,7.34,90.6,33.2,15.7
2022-01-22T18:00:00,-2.3,7.6,87.6,30.5,18.8
2022-01-22T19:00:00,-2.7,7.69,91.7,27.1,19.0
2022-01-22T20:00:00,-3.1,7.75,89.6,15.8,19.7
2022-01-22T21:00:00,-3.6,7.42,87.7,11.4,17.1
2022-01-22T22:00:00,-3.7,7.35,91.0,4.7,15.5
2022-01-22T23:00:00,-3.7,7.4,92.6,0.0,16.6
2022-01-23T00:00:00,-2.8,6.9,87.6,0.0,12.2
2022-01-23T01:00:00,-2.7,7.29,86.3,0.0,15.7
2022-01-23T02:00:00,-2.1,7.18,92.7,3.5,13.9
2022-01-23T03:00:00,-1.5,6.5,93.6,10.5,9.1
2022-01-23T04:00:00,-1.0,6.15,90.4,14.5,7.0
2022-01-23T05:00:00,-0.6,5.82,89.7,24.5,5.2
2022-01-23T06:00:00,-0.4,5.39,91.0,31.8,3.3
2022-01-23T07:00:00,-0.1,4.59,87.1,33.1,1.1
2022-01-23T08:00:00,0.2,3.77,90.8,43.7,0.1
2022-01-23T09:00:00,0.3,2.31,89.6,46.6,0.0
2022-01-23T10:00:00,0.3,1.25,87.6,62.9,0.0
2022-01-23T11:00:00,-0.1,1.75,89.0,70.4,0.0
2022-01-23T12:00:00,-0.7,1.84,90.4,52.7,0.0
2022-01-23T13:00:00,-1.1,2.91,91.4,64.7,0.0
2022-01-23T14:00:00,-1.5,3.83,88.7,62.0,0.2
2022-01-23T15:00:00,-1.8,4.79,93.0,53.6,1.5
2022-01-23T16:00:00,-1.6,5.66,93.5,50.6,4.1
2022-01-23T17:00:00,-1.2,6.5,94.1,42.9,8.7
2022-01-23T18:00:00,-1.3,7.41,89.7,36.1,16.3
2022-01-23T19:00:00,-1.3,7.41,91.5,25.0,16.2
2022-01-23T20:00:00,-1.2,8.2,88.2,16.2,26.8
2022-01-23T21:00:00,-1.1,8.25,86.3,10.3,26.1
2022-01-23T22:00:00,-0.6,8.55,90.6,4.4,29.5
2022-01-23T23:00:00,-0.1,8.6,85.3,0.0,32.4
2022-01-24T00:00:00,-0.2,8.89,91.6,0.0,35.0
2022-01-24T01:00:00,-0.3,7.84,87.6,0.0,22.1
2022-01-24T02:00:00,-0.1,7.52,90.7,4.0,17.4
2022-01-24T03:00:00,0.4,7.71,89.1,9.4,20.7
2022-01-24T04:00:00,0.8,6.79,92.1,17.7,11.3
2022-01-24T05:00:00,1.2,6.4,87.8,25.6,8.2
2022-01-24T06:00:00,1.3,6.14,89.6,33.9,6.6
2022-01-24T07:00:00,1.4,4.97,93.4,38.7,1.9
2022-01-24T08:00:00,1.6,3.59,90.1,52.0,0.1
2022-01-24T09:00:00,1.7,3.01,90.2,53.3,0.0
2022-01-24T10:00:00,1.9,3.31,90.8,59.7,0.0
2022-01-24T11:00:00,2.2,4.5,91.3,67.1,0.9
2022-01-24T12:00:00,1.9,5.81,88.5,72.5,4.8
2022-01-24T13:00:00,1.5,5.52,88.4,56.6,3.8
2022-01-24T14:00:00,0.6,5.1,89.3,53.2,2.3
2022-01-24T15:00:00,0.4,5.42,88.1,54.4,3.1
2022-01-24T16:00:00,0.8,6.9,92.3,44.8,12.5
2022-01-24T17:00:00,0.1,6.8,89.8,40.2,10.7
2022-01-24T18:00:00,-0.1,7.12,85.1,35.3,13.7
2022-01-24T19:00:00,-0.0,7.3,87.4,24.0,15.7
2022-01-24T20:00:00,-0.2,8.0,90.1,18.3,22.8
2022-01-24T21:00:00,-0.2,8.71,91.9,9.9,31.9
2022-01-24T22:00:00,-0.4,8.92,89.9,3.6,35.5
2022-01-24T23:00:00,-0.7,9.2,87.9,0.0,42.1
2022-01-25T00:00:00,-1.0,10.1,90.5,0.0,60.6
2022-01-25T01:00:00,-0.9,9.54,89.4,0.0,46.1
2022-01-25T02:00:00,-0.4,8.72,91.5,3.5,32.6
2022-01-25T03:00:00,-0.5,8.01,89.9,10.3,22.2
2022-01-25T04:00:00,-0.2,7.2,92.0,17.7,15.2
2022-01-25T05:00:00,0.3,6.6,88.5,24.1,9.3
2022-01-25T06:00:00,0.7,5.91,92.0,27.1,5.4
2022-01-25T07:00:00,0.9,5.04,91.3,39.6,2.0
2022-01-25T08:00:00,1.0,4.81,91.0,48.5,1.5
2022-01-25T09:00:00,0.8,4.68,86.3,60.9,1.2
2022-01-25T10:00:00,0.7,4.22,95.5,66.8,0.5
2022-01-25T11:00:00,0.4,3.62,89.8,62.9,0.1
2022-01-25T12:00:00,0.6,4.24,88.9,71.9,0.5
2022-01-25T13:00:00,0.3,5.3,92.2,69.8,2.9
2022-01-25T14:00:00,-0.6,5.5,88.8,58.7,3.6
2022-01-25T15:00:00,-1.2,5.51,87.6,54.7,3.7
2022-01-25T16:00:00,-1.8,5.82,89.8,53.4,5.1
2022-01-25T17:00:00,-2.2,6.77,86.9,36.6,11.1
2022-01-25T18:00:00,-2.6,7.3,89.5,26.7,16.3
2022-01-25T19:00:00,-2.7,7.59,90.7,26.5,18.9
2022-01-25T20:00:00,-2.8,7.79,88.9,13.5,20.1
2022-01-25T21:00:00,-2.9,8.04,91.3,9.5,23.7
2022-01-25T22:00:00,-2.9,8.1,86.1,2.7,25.6
2022-01-25T23:00:00,-2.9,8.14,89.6,0.0,25.7
2022-01-26T00:00:00,-2.1,8.42,88.5,0.0,29.5
2022-01-26T01:00:00,-1.9,7.92,90.4,0.0,21.9
2022-01-26T02:00:00,-1.7,7.27,90.6,3.1,14.9
2022-01-26T03:00:00,-1.4,7.04,90.7,9.8,13.0
2022-01-26T04:00:00,-1.0,6.41,91.0,14.1,8.7
2022-01-26T05:00:00,-0.5,5.61,90.6,24.9,4.1
2022-01-26T06:00:00,-0.0,4.96,88.1,35.1,1.8
2022-01-26T07:00:00,0.3,4.39,91.6,38.8,0.7
2022-01-26T08:00:00,0.6,4.06,88.7,40.6,0.4
2022-01-26T09:00:00,0.6,3.92,86.2,54.7,0.2
2022-01-26T10:00:00,0.5,3.2,91.5,58.1,0.0
2022-01-26T11:00:00,0.2,2.8,88.2,53.7,0.0
2022-01-26T12:00:00,0.5,5.63,90.1,54.2,4.2
2022-01-26T13:00:00,0.6,6.43,89.4,57.6,8.9
2022-01-26T14:00:00,0.1,6.68,88.8,66.7,10.0
2022-01-26T15:00:00,-0.5,6.03,90.7,54.9,5.8
2022-01-26T16:00:00,-1.3,6.58,88.4,53.3,9.2
2022-01-26T17:00:00,-2.7,7.92,84.5,36.2,21.5
2022-01-26T18:00:00,-3.5,8.21,88.6,29.0,26.7
2022-01-26T19:00:00,-3.7,7.91,92.6,25.7,21.3
2022-01-26T20:00:00,-4.0,8.07,91.7,14.9,24.5
2022-01-26T21:00:00,-4.3,8.26,91.4,8.5,26.6
2022-01-26T22:00:00,-4.4,8.27,91.8,2.7,26.2
2022-01-26T23:00:00,-4.5,8.1,88.6,0.0,24.1
2022-01-27T00:00:00,-3.8,7.62,86.1,0.0,19.8
2022-01-27T01:00:00,-3.5,7.4,87.6,0.0,16.2
2022-01-27T02:00:00,-3.2,7.0,90.8,2.3,13.1
2022-01-27T03:00:00,-2.9,6.5,92.8,7.8,9.2
2022-01-27T04:00:00,-2.6,5.9,91.5,16.7,5.3
2022-01-27T05:00:00,-2.2,5.22,89.3,24.4,2.6
2022-01-27T06:00:00,-1.8,4.51,90.3,29.6,0.9
2022-01-27T07:00:00,-1.5,3.76,88.5,40.7,0.1
2022-01-27T08:00:00,-1.2,2.62,89.5,38.4,0.0
2022-01-27T09:00:00,-1.2,1.52,86.6,46.7,0.0
2022-01-27T10:00:00,-1.4,0.92,91.3,65.4,0.0
2022-01-27T11:00:00,-1.8,1.84,89.9,65.5,0.0
2022-01-27T12:00:00,-1.5,2.12,89.1,61.7,0.0
2022-01-27T13:00:00,-1.9,1.57,86.7,60.9,0.0
2022-01-27T14:00:00,-2.3,1.44,89.6,56.7,0.0
2022-01-27T15:00:00,-3.0,3.5,89.7,60.2,0.0
2022-01-27T16:00:00,-3.5,5.42,90.5,46.2,3.3
2022-01-27T17:00:00,-3.7,6.35,93.5,44.6,7.8
2022-01-27T18:00:00,-3.9,6.21,87.0,29.5,7.0
2022-01-27T19:00:00,-3.8,6.01,85.7,20.5,6.1
2022-01-27T20:00:00,-4.1,6.3,87.3,14.0,7.6
2022-01-27T21:00:00,-4.5,6.7,88.7,8.1,10.0
2022-01-27T22:00:00,-4.8,7.1,91.3,2.2,13.0
2022-01-27T23:00:00,-4.9,7.11,90.9,0.0,13.4
2022-01-28T00:00:00,-4.2,8.14,92.6,0.0,24.1
2022-01-28T01:00:00,-4.2,8.08,88.4,0.0,24.8
2022-01-28T02:00:00,-4.2,7.94,86.8,1.3,21.7
2022-01-28T03:00:00,-4.0,7.18,86.3,8.8,14.0
2022-01-28T04:00:00,-3.7,6.5,87.7,14.8,9.1
2022-01-28T05:00:00,-3.5,5.81,88.2,24.0,4.9
2022-01-28T06:00:00,-3.4,5.05,91.1,29.3,2.1
2022-01-28T07:00:00,-3.2,4.34,93.6,38.7,0.6
2022-01-28T08:00:00,-3.1,3.69,90.4,47.2,0.1
2022-01-28T09:00:00,-3.0,3.2,92.5,42.4,0.0
2022-01-28T10:00:00,-2.9,2.83,94.2,60.6,0.0
2022-01-28T11:00:00,-2.8,2.26,88.6,56.9,0.0
2022-01-28T12:00:00,-2.5,0.91,95.4,59.4,0.0
2022-01-28T13:00:00,-2.6,0.81,88.2,49.5,0.0
2022-01-28T14:00:00,-2.8,0.72,91.4,47.6,0.0
2022-01-28T15:00:00,-4.2,1.92,87.1,53.0,0.0
2022-01-28T16:00:00,-5.1,3.31,92.1,43.5,0.0
2022-01-28T17:00:00,-5.6,4.11,91.2,34.3,0.4
2022-01-28T18:00:00,-5.9,4.66,91.8,31.0,1.1
2022-01-28T19:00:00,-5.8,4.62,92.1,22.0,1.1
2022-01-28T20:00:00,-5.8,4.62,87.5,16.6,1.2
2022-01-28T21:00:00,-6.1,4.7,94.9,8.0,1.3
2022-01-28T22:00:00,-6.1,4.56,90.2,1.3,1.1
2022-01-28T23:00:00,-6.3,4.47,88.6,0.0,0.8
2022-01-29T00:00:00,-6.4,4.49,90.3,0.0,0.8
2022-01-29T01:00:00,-5.7,4.18,91.7,0.0,0.5
2022-01-29T02:00:00,-4.8,3.91,89.9,0.9,0.2
2022-01-29T03:00:00,-4.3,3.74,89.5,8.7,0.1
2022-01-29T04:00:00,-3.8,3.18,92.2,16.6,0.0
2022-01-29T05:00:00,-3.4,2.2,91.7,21.1,0.0
2022-01-29T06:00:00,-3.3,1.22,91.8,29.7,0.0
2022-01-29T07:00:00,-3.3,1.3,89.3,38.1,0.0
2022-01-29T08:00:00,-3.3,1.5,95.8,39.6,0.0
2022-01-29T09:00:00,-3.4,1.61,89.7,53.3,0.0
2022-01-29T10:00:00,-3.4,1.6,90.9,65.5,0.0
2022-01-29T11:00:00,-3.5,1.8,88.6,53.4,0.0
2022-01-29T12:00:00,-3.7,0.9,90.3,52.9,0.0
2022-01-29T13:00:00,-3.3,0.78,85.1,61.9,0.0
2022-01-29T14:00:00,-3.5,0.57,91.0,59.3,0.0
2022-01-29T15:00:00,-4.4,1.52,88.9,53.0,0.0
2022-01-29T16:00:00,-7.1,3.01,93.9,47.8,0.0
2022-01-29T17:00:00,-6.6,4.3,87.8,34.4,0.6
2022-01-29T18:00:00,-6.5,4.4,91.8,27.1,0.8
2022-01-29T19:00:00,-6.5,4.71,92.7,21.6,1.3
2022-01-29T20:00:00,-6.4,4.8,91.8,16.0,1.4
2022-01-29T21:00:00,-6.3,4.95,87.1,6.2,1.8
2022-01-29T22:00:00,-5.3,6.34,91.0,1.0,7.8
2022-01-29T23:00:00,-4.6,7.3,91.8,0.0,15.0
2022-01-30T00:00:00,-3.1,8.16,92.0,0.0,24.7
2022-01-30T01:00:00,-2.2,8.35,91.3,0.0,26.9
2022-01-30T02:00:00,-1.7,7.04,90.7,0.1,13.1
2022-01-30T03:00:00,-1.3,5.65,88.3,5.9,4.4
2022-01-30T04:00:00,-0.7,4.66,90.7,12.8,1.2
2022-01-30T05:00:00,-0.4,4.19,90.9,19.6,0.5
2022-01-30T06:00:00,-0.1,3.04,89.3,27.7,0.0
2022-01-30T07:00:00,0.3,1.14,89.1,37.1,0.0
2022-01-30T08:00:00,0.5,1.03,91.3,39.5,0.0
2022-01-30T09:00:00,1.1,3.91,90.5,50.8,0.2
2022-01-30T10:00:00,1.1,5.31,92.6,50.1,2.9
2022-01-30T11:00:00,0.7,4.72,89.8,57.7,1.4
2022-01-30T12:00:00,0.4,4.4,94.0,49.7,0.8
2022-01-30T13:00:00,-0.2,2.95,88.8,64.2,0.0
2022-01-30T14:00:00,-0.7,2.73,86.4,62.3,0.0
2022-01-30T15:00:00,-0.5,4.9,90.5,57.7,1.6
2022-01-30T16:00:00,-0.3,7.27,89.0,40.2,14.9
2022-01-30T17:00:00,-0.6,7.64,90.0,30.8,18.1
2022-01-30T18:00:00,-0.7,8.0,88.9,25.4,24.2
2022-01-30T19:00:00,-0.8,8.18,91.9,25.1,26.3
2022-01-30T20:00:00,-0.8,8.61,88.2,12.4,31.5
2022-01-30T21:00:00,-0.9,9.07,90.7,6.0,41.0
2022-01-30T22:00:00,-1.0,9.53,89.4,0.1,49.3
2022-01-30T23:00:00,-0.9,10.02,89.3,0.0,60.7
2022-01-31T00:00:00,-0.8,10.02,90.9,0.0,56.1
2022-01-31T01:00:00,-0.7,9.8,90.2,0.0,54.3
2022-01-31T02:00:00,-0.6,10.02,93.0,0.0,59.9
2022-01-31T03:00:00,-0.5,9.68,88.7,5.9,51.3
2022-01-31T04:00:00,-0.3,9.02,89.9,15.2,38.1
2022-01-31T05:00:00,-0.4,7.71,91.8,21.1,19.6
2022-01-31T06:00:00,-0.4,6.93,89.7,29.2,11.9
2022-01-31T07:00:00,-0.0,7.2,91.3,36.4,14.5
2022-01-31T08:00:00,-0.2,6.96,89.1,37.3,12.8
2022-01-31T09:00:00,-0.3,6.26,88.7,57.8,7.5
2022-01-31T10:00:00,-0.6,4.91,89.0,59.4,1.7
2022-01-31T11:00:00,-0.3,3.94,91.2,60.4,0.2
2022-01-31T12:00:00,-0.6,3.26,93.1,68.8,0.0
2022-01-31T13:00:00,-0.9,2.55,91.0,68.6,0.0
2022-01-31T14:00:00,-1.3,1.75,89.2,58.6,0.0
2022-01-31T15:00:00,-1.4,2.3,93.0,54.7,0.0
2022-01-31T16:00:00,-1.4,3.61,92.3,45.5,0.1
2022-01-31T17:00:00,-1.6,4.69,91.6,38.0,1.2
2022-01-31T18:00:00,-1.5,5.49,86.8,33.4,3.6
2022-01-31T19:00:00,-1.5,5.64,89.7,19.6,4.1
2022-01-31T20:00:00,-1.6,5.31,92.5,14.1,2.9
2022-01-31T21:00:00,-1.7,5.3,92.1,7.5,2.7
2022-01-31T22:00:00,-2.0,5.7,87.4,0.0,4.5
2022-01-31T23:00:00,-2.5,5.9,90.3,0.0,5.5
2022-02-01T00:00:00,-1.5,5.2,90.9,0.0,2.5
2022-02-01T01:00:00,-1.7,6.2,91.7,0.0,6.9
2022-02-01T02:00:00,-1.9,6.4,90.9,0.0,8.6
2022-02-01T03:00:00,-1.9,6.21,89.7,5.8,6.8
2022-02-01T04:00:00,-1.8,5.6,88.6,12.6,4.1
2022-02-01T05:00:00,-1.7,4.93,87.6,24.1,1.9
2022-02-01T06:00:00,-1.5,4.57,87.3,25.8,1.0
2022-02-01T07:00:00,-1.5,4.61,88.9,30.9,1.1
2022-02-01T08:00:00,-1.6,4.65,87.2,42.7,1.2
2022-02-01T09:00:00,-1.7,4.35,91.3,47.6,0.7
2022-02-01T10:00:00,-1.8,4.13,90.1,57.2,0.4
2022-02-01T11:00:00,-1.8,3.44,89.7,61.4,0.0
2022-02-01T12:00:00,-1.4,2.15,88.4,65.5,0.0
2022-02-01T13:00:00,-1.5,2.91,88.5,50.5,0.0
2022-02-01T14:00:00,-2.8,4.96,89.2,61.3,1.8
2022-02-01T15:00:00,-4.0,5.56,94.2,54.2,3.9
2022-02-01T16:00:00,-4.5,6.1,87.2,44.4,6.2
2022-02-01T17:00:00,-4.9,6.61,89.9,34.7,9.6
2022-02-01T18:00:00,-4.9,7.51,88.4,25.9,17.1
2022-02-01T19:00:00,-4.3,8.17,93.2,22.8,24.5
2022-02-01T20:00:00,-3.9,7.83,87.9,14.0,21.3
2022-02-01T21:00:00,-4.0,6.0,87.2,6.4,5.8
2022-02-01T22:00:00,-4.1,5.8,92.6,0.0,4.8
2022-02-01T23:00:00,-4.0,5.5,89.6,0.0,3.8
2022-02-02T00:00:00,-3.4,5.92,90.4,0.0,5.6
2022-02-02T01:00:00,-2.6,5.52,86.6,0.0,3.5
2022-02-02T02:00:00,-2.0,5.9,91.9,0.0,5.3
2022-02-02T03:00:00,-1.7,6.62,91.1,5.0,9.8
2022-02-02T04:00:00,-1.4,6.23,85.5,13.7,6.9
2022-02-02T05:00:00,-1.0,5.15,87.8,20.6,2.3
2022-02-02T06:00:00,-0.6,4.22,90.4,29.8,0.5
2022-02-02T07:00:00,-0.4,3.79,86.4,37.7,0.2
2022-02-02T08:00:00,-0.4,3.81,88.5,42.5,0.2
2022-02-02T09:00:00,-0.4,3.71,89.4,55.0,0.1
2022-02-02T10:00:00,-0.4,3.45,90.8,59.8,0.0
2022-02-02T11:00:00,-0.6,3.62,88.2,66.2,0.1
2022-02-02T12:00:00,-0.5,4.59,91.8,55.9,1.0
2022-02-02T13:00:00,-0.4,5.75,92.7,61.8,4.5
2022-02-02T14:00:00,-0.1,4.95,92.2,46.1,1.9
2022-02-02T15:00:00,-0.5,4.5,90.2,45.8,0.9
2022-02-02T16:00:00,-0.4,5.22,94.1,43.9,2.6
2022-02-02T17:00:00,-0.8,6.13,87.5,38.2,6.2
2022-02-02T18:00:00,-0.8,6.2,88.5,25.8,7.2
2022-02-02T19:00:00,-0.8,6.21,88.7,24.2,7.4
2022-02-02T20:00:00,-0.9,6.53,89.2,12.6,9.0
2022-02-02T21:00:00,-1.0,6.84,91.0,4.6,10.8
2022-02-02T22:00:00,-1.3,6.93,84.3,0.0,11.9
2022-02-02T23:00:00,-1.4,7.24,86.4,0.0,14.2
2022-02-03T00:00:00,-1.5,7.12,89.2,0.0,14.5
2022-02-03T01:00:00,-1.5,7.23,87.1,0.0,14.3
2022-02-03T02:00:00,-1.4,6.6,89.7,0.0,9.6
2022-02-03T03:00:00,-1.3,5.5,91.3,4.5,3.5
2022-02-03T04:00:00,-1.2,5.11,91.3,13.8,2.4
2022-02-03T05:00:00,-0.8,4.32,90.2,20.1,0.7
2022-02-03T06:00:00,-0.5,3.52,90.9,27.7,0.1
2022-02-03T07:00:00,-0.3,3.13,92.6,31.1,0.0
2022-02-03T08:00:00,-0.3,2.86,91.0,46.9,0.0
2022-02-03T09:00:00,-0.3,2.05,89.6,44.0,0.0
2022-02-03T10:00:00,-0.4,0.86,88.9,59.1,0.0
2022-02-03T11:00:00,-0.6,0.63,87.5,54.2,0.0
2022-02-03T12:00:00,-0.7,1.9,90.6,52.5,0.0
2022-02-03T13:00:00,-1.2,4.18,85.4,67.5,0.5
2022-02-03T14:00:00,-1.8,5.73,88.5,52.1,4.5
2022-02-03T15:00:00,-2.6,6.23,96.1,50.4,7.3
2022-02-03T16:00:00,-3.0,6.6,91.2,46.1,9.1
2022-02-03T17:00:00,-3.3,7.5,86.6,30.8,17.8
2022-02-03T18:00:00,-3.5,7.81,88.8,23.4,21.6
2022-02-03T19:00:00,-3.6,8.15,90.8,21.8,26.0
2022-02-03T20:00:00,-3.7,8.08,92.7,13.4,24.6
2022-02-03T21:00:00,-3.7,7.83,86.3,4.6,21.8
2022-02-03T22:00:00,-3.9,7.52,89.4,0.0,18.4
2022-02-03T23:00:00,-4.1,7.62,88.2,0.0,19.7
2022-02-04T00:00:00,-3.2,8.17,88.5,0.0,26.4
2022-02-04T01:00:00,-3.0,7.88,90.5,0.0,22.4
2022-02-04T02:00:00,-2.8,7.37,90.4,0.0,16.0
2022-02-04T03:00:00,-2.6,7.07,92.5,3.9,13.1
2022-02-04T04:00:00,-2.4,6.66,90.8,10.3,10.2
2022-02-04T05:00:00,-2.2,6.24,88.5,22.1,7.5
2022-02-04T06:00:00,-1.8,5.53,88.8,32.4,3.9
2022-02-04T07:00:00,-1.6,5.29,88.9,34.8,2.7
2022-02-04T08:00:00,-1.3,4.85,91.1,49.4,1.6
2022-02-04T09:00:00,-1.2,4.15,88.8,47.9,0.4
2022-02-04T10:00:00,-1.0,3.42,93.2,54.8,0.0
2022-02-04T11:00:00,-1.0,2.93,87.3,49.4,0.0
2022-02-04T12:00:00,-0.5,0.95,90.3,52.6,0.0
2022-02-04T13:00:00,-1.8,3.08,92.3,66.6,0.0
2022-02-04T14:00:00,-2.6,5.75,88.7,53.4,4.4
2022-02-04T15:00:00,-3.2,6.81,92.7,40.7,10.7
2022-02-04T16:00:00,-3.8,7.41,91.9,50.2,17.5
2022-02-04T17:00:00,-4.3,7.22,91.8,41.4,15.3
2022-02-04T18:00:00,-4.4,8.22,86.2,27.9,25.7
2022-02-04T19:00:00,-4.5,8.3,90.1,18.2,27.0
2022-02-04T20:00:00,-4.7,8.71,87.9,13.3,31.6
2022-02-04T21:00:00,-4.6,8.52,88.5,4.9,30.6
2022-02-04T22:00:00,-4.8,8.73,91.5,0.0,33.9
2022-02-04T23:00:00,-4.8,8.74,89.2,0.0,35.3
2022-02-05T00:00:00,-4.0,7.33,91.9,0.0,15.2
2022-02-05T01:00:00,-3.6,7.57,90.2,0.0,17.4
2022-02-05T02:00:00,-2.9,8.1,86.3,0.0,24.4
2022-02-05T03:00:00,-2.5,7.71,87.8,4.2,20.7
2022-02-05T04:00:00,-2.7,7.94,87.5,10.4,23.4
2022-02-05T05:00:00,-2.2,7.8,89.5,19.2,21.3
2022-02-05T06:00:00,-1.7,8.03,90.6,31.0,24.2
2022-02-05T07:00:00,-1.4,7.75,86.0,40.8,19.8
2022-02-05T08:00:00,-1.2,8.49,91.1,45.3,30.4
2022-02-05T09:00:00,-1.3,9.24,87.8,44.6,42.0
2022-02-05T10:00:00,-1.3,9.32,89.4,54.6,44.4
2022-02-05T11:00:00,-1.3,9.56,89.6,61.9,47.9
2022-02-05T12:00:00,-1.1,10.24,90.0,62.4,65.2
2022-02-05T13:00:00,-1.1,10.81,88.7,47.0,81.6
2022-02-05T14:00:00,-0.9,10.84,91.5,59.4,77.7
2022-02-05T15:00:00,-1.1,10.78,90.0,46.6,73.7
2022-02-05T16:00:00,-1.3,11.58,89.8,48.9,99.2
2022-02-05T17:00:00,-1.4,12.33,92.3,37.9,114.3
2022-02-05T18:00:00,-1.5,12.97,90.7,31.4,109.1
2022-02-05T19:00:00,-1.6,13.12,87.9,18.7,118.7
2022-02-05T20:00:00,-1.6,13.01,92.2,11.9,115.0
2022-02-05T21:00:00,-1.7,12.8,92.7,3.4,109.2
2022-02-05T22:00:00,-1.7,12.3,90.6,0.0,117.7
2022-02-05T23:00:00,-1.8,12.3,86.9,0.0,116.8
2022-02-06T00:00:00,-1.7,11.6,87.3,0.0,99.6
2022-02-06T01:00:00,-1.2,10.9,90.2,0.0,83.5
2022-02-06T02:00:00,-1.0,11.3,93.6,0.0,93.9
2022-02-06T03:00:00,-1.1,11.7,93.7,3.5,109.4
2022-02-06T04:00:00,-1.0,11.9,94.2,10.6,111.2
2022-02-06T05:00:00,-0.9,11.91,89.5,16.1,109.4
2022-02-06T06:00:00,-0.8,11.3,90.5,29.6,93.8
2022-02-06T07:00:00,-0.4,10.2,91.2,36.4,59.7
2022-02-06T08:00:00,-0.3,9.41,90.6,46.1,45.3
2022-02-06T09:00:00,-0.2,7.84,91.7,45.4,21.6
2022-02-06T10:00:00,-0.3,7.01,87.1,50.1,12.4
2022-02-06T11:00:00,-0.4,7.38,90.4,47.3,15.7
2022-02-06T12:00:00,-0.5,7.53,90.1,66.0,18.3
2022-02-06T13:00:00,-0.7,7.28,91.5,48.2,15.3
2022-02-06T14:00:00,-0.9,6.85,88.7,62.0,11.7
2022-02-06T15:00:00,-1.0,7.1,94.2,55.7,12.9
2022-02-06T16:00:00,-1.2,7.9,86.4,36.0,21.2
2022-02-06T17:00:00,-1.3,8.6,89.9,37.7,33.2
2022-02-06T18:00:00,-1.5,9.03,88.7,26.9,36.6
2022-02-06T19:00:00,-1.6,9.55,92.0,19.1,46.3
2022-02-06T20:00:00,-1.6,9.69,88.9,12.2,51.8
2022-02-06T21:00:00,-1.6,9.29,88.7,3.2,45.3
2022-02-06T22:00:00,-1.8,8.97,91.2,0.0,38.9
2022-02-06T23:00:00,-1.8,8.64,91.9,0.0,31.4
2022-02-07T00:00:00,-1.5,10.3,92.1,0.0,67.1
2022-02-07T01:00:00,-1.5,9.53,89.1,0.0,47.0
2022-02-07T02:00:00,-1.5,8.9,91.8,0.0,35.8
2022-02-07T03:00:00,-1.3,7.84,88.6,2.4,21.3
2022-02-07T04:00:00,-1.0,7.02,86.5,11.6,13.2
2022-02-07T05:00:00,-1.0,7.01,92.3,18.7,12.9
2022-02-07T06:00:00,-1.1,6.87,89.1,23.3,11.7
2022-02-07T07:00:00,-0.8,6.41,88.2,33.7,8.1
2022-02-07T08:00:00,-0.8,6.01,89.4,34.4,6.1
2022-02-07T09:00:00,-0.8,5.31,92.4,52.9,2.9
2022-02-07T10:00:00,-0.7,4.82,90.6,43.8,1.5
2022-02-07T11:00:00,-1.0,4.8,91.4,58.2,1.5
2022-02-07T12:00:00,-1.3,4.55,87.4,47.5,0.9
2022-02-07T13:00:00,-1.8,5.87,91.7,50.0,5.2
2022-02-07T14:00:00,-2.4,6.49,90.3,58.8,8.4
2022-02-07T15:00:00,-2.8,7.26,91.5,55.7,15.3
2022-02-07T16:00:00,-3.1,7.5,87.6,39.5,17.1
2022-02-07T17:00:00,-3.4,8.11,90.7,31.9,24.7
2022-02-07T18:00:00,-3.6,8.11,87.5,22.0,25.5
2022-02-07T19:00:00,-3.9,8.13,88.8,15.3,25.3
2022-02-07T20:00:00,-4.1,8.45,91.2,9.4,30.9
2022-02-07T21:00:00,-4.2,8.34,88.8,2.8,28.1
2022-02-07T22:00:00,-4.5,8.26,89.8,0.0,27.7
2022-02-07T23:00:00,-4.6,8.2,89.9,0.0,26.0
2022-02-08T00:00:00,-4.1,8.22,89.4,0.0,27.3
2022-02-08T01:00:00,-4.0,7.74,89.8,0.0,19.7
2022-02-08T02:00:00,-3.7,7.13,92.8,0.0,14.5
2022-02-08T03:00:00,-3.3,6.51,91.5,1.5,9.4
2022-02-08T04:00:00,-2.8,5.91,86.2,9.4,5.4
2022-02-08T05:00:00,-2.3,5.06,86.5,15.2,2.2
2022-02-08T06:00:00,-2.0,4.66,89.7,29.7,1.2
2022-02-08T07:00:00,-1.8,4.12,90.6,36.3,0.4
2022-02-08T08:00:00,-1.8,3.67,90.2,44.2,0.1
2022-02-08T09:00:00,-1.7,3.26,89.1,53.0,0.0
2022-02-08T10:00:00,-1.8,2.64,92.6,55.9,0.0
2022-02-08T11:00:00,-2.2,1.96,89.5,57.6,0.0
2022-02-08T12:00:00,-2.6,1.53,88.4,63.5,0.0
2022-02-08T13:00:00,-3.1,2.65,91.2,58.0,0.0
2022-02-08T14:00:00,-3.0,4.51,91.0,55.8,0.9
2022-02-08T15:00:00,-3.0,5.41,89.5,41.1,3.3
2022-02-08T16:00:00,-3.1,5.81,92.5,36.0,4.8
2022-02-08T17:00:00,-3.1,6.63,89.5,39.1,10.1
2022-02-08T18:00:00,-3.0,7.34,92.0,23.2,16.6
2022-02-08T19:00:00,-2.6,8.01,89.0,19.1,23.2
2022-02-08T20:00:00,-2.5,8.65,90.3,11.2,32.5
2022-02-08T21:00:00,-2.8,8.8,89.9,1.8,34.6
2022-02-08T22:00:00,-2.8,8.66,90.3,0.0,34.1
2022-02-08T23:00:00,-2.7,8.63,90.4,0.0,31.7
2022-02-09T00:00:00,-2.2,9.4,89.3,0.0,47.6
2022-02-09T01:00:00,-2.1,8.53,88.6,0.0,30.0
2022-02-09T02:00:00,-2.1,8.11,90.8,0.0,25.9
2022-02-09T03:00:00,-1.7,7.6,89.9,1.2,19.0
2022-02-09T04:00:00,-1.2,7.48,91.1,9.0,17.0
2022-02-09T05:00:00,-0.8,7.15,89.3,17.7,14.1
2022-02-09T06:00:00,-0.6,6.35,90.9,28.1,8.2
2022-02-09T07:00:00,-0.3,5.25,89.6,38.3,2.8
2022-02-09T08:00:00,-0.1,4.24,89.9,41.7,0.6
2022-02-09T09:00:00,0.1,4.03,87.7,47.6,0.3
2022-02-09T10:00:00,0.2,4.24,86.7,45.0,0.5
2022-02-09T11:00:00,0.2,5.25,90.8,48.9,2.6
2022-02-09T12:00:00,0.6,8.1,91.2,59.0,25.0
2022-02-09T13:00:00,0.1,8.44,90.3,54.5,28.3
2022-02-09T14:00:00,-0.4,8.61,90.8,45.9,32.1
2022-02-09T15:00:00,-0.9,8.7,90.4,41.4,32.8
2022-02-09T16:00:00,-1.4,9.36,92.0,36.0,44.0
2022-02-09T17:00:00,-1.5,11.48,93.0,31.1,98.1
2022-02-09T18:00:00,-1.6,13.34,87.0,23.2,116.3
2022-02-09T19:00:00,-1.8,14.21,89.9,17.1,114.3
2022-02-09T20:00:00,-2.0,14.29,89.8,10.9,111.3
2022-02-09T21:00:00,-2.3,14.22,85.8,1.1,119.7
2022-02-09T22:00:00,-2.8,13.06,86.7,0.0,110.5
2022-02-09T23:00:00,-3.1,13.03,92.2,0.0,114.7
2022-02-10T00:00:00,-2.3,12.41,88.2,0.0,112.6
2022-02-10T01:00:00,-2.6,11.2,87.7,0.0,92.3
2022-02-10T02:00:00,-2.6,10.9,91.8,0.0,79.3
2022-02-10T03:00:00,-2.4,10.76,86.7,0.1,79.6
2022-02-10T04:00:00,-2.2,10.18,91.3,9.4,65.2
2022-02-10T05:00:00,-1.9,9.46,90.9,15.8,45.6
2022-02-10T06:00:00,-1.5,9.57,91.2,23.0,47.4
2022-02-10T07:00:00,-1.3,8.45,91.7,30.1,28.1
2022-02-10T08:00:00,-1.1,7.3,93.5,36.5,16.1
2022-02-10T09:00:00,-1.1,6.6,89.4,53.5,10.0
2022-02-10T10:00:00,-1.3,6.2,93.6,53.2,6.8
2022-02-10T11:00:00,-1.6,5.9,90.2,51.9,5.6
2022-02-10T12:00:00,-1.7,5.71,86.3,53.3,4.7
2022-02-10T13:00:00,-2.3,5.5,88.1,62.6,3.7
2022-02-10T14:00:00,-2.9,5.83,89.9,47.1,5.2
2022-02-10T15:00:00,-3.6,6.2,88.8,43.7,7.0
2022-02-10T16:00:00,-4.1,6.73,91.0,37.2,10.6
2022-02-10T17:00:00,-4.2,7.28,89.9,34.0,14.7
2022-02-10T18:00:00,-4.2,7.73,91.9,21.0,21.0
2022-02-10T19:00:00,-4.1,8.31,88.8,19.1,27.6
2022-02-10T20:00:00,-4.1,9.31,88.9,7.6,45.6
2022-02-10T21:00:00,-4.1,9.69,89.6,0.1,53.7
2022-02-10T22:00:00,-4.3,10.06,92.8,0.0,57.4
2022-02-10T23:00:00,-4.5,10.04,89.7,0.0,59.8
2022-02-11T00:00:00,-4.4,9.67,89.0,0.0,49.3
2022-02-11T01:00:00,-4.3,9.45,89.7,0.0,44.8
2022-02-11T02:00:00,-3.9,9.1,86.6,0.0,39.1
2022-02-11T03:00:00,-3.4,8.66,95.1,0.0,33.5
2022-02-11T04:00:00,-2.7,8.32,90.6,7.4,28.8
2022-02-11T05:00:00,-2.0,8.68,89.4,16.8,31.6
2022-02-11T06:00:00,-2.0,7.72,91.0,24.5,20.8
2022-02-11T07:00:00,-1.9,7.38,90.9,35.2,15.7
2022-02-11T08:00:00,-1.5,6.8,88.2,43.9,10.6
2022-02-11T09:00:00,-1.2,6.62,89.2,50.3,9.7
2022-02-11T10:00:00,-0.9,5.25,88.6,53.4,2.7
2022-02-11T11:00:00,-0.6,4.34,89.0,53.7,0.7
2022-02-11T12:00:00,-0.7,4.63,92.1,55.7,1.1
2022-02-11T13:00:00,-0.9,4.77,89.3,45.6,1.4
2022-02-11T14:00:00,-0.7,5.43,89.4,56.6,3.5
2022-02-11T15:00:00,-0.5,5.23,92.8,41.9,2.7
2022-02-11T16:00:00,-0.9,4.95,87.1,42.1,1.8
2022-02-11T17:00:00,-0.8,6.89,88.7,38.2,12.0
2022-02-11T18:00:00,-0.7,6.51,88.5,20.5,9.0
2022-02-11T19:00:00,-1.1,6.4,89.7,16.8,8.1
2022-02-11T20:00:00,-0.8,7.66,90.2,8.9,18.5
2022-02-11T21:00:00,-1.0,6.8,89.6,0.0,11.0
2022-02-11T22:00:00,-1.1,6.17,90.4,0.0,6.6
2022-02-11T23:00:00,-1.3,7.2,92.1,0.0,15.1
2022-02-12T00:00:00,-1.4,8.98,93.2,0.0,36.6
2022-02-12T01:00:00,-1.4,8.59,90.2,0.0,32.9
2022-02-12T02:00:00,-1.3,7.48,89.7,0.0,18.1
2022-02-12T03:00:00,-1.5,6.5,87.5,0.0,9.0
2022-02-12T04:00:00,-1.4,5.51,89.8,7.8,3.6
2022-02-12T05:00:00,-1.2,4.33,91.3,18.7,0.7
2022-02-12T06:00:00,-1.0,3.35,87.9,23.5,0.0
2022-02-12T07:00:00,-0.9,2.68,89.3,28.8,0.0
2022-02-12T08:00:00,-1.0,2.83,92.7,33.2,0.0
2022-02-12T09:00:00,-1.3,3.36,89.5,40.2,0.0
2022-02-12T10:00:00,-1.7,3.26,89.2,51.5,0.0
2022-02-12T11:00:00,-2.3,3.27,91.1,52.4,0.0
2022-02-12T12:00:00,-2.4,3.04,88.0,51.4,0.0
2022-02-12T13:00:00,-3.0,3.27,88.3,45.8,0.0
2022-02-12T14:00:00,-3.7,4.27,89.3,44.9,0.6
2022-02-12T15:00:00,-4.2,5.36,89.4,46.9,3.1
2022-02-12T16:00:00,-4.5,5.92,91.2,38.5,5.6
2022-02-12T17:00:00,-4.7,5.79,89.8,36.5,5.0
2022-02-12T18:00:00,-4.9,5.61,89.9,24.5,4.1
2022-02-12T19:00:00,-5.1,5.73,91.3,16.0,4.7
2022-02-12T20:00:00,-5.2,5.49,87.2,6.6,3.4
2022-02-12T21:00:00,-5.3,5.33,91.7,0.0,2.8
2022-02-12T22:00:00,-5.3,5.31,90.1,0.0,2.9
2022-02-12T23:00:00,-5.4,5.51,89.4,0.0,3.5
2022-02-13T00:00:00,-4.2,6.58,90.3,0.0,9.8
2022-02-13T01:00:00,-3.9,6.02,90.2,0.0,5.8
2022-02-13T02:00:00,-3.7,5.46,89.6,0.0,3.3
2022-02-13T03:00:00,-3.4,5.04,91.8,0.0,2.0
2022-02-13T04:00:00,-3.1,4.63,90.9,7.7,1.2
2022-02-13T05:00:00,-2.8,4.46,90.8,13.1,0.8
2022-02-13T06:00:00,-2.6,4.21,91.1,25.5,0.5
2022-02-13T07:00:00,-2.5,3.72,90.6,36.0,0.1
2022-02-13T08:00:00,-2.4,2.59,90.2,32.7,0.0
2022-02-13T09:00:00,-2.3,1.58,89.0,46.6,0.0
2022-02-13T10:00:00,-2.5,1.14,84.6,43.9,0.0
2022-02-13T11:00:00,-3.1,1.66,88.2,48.0,0.0
2022-02-13T12:00:00,-3.0,1.25,89.9,58.0,0.0
2022-02-13T13:00:00,-4.3,2.14,86.7,53.5,0.0
2022-02-13T14:00:00,-4.6,3.51,89.0,54.6,0.0
2022-02-13T15:00:00,-4.8,5.0,90.1,44.5,1.9
2022-02-13T16:00:00,-5.2,5.8,87.9,32.7,4.9
2022-02-13T17:00:00,-5.5,5.82,91.0,27.5,4.7
2022-02-13T18:00:00,-5.7,5.77,90.0,26.0,4.8
2022-02-13T19:00:00,-5.9,5.61,87.6,13.2,4.0
2022-02-13T20:00:00,-6.1,5.53,85.9,8.0,3.8
2022-02-13T21:00:00,-6.2,5.39,90.1,0.0,3.3
2022-02-13T22:00:00,-6.4,5.29,90.7,0.0,2.8
2022-02-13T23:00:00,-6.4,5.26,91.5,0.0,2.8
2022-02-14T00:00:00,-6.6,4.22,87.0,0.0,0.5
2022-02-14T01:00:00,-5.6,4.3,90.4,0.0,0.6
2022-02-14T02:00:00,-5.2,4.49,89.1,0.0,0.9
2022-02-14T03:00:00,-4.8,4.43,88.7,0.0,0.8
2022-02-14T04:00:00,-4.3,4.0,88.7,6.1,0.3
2022-02-14T05:00:00,-3.8,3.52,90.9,16.3,0.0
2022-02-14T06:00:00,-3.3,2.28,88.2,25.0,0.0
2022-02-14T07:00:00,-2.9,1.24,89.2,33.1,0.0
2022-02-14T08:00:00,-2.8,1.7,92.2,38.3,0.0
2022-02-14T09:00:00,-3.1,3.26,89.9,49.1,0.0
2022-02-14T10:00:00,-3.3,3.83,89.5,56.4,0.2
2022-02-14T11:00:00,-3.7,3.47,90.9,56.9,0.0
2022-02-14T12:00:00,-5.0,2.22,86.7,56.7,0.0
2022-02-14T13:00:00,-5.3,2.9,90.6,62.3,0.0
2022-02-14T14:00:00,-5.5,3.86,86.7,52.4,0.2
2022-02-14T15:00:00,-5.7,4.71,93.4,38.2,1.3
2022-02-14T16:00:00,-5.8,5.38,94.6,36.0,3.2
2022-02-14T17:00:00,-5.8,5.82,89.8,35.8,4.9
2022-02-14T18:00:00,-5.8,6.11,91.1,23.9,6.8
2022-02-14T19:00:00,-5.9,6.21,87.5,15.4,7.1
2022-02-14T20:00:00,-6.1,6.3,90.7,6.2,7.8
2022-02-14T21:00:00,-6.1,6.7,89.4,0.0,10.6
2022-02-14T22:00:00,-6.0,7.01,88.2,0.0,13.3
2022-02-14T23:00:00,-5.6,7.22,91.3,0.0,15.0
2022-02-15T00:00:00,-5.5,7.55,90.3,0.0,18.4
2022-02-15T01:00:00,-5.0,7.53,91.1,0.0,18.2
2022-02-15T02:00:00,-4.6,7.03,88.9,0.0,13.2
2022-02-15T03:00:00,-4.1,6.61,92.9,0.0,9.6
2022-02-15T04:00:00,-3.7,5.81,87.5,5.3,4.9
2022-02-15T05:00:00,-3.6,4.28,87.9,14.2,0.6
2022-02-15T06:00:00,-3.4,2.94,91.2,20.3,0.0
2022-02-15T07:00:00,-3.3,2.26,87.1,36.1,0.0
2022-02-15T08:00:00,-3.4,1.75,86.5,34.9,0.0
2022-02-15T09:00:00,-3.6,1.41,90.6,41.9,0.0
2022-02-15T10:00:00,-4.0,1.17,90.7,49.1,0.0
2022-02-15T11:00:00,-4.1,0.94,89.1,58.8,0.0
2022-02-15T12:00:00,-4.8,1.8,90.8,59.0,0.0
2022-02-15T13:00:00,-4.8,1.55,88.9,45.4,0.0
2022-02-15T14:00:00,-5.8,1.92,88.6,42.4,0.0
2022-02-15T15:00:00,-7.3,3.09,90.7,37.9,0.0
2022-02-15T16:00:00,-7.3,3.81,92.8,43.0,0.2
2022-02-15T17:00:00,-7.2,4.22,93.9,31.6,0.5
2022-02-15T18:00:00,-7.2,4.56,93.4,22.2,1.0
2022-02-15T19:00:00,-7.3,4.87,88.9,15.9,1.7
2022-02-15T20:00:00,-7.5,5.07,91.2,5.9,2.2
2022-02-15T21:00:00,-7.6,5.16,90.4,0.0,2.4
2022-02-15T22:00:00,-7.8,5.03,88.8,0.0,2.1
2022-02-15T23:00:00,-7.9,5.03,89.3,0.0,1.9
2022-02-16T00:00:00,-7.0,4.62,90.6,0.0,1.1
2022-02-16T01:00:00,-6.2,4.31,93.9,0.0,0.7
2022-02-16T02:00:00,-5.6,3.89,88.3,0.0,0.2
2022-02-16T03:00:00,-5.1,3.57,93.2,0.0,0.1
2022-02-16T04:00:00,-4.8,3.61,91.9,5.1,0.1
2022-02-16T05:00:00,-4.5,3.61,89.4,14.4,0.1
2022-02-16T06:00:00,-4.3,3.1,89.3,26.0,0.0
2022-02-16T07:00:00,-4.1,2.73,90.7,35.3,0.0
2022-02-16T08:00:00,-4.0,2.55,87.4,36.1,0.0
2022-02-16T09:00:00,-4.0,2.24,89.7,43.2,0.0
2022-02-16T10:00:00,-4.0,2.19,93.0,43.6,0.0
2022-02-16T11:00:00,-4.4,2.21,85.2,44.4,0.0
2022-02-16T12:00:00,-4.2,3.2,88.3,53.3,0.0
2022-02-16T13:00:00,-4.7,4.03,89.4,50.3,0.3
2022-02-16T14:00:00,-5.3,5.12,89.3,54.0,2.2
2022-02-16T15:00:00,-5.9,5.73,90.6,40.5,4.3
2022-02-16T16:00:00,-6.0,5.73,91.4,40.5,4.8
2022-02-16T17:00:00,-6.0,5.85,88.8,31.0,4.9
2022-02-16T18:00:00,-5.3,5.69,92.4,20.9,4.4
2022-02-16T19:00:00,-4.7,5.7,88.2,13.0,4.2
2022-02-16T20:00:00,-4.8,5.81,89.8,4.5,4.9
2022-02-16T21:00:00,-4.8,5.3,89.0,0.0,3.0
2022-02-16T22:00:00,-4.7,5.0,89.7,0.0,2.0
2022-02-16T23:00:00,-5.0,5.11,92.9,0.0,2.2
2022-02-17T00:00:00,-5.4,5.91,89.3,0.0,5.2
2022-02-17T01:00:00,-5.4,6.01,92.9,0.0,5.6
2022-02-17T02:00:00,-5.2,6.03,92.0,0.0,6.0
2022-02-17T03:00:00,-4.7,6.17,88.1,0.0,7.1
2022-02-17T04:00:00,-4.4,5.95,92.7,5.0,5.4
2022-02-17T05:00:00,-4.1,5.32,89.2,11.4,2.9
2022-02-17T06:00:00,-4.0,5.02,90.5,19.6,2.0
2022-02-17T07:00:00,-3.8,4.56,93.0,25.8,1.1
2022-02-17T08:00:00,-3.7,4.49,87.7,42.5,0.9
2022-02-17T09:00:00,-3.8,4.37,92.3,50.3,0.7
2022-02-17T10:00:00,-3.9,4.41,87.4,50.0,0.8
2022-02-17T11:00:00,-3.8,4.24,92.3,58.2,0.5
2022-02-17T12:00:00,-3.5,3.29,90.5,44.1,0.0
2022-02-17T13:00:00,-3.5,3.44,90.0,49.9,0.0
2022-02-17T14:00:00,-3.9,3.9,89.3,49.8,0.2
2022-02-17T15:00:00,-5.5,4.67,86.4,47.6,1.2
2022-02-17T16:00:00,-6.8,5.31,91.8,40.4,2.8
2022-02-17T17:00:00,-7.2,5.28,91.4,26.3,2.7
2022-02-17T18:00:00,-7.3,5.19,90.3,18.8,2.6
2022-02-17T19:00:00,-7.3,5.54,91.0,14.5,3.6
2022-02-17T20:00:00,-6.6,5.88,89.9,4.2,5.4
2022-02-17T21:00:00,-6.6,6.04,88.7,0.0,6.1
2022-02-17T22:00:00,-6.1,5.82,87.2,0.0,4.8
2022-02-17T23:00:00,-6.1,5.98,91.9,0.0,5.5
2022-02-18T00:00:00,-6.8,6.3,89.8,0.0,7.9
2022-02-18T01:00:00,-6.3,6.11,89.4,0.0,6.7
2022-02-18T02:00:00,-5.9,5.82,91.6,0.0,4.9
2022-02-18T03:00:00,-5.6,5.61,87.7,0.0,3.8
2022-02-18T04:00:00,-5.4,5.2,89.9,3.3,2.7
2022-02-18T05:00:00,-5.1,4.72,89.4,14.1,1.3
2022-02-18T06:00:00,-4.8,4.24,88.4,22.0,0.5
2022-02-18T07:00:00,-4.5,4.0,89.7,28.4,0.3
2022-02-18T08:00:00,-4.5,3.67,89.8,35.0,0.1
2022-02-18T09:00:00,-4.5,3.26,89.9,49.5,0.0
2022-02-18T10:00:00,-4.6,3.2,89.0,54.1,0.0
2022-02-18T11:00:00,-5.0,3.41,93.3,43.2,0.0
2022-02-18T12:00:00,-5.8,2.82,87.6,50.7,0.0
2022-02-18T13:00:00,-5.9,4.14,88.9,44.5,0.4
2022-02-18T14:00:00,-6.7,4.87,89.2,45.4,1.6
2022-02-18T15:00:00,-7.4,5.19,92.6,41.2,2.5
2022-02-18T16:00:00,-7.7,5.54,91.9,32.4,3.9
2022-02-18T17:00:00,-7.9,5.79,89.9,33.2,4.7
2022-02-18T18:00:00,-8.1,5.98,91.4,22.2,6.0
2022-02-18T19:00:00,-8.2,5.98,93.4,11.4,6.0
2022-02-18T20:00:00,-8.3,5.95,92.9,4.5,5.6
2022-02-18T21:00:00,-8.3,6.17,88.6,0.0,6.5
2022-02-18T22:00:00,-8.4,6.29,92.5,0.0,7.7
2022-02-18T23:00:00,-8.5,6.33,87.6,0.0,7.9
2022-02-19T00:00:00,-8.6,7.16,89.6,0.0,14.9
2022-02-19T01:00:00,-8.2,6.79,92.5,0.0,11.0
2022-02-19T02:00:00,-7.3,6.31,90.2,0.0,8.0
2022-02-19T03:00:00,-6.8,5.9,86.5,0.0,5.1
2022-02-19T04:00:00,-6.4,5.7,90.1,3.3,4.3
2022-02-19T05:00:00,-6.0,5.62,89.4,11.3,3.9
2022-02-19T06:00:00,-5.7,5.47,90.3,17.9,3.4
2022-02-19T07:00:00,-5.4,5.08,88.7,29.9,2.2
2022-02-19T08:00:00,-5.1,4.65,91.3,40.6,1.2
2022-02-19T09:00:00,-5.0,4.14,91.0,38.5,0.4
2022-02-19T10:00:00,-5.1,3.91,90.1,49.6,0.2
2022-02-19T11:00:00,-5.3,4.21,90.3,54.4,0.5
2022-02-19T12:00:00,-5.2,3.86,93.4,55.7,0.2
2022-02-19T13:00:00,-5.3,4.88,92.4,58.4,1.6
2022-02-19T14:00:00,-5.3,5.62,87.5,39.6,4.2
2022-02-19T15:00:00,-5.0,6.15,86.9,36.2,6.5
2022-02-19T16:00:00,-4.5,7.08,91.1,41.4,13.4
2022-02-19T17:00:00,-4.3,7.36,91.8,32.5,16.9
2022-02-19T18:00:00,-4.2,7.0,89.6,21.5,12.5
2022-02-19T19:00:00,-4.1,6.85,91.5,13.9,12.0
2022-02-19T20:00:00,-3.8,6.71,87.3,3.4,9.9
2022-02-19T21:00:00,-3.7,5.87,91.9,0.0,5.2
2022-02-19T22:00:00,-3.3,5.61,91.6,0.0,4.2
2022-02-19T23:00:00,-2.4,5.6,94.8,0.0,4.1
2022-02-20T00:00:00,-1.6,11.5,86.8,0.0,93.3
2022-02-20T01:00:00,-1.8,13.05,88.8,0.0,114.5
2022-02-20T02:00:00,-1.7,9.75,89.2,0.0,54.5
2022-02-20T03:00:00,-1.4,7.98,87.6,0.0,24.0
2022-02-20T04:00:00,-0.8,8.13,94.7,2.7,23.8
2022-02-20T05:00:00,-0.2,9.18,92.6,10.8,39.6
2022-02-20T06:00:00,-0.0,8.99,88.3,19.8,36.2
2022-02-20T07:00:00,0.4,10.15,92.0,25.1,60.3
2022-02-20T08:00:00,0.7,10.48,90.5,37.2,68.9
2022-02-20T09:00:00,0.8,10.59,88.4,42.4,73.8
2022-02-20T10:00:00,0.6,11.16,91.5,51.4,85.2
2022-02-20T11:00:00,0.2,9.32,93.0,42.9,43.7
2022-02-20T12:00:00,-0.1,10.96,89.5,51.9,79.9
2022-02-20T13:00:00,-0.5,8.84,91.0,57.5,33.8
2022-02-20T14:00:00,-0.7,7.8,91.1,47.9,21.1
2022-02-20T15:00:00,-0.4,11.24,88.4,38.2,89.7
2022-02-20T16:00:00,-0.4,13.01,91.7,39.1,108.6
2022-02-20T17:00:00,-0.5,14.32,88.8,24.2,119.3
2022-02-20T18:00:00,-0.8,15.09,92.4,17.3,115.7
2022-02-20T19:00:00,-1.3,14.36,88.4,9.9,118.8
2022-02-20T20:00:00,-2.8,17.78,88.8,2.7,119.4
2022-02-20T21:00:00,-3.1,15.47,86.8,0.0,108.0
2022-02-20T22:00:00,-3.3,13.38,93.2,0.0,114.4
2022-02-20T23:00:00,-3.5,12.44,89.1,0.0,116.6
2022-02-21T00:00:00,-4.4,12.62,90.2,0.0,114.3
2022-02-21T01:00:00,-3.9,11.74,89.0,0.0,99.9
2022-02-21T02:00:00,-3.9,10.47,89.5,0.0,72.4
2022-02-21T03:00:00,-3.8,10.82,92.4,0.0,74.0
2022-02-21T04:00:00,-3.9,10.58,89.4,1.5,74.9
2022-02-21T05:00:00,-3.6,11.26,88.2,13.1,94.8
2022-02-21T06:00:00,-3.4,11.51,91.0,17.1,102.3
2022-02-21T07:00:00,-3.0,10.98,88.9,28.1,80.4
2022-02-21T08:00:00,-2.8,10.18,89.9,38.8,62.0
2022-02-21T09:00:00,-2.9,9.76,91.6,34.9,52.6
2022-02-21T10:00:00,-2.7,9.76,89.8,40.7,50.1
2022-02-21T11:00:00,-2.7,9.48,92.3,54.3,45.1
2022-02-21T12:00:00,-2.9,10.2,90.8,46.7,61.4
2022-02-21T13:00:00,-2.8,9.48,85.6,51.6,48.2
2022-02-21T14:00:00,-3.1,7.71,90.3,43.2,18.9
2022-02-21T15:00:00,-3.3,6.67,87.1,37.7,10.6
2022-02-21T16:00:00,-3.2,7.07,92.5,32.1,13.4
2022-02-21T17:00:00,-3.4,7.57,89.8,27.3,17.5
2022-02-21T18:00:00,-3.7,7.4,90.9,20.6,16.0
2022-02-21T19:00:00,-3.9,6.87,90.3,12.1,11.1
2022-02-21T20:00:00,-4.5,6.87,90.9,1.8,11.7
2022-02-21T21:00:00,-4.3,7.14,87.3,0.0,14.6
2022-02-21T22:00:00,-4.4,7.24,90.2,0.0,14.2
2022-02-21T23:00:00,-4.5,7.01,89.3,0.0,12.4
2022-02-22T00:00:00,-5.5,7.11,89.0,0.0,13.0
2022-02-22T01:00:00,-5.7,6.55,91.0,0.0,9.1
2022-02-22T02:00:00,-5.6,6.24,90.6,0.0,6.9
2022-02-22T03:00:00,-5.5,6.18,89.2,0.0,7.1
2022-02-22T04:00:00,-5.1,5.61,91.8,0.7,4.2
2022-02-22T05:00:00,-4.5,4.31,92.0,9.7,0.6
2022-02-22T06:00:00,-4.4,3.31,90.5,19.2,0.0
2022-02-22T07:00:00,-4.2,2.4,89.8,23.7,0.0
2022-02-22T08:00:00,-4.0,1.92,87.5,31.2,0.0
2022-02-22T09:00:00,-4.0,1.8,89.6,44.6,0.0
2022-02-22T10:00:00,-4.5,1.96,89.7,41.4,0.0
2022-02-22T11:00:00,-6.1,2.33,93.1,55.1,0.0
2022-02-22T12:00:00,-7.0,2.72,90.0,42.1,0.0
2022-02-22T13:00:00,-7.2,4.0,86.9,54.6,0.3
2022-02-22T14:00:00,-7.7,5.38,91.7,42.0,3.0
2022-02-22T15:00:00,-8.4,6.51,91.5,38.8,8.5
2022-02-22T16:00:00,-8.8,6.71,89.9,34.0,10.5
2022-02-22T17:00:00,-9.1,6.63,88.5,29.8,10.0
2022-02-22T18:00:00,-9.3,6.71,89.2,18.5,10.7
2022-02-22T19:00:00,-9.5,6.71,90.9,10.0,10.7
2022-02-22T20:00:00,-9.7,6.59,87.4,0.8,9.9
2022-02-22T21:00:00,-9.8,6.52,91.0,0.0,9.1
2022-02-22T22:00:00,-9.8,6.84,87.8,0.0,10.9
2022-02-22T23:00:00,-9.8,7.12,87.5,0.0,14.0
2022-02-23T00:00:00,-9.5,6.57,87.9,0.0,9.6
2022-02-23T01:00:00,-9.0,6.58,86.8,0.0,9.8
2022-02-23T02:00:00,-8.4,6.74,89.4,0.0,10.5
2022-02-23T03:00:00,-7.9,7.11,92.9,0.0,14.4
2022-02-23T04:00:00,-7.5,7.41,87.0,0.0,16.8
2022-02-23T05:00:00,-6.9,7.55,90.6,9.4,17.9
2022-02-23T06:00:00,-5.9,7.98,87.4,17.6,22.7
2022-02-23T07:00:00,-5.1,7.97,90.5,23.9,23.9
2022-02-23T08:00:00,-4.8,7.74,90.1,33.4,19.3
2022-02-23T09:00:00,-4.6,7.14,89.2,45.5,14.2
2022-02-23T10:00:00,-4.8,6.85,89.6,45.4,11.8
2022-02-23T11:00:00,-5.1,7.42,87.5,53.9,16.4
2022-02-23T12:00:00,-5.1,5.91,92.5,51.7,5.7
2022-02-23T13:00:00,-5.7,6.53,87.3,41.7,9.5
2022-02-23T14:00:00,-7.1,7.44,86.9,43.8,16.8
2022-02-23T15:00:00,-7.5,7.61,91.5,40.1,19.3
2022-02-23T16:00:00,-7.7,7.2,95.6,36.3,14.3
2022-02-23T17:00:00,-7.8,7.3,88.6,23.3,15.8
2022-02-23T18:00:00,-7.9,7.11,88.5,20.4,13.1
2022-02-23T19:00:00,-8.1,7.31,89.4,10.4,15.3
2022-02-23T20:00:00,-8.2,7.01,87.4,0.0,12.7
2022-02-23T21:00:00,-8.2,6.73,90.3,0.0,10.6
2022-02-23T22:00:00,-8.2,6.65,86.2,0.0,10.0
2022-02-23T23:00:00,-8.0,6.58,95.0,0.0,9.6
2022-02-24T00:00:00,-7.1,6.94,88.9,0.0,12.4
2022-02-24T01:00:00,-6.7,7.16,87.0,0.0,13.7
2022-02-24T02:00:00,-6.2,6.87,89.6,0.0,11.8
2022-02-24T03:00:00,-5.5,6.0,89.1,0.0,5.9
2022-02-24T04:00:00,-5.0,5.43,87.4,0.0,3.3
2022-02-24T05:00:00,-4.5,4.67,86.8,9.8,1.2
2022-02-24T06:00:00,-4.0,3.86,90.3,16.3,0.2
2022-02-24T07:00:00,-3.8,2.95,90.8,29.6,0.0
2022-02-24T08:00:00,-3.8,1.62,86.6,30.6,0.0
2022-02-24T09:00:00,-3.8,1.14,88.9,36.5,0.0
2022-02-24T10:00:00,-4.1,1.39,89.5,38.4,0.0
2022-02-24T11:00:00,-4.1,2.12,85.3,43.4,0.0
2022-02-24T12:00:00,-2.9,6.57,86.7,56.2,9.6
2022-02-24T13:00:00,-2.9,8.7,85.8,51.8,31.6
2022-02-24T14:00:00,-3.6,6.3,92.1,38.2,7.4
2022-02-24T15:00:00,-4.4,6.93,93.4,46.1,11.9
2022-02-24T16:00:00,-4.0,8.13,91.8,28.5,26.1
2022-02-24T17:00:00,-4.0,8.08,91.3,24.4,23.1
2022-02-24T18:00:00,-4.4,8.06,91.4,20.8,24.5
2022-02-24T19:00:00,-4.4,8.35,92.5,9.3,28.5
2022-02-24T20:00:00,-4.5,8.96,95.0,0.0,37.7
2022-02-24T21:00:00,-4.6,9.04,91.8,0.0,40.1
2022-02-24T22:00:00,-4.7,9.11,87.8,0.0,41.6
2022-02-24T23:00:00,-5.1,9.0,86.7,0.0,38.1
2022-02-25T00:00:00,-5.0,10.0,89.3,0.0,56.2
2022-02-25T01:00:00,-5.1,10.0,92.8,0.0,59.0
2022-02-25T02:00:00,-5.1,9.5,90.1,0.0,48.3
2022-02-25T03:00:00,-5.1,9.03,89.1,0.0,38.6
2022-02-25T04:00:00,-5.1,8.53,87.6,0.0,29.6
2022-02-25T05:00:00,-5.0,8.0,88.7,9.6,23.0
2022-02-25T06:00:00,-4.8,7.5,91.3,18.9,18.5
2022-02-25T07:00:00,-4.7,6.81,86.6,24.0,10.7
2022-02-25T08:00:00,-4.8,6.0,90.1,30.9,5.6
2022-02-25T09:00:00,-4.9,5.51,90.1,46.2,3.6
2022-02-25T10:00:00,-5.0,5.33,89.4,38.1,2.9
2022-02-25T11:00:00,-5.4,5.28,91.4,40.2,2.9
2022-02-25T12:00:00,-5.9,4.73,89.6,40.6,1.3
2022-02-25T13:00:00,-6.3,5.41,90.2,44.1,3.1
2022-02-25T14:00:00,-7.1,6.12,95.2,40.7,6.7
2022-02-25T15:00:00,-7.7,6.86,91.7,41.2,11.3
2022-02-25T16:00:00,-8.0,7.26,90.2,32.3,15.9
2022-02-25T17:00:00,-8.1,7.63,88.6,27.2,19.3
2022-02-25T18:00:00,-8.3,8.01,88.5,15.4,24.4
2022-02-25T19:00:00,-8.4,8.1,86.4,8.1,23.7
2022-02-25T20:00:00,-8.5,8.11,86.5,0.0,24.5
2022-02-25T21:00:00,-8.6,8.0,87.4,0.0,22.3
2022-02-25T22:00:00,-8.8,8.1,89.0,0.0,24.4
2022-02-25T23:00:00,-8.8,8.11,90.5,0.0,25.0
2022-02-26T00:00:00,-8.7,9.31,92.6,0.0,45.4
2022-02-26T01:00:00,-8.4,9.11,89.0,0.0,41.2
2022-02-26T02:00:00,-8.4,9.01,89.5,0.0,39.2
2022-02-26T03:00:00,-8.0,8.94,90.8,0.0,35.9
2022-02-26T04:00:00,-7.5,8.8,90.7,0.0,36.6
2022-02-26T05:00:00,-7.1,8.53,89.6,7.7,31.7
2022-02-26T06:00:00,-6.8,8.08,85.5,17.0,23.6
2022-02-26T07:00:00,-6.7,7.86,91.1,25.3,21.8
2022-02-26T08:00:00,-6.6,7.98,90.7,34.1,23.7
2022-02-26T09:00:00,-6.4,7.81,91.1,42.7,20.6
2022-02-26T10:00:00,-6.5,7.37,88.8,46.2,16.5
2022-02-26T11:00:00,-6.6,6.8,87.7,43.1,10.8
2022-02-26T12:00:00,-6.7,5.2,90.7,42.3,2.4
2022-02-26T13:00:00,-7.4,5.22,91.0,39.9,2.6
2022-02-26T14:00:00,-8.0,6.22,93.2,40.4,7.0
2022-02-26T15:00:00,-8.5,6.41,92.2,43.5,8.7
2022-02-26T16:00:00,-8.9,6.51,90.6,35.3,8.6
2022-02-26T17:00:00,-9.1,6.71,89.3,29.5,10.4
2022-02-26T18:00:00,-9.1,6.9,90.3,14.9,12.0
2022-02-26T19:00:00,-9.2,6.8,90.0,7.0,11.7
2022-02-26T20:00:00,-9.3,6.81,89.9,0.0,11.4
2022-02-26T21:00:00,-9.3,6.81,88.1,0.0,11.6
2022-02-26T22:00:00,-9.2,6.92,88.6,0.0,12.1
2022-02-26T23:00:00,-9.1,7.03,90.9,0.0,12.6
2022-02-27T00:00:00,-8.7,7.58,88.1,0.0,18.0
2022-02-27T01:00:00,-8.2,7.86,88.6,0.0,22.1
2022-02-27T02:00:00,-7.8,7.42,90.8,0.0,17.4
2022-02-27T03:00:00,-7.6,7.11,92.5,0.0,13.3
2022-02-27T04:00:00,-7.3,6.82,88.2,0.0,10.9
2022-02-27T05:00:00,-6.9,6.5,86.6,6.2,8.9
2022-02-27T06:00:00,-6.6,6.24,89.3,15.8,7.4
2022-02-27T07:00:00,-6.3,5.98,89.9,25.7,5.8
2022-02-27T08:00:00,-6.2,5.63,90.6,28.4,4.0
2022-02-27T09:00:00,-6.3,5.29,92.4,44.8,2.8
2022-02-27T10:00:00,-6.4,5.02,90.4,39.3,1.9
2022-02-27T11:00:00,-6.8,4.93,86.3,50.8,1.7
2022-02-27T12:00:00,-7.2,4.8,90.7,55.2,1.6
2022-02-27T13:00:00,-7.4,5.77,90.2,48.7,4.9
2022-02-27T14:00:00,-7.6,6.0,87.9,51.0,6.1
2022-02-27T15:00:00,-7.7,6.7,91.5,34.2,10.5
2022-02-27T16:00:00,-7.6,7.42,88.0,31.4,16.8
2022-02-27T17:00:00,-7.7,7.62,91.3,26.8,19.7
2022-02-27T18:00:00,-7.7,7.41,91.3,14.8,16.1
2022-02-27T19:00:00,-7.6,7.63,87.4,7.7,18.4
2022-02-27T20:00:00,-7.5,7.85,90.3,0.0,20.7
2022-02-27T21:00:00,-7.6,7.95,91.6,0.0,22.3
2022-02-27T22:00:00,-7.6,7.88,90.6,0.0,21.5
2022-02-27T23:00:00,-7.6,7.69,89.7,0.0,20.6
2022-02-28T00:00:00,-7.3,8.21,85.3,0.0,25.4
2022-02-28T01:00:00,-7.2,7.7,92.0,0.0,19.7
2022-02-28T02:00:00,-6.9,6.9,90.8,0.0,11.7
2022-02-28T03:00:00,-6.4,6.23,91.0,0.0,6.8
2022-02-28T04:00:00,-6.3,6.31,88.3,0.0,7.4
2022-02-28T05:00:00,-5.9,5.98,89.8,7.5,5.8
2022-02-28T06:00:00,-5.2,6.63,88.8,18.6,10.3
2022-02-28T07:00:00,-4.8,6.98,88.4,20.7,13.2
2022-02-28T08:00:00,-4.5,6.08,89.3,27.4,6.2
2022-02-28T09:00:00,-4.3,5.33,87.4,33.3,3.0
2022-02-28T10:00:00,-4.5,5.22,89.4,36.5,2.6
2022-02-28T11:00:00,-4.5,5.36,87.8,41.1,3.0
2022-02-28T12:00:00,-4.7,5.39,88.4,54.4,3.2
2022-02-28T13:00:00,-5.1,6.69,89.1,52.5,10.5
2022-02-28T14:00:00,-5.4,7.42,90.9,45.9,16.9
2022-02-28T15:00:00,-6.5,7.8,89.0,42.5,21.1
2022-02-28T16:00:00,-6.8,7.91,86.4,32.0,21.6
2022-02-28T17:00:00,-6.8,7.9,90.8,25.5,21.3
2022-02-28T18:00:00,-6.6,8.31,89.9,16.4,26.5
2022-02-28T19:00:00,-6.3,8.41,88.8,7.8,30.3
2022-02-28T20:00:00,-6.1,8.3,90.8,0.0,28.5
2022-02-28T21:00:00,-6.3,8.51,91.0,0.0,29.0
2022-02-28T22:00:00,-6.8,8.6,91.0,0.0,30.4
2022-02-28T23:00:00,-6.8,8.8,90.8,0.0,35.5
2022-03-01T00:00:00,-5.3,8.63,90.6,0.0,32.0
2022-03-01T01:00:00,-4.9,8.91,90.2,0.0,35.5
2022-03-01T02:00:00,-4.6,8.91,92.8,0.0,37.4
2022-03-01T03:00:00,-4.6,9.2,91.0,0.0,42.0
2022-03-01T04:00:00,-4.7,9.0,88.8,0.0,38.5
2022-03-01T05:00:00,-4.7,8.5,89.3,5.7,30.3
2022-03-01T06:00:00,-4.9,8.11,92.9,12.7,25.7
2022-03-01T07:00:00,-4.9,7.61,94.2,27.9,17.9
2022-03-01T08:00:00,-4.6,6.81,87.9,30.1,10.8
2022-03-01T09:00:00,-4.5,6.02,89.7,43.5,5.7
2022-03-01T10:00:00,-4.5,5.6,96.3,41.4,3.9
2022-03-01T11:00:00,-4.7,5.6,91.5,38.0,4.1
2022-03-01T12:00:00,-5.0,7.32,92.8,48.4,15.9
2022-03-01T13:00:00,-5.0,7.34,89.9,40.4,16.2
2022-03-01T14:00:00,-5.3,6.73,86.8,50.1,10.2
2022-03-01T15:00:00,-5.4,6.6,93.4,36.4,9.7
2022-03-01T16:00:00,-5.9,6.74,86.3,35.2,10.4
2022-03-01T17:00:00,-6.2,6.79,87.9,22.5,11.4
2022-03-01T18:00:00,-6.4,7.24,90.3,17.6,15.7
2022-03-01T19:00:00,-6.9,7.63,90.1,5.6,19.2
2022-03-01T20:00:00,-7.1,7.88,90.2,0.0,21.9
2022-03-01T21:00:00,-7.3,8.16,88.6,0.0,25.5
2022-03-01T22:00:00,-7.3,8.44,87.3,0.0,30.5
2022-03-01T23:00:00,-7.4,8.61,88.8,0.0,32.9
2022-03-02T00:00:00,-6.6,8.3,91.5,0.0,27.9
2022-03-02T01:00:00,-6.4,8.5,91.5,0.0,29.8
2022-03-02T02:00:00,-6.0,8.33,92.1,0.0,27.7
2022-03-02T03:00:00,-5.5,8.16,89.4,0.0,25.1
2022-03-02T04:00:00,-5.2,7.5,91.7,0.0,18.4
2022-03-02T05:00:00,-4.9,6.96,89.8,4.6,12.2
2022-03-02T06:00:00,-4.6,6.96,88.0,15.3,12.4
2022-03-02T07:00:00,-4.5,7.03,87.3,23.3,12.8
2022-03-02T08:00:00,-4.6,6.79,88.5,34.2,11.0
2022-03-02T09:00:00,-4.9,6.59,91.6,41.1,9.3
2022-03-02T10:00:00,-5.1,6.45,87.9,48.7,8.4
2022-03-02T11:00:00,-5.4,6.31,90.7,51.0,7.6
2022-03-02T12:00:00,-5.3,7.16,91.4,41.2,14.3
2022-03-02T13:00:00,-5.6,7.52,94.2,48.1,18.5
2022-03-02T14:00:00,-6.0,7.41,89.8,38.3,16.9
2022-03-02T15:00:00,-6.3,6.91,88.2,43.0,12.0
2022-03-02T16:00:00,-6.5,6.83,88.6,26.1,11.6
2022-03-02T17:00:00,-6.9,7.02,92.1,21.8,13.0
2022-03-02T18:00:00,-7.1,7.21,88.7,16.2,14.3
2022-03-02T19:00:00,-7.4,7.41,87.1,4.4,17.1
2022-03-02T20:00:00,-7.7,7.32,87.2,0.0,16.5
2022-03-02T21:00:00,-8.1,7.44,92.0,0.0,16.1
2022-03-02T22:00:00,-8.2,7.47,89.9,0.0,16.9
2022-03-02T23:00:00,-8.5,7.36,89.4,0.0,16.6
2022-03-03T00:00:00,-8.4,7.62,90.0,0.0,19.6
2022-03-03T01:00:00,-8.0,7.45,91.3,0.0,16.9
2022-03-03T02:00:00,-8.0,7.22,90.9,0.0,14.8
2022-03-03T03:00:00,-7.7,6.73,89.5,0.0,10.9
2022-03-03T04:00:00,-7.3,5.82,87.4,0.0,4.9
2022-03-03T05:00:00,-7.1,5.0,88.0,5.2,2.0
2022-03-03T06:00:00,-6.9,4.37,86.5,16.6,0.7
2022-03-03T07:00:00,-6.8,3.67,89.0,26.6,0.1
2022-03-03T08:00:00,-6.9,2.96,85.9,34.5,0.0
2022-03-03T09:00:00,-7.5,2.06,88.7,35.8,0.0
2022-03-03T10:00:00,-5.6,1.2,88.4,44.1,0.0
2022-03-03T11:00:00,-5.7,1.34,89.0,46.4,0.0
2022-03-03T12:00:00,-6.2,1.44,85.7,45.6,0.0
2022-03-03T13:00:00,-8.8,2.38,88.3,42.4,0.0
2022-03-03T14:00:00,-10.1,3.7,92.6,35.6,0.1
2022-03-03T15:00:00,-9.2,5.02,90.8,32.1,1.9
2022-03-03T16:00:00,-8.7,5.77,90.1,30.4,4.8
2022-03-03T17:00:00,-8.5,6.28,89.3,23.2,7.1
2022-03-03T18:00:00,-8.4,6.63,88.0,12.7,9.5
2022-03-03T19:00:00,-8.4,6.75,88.2,4.7,10.2
2022-03-03T20:00:00,-8.5,7.16,86.6,0.0,14.2
2022-03-03T21:00:00,-8.5,7.47,92.6,0.0,17.0
2022-03-03T22:00:00,-8.6,7.45,89.7,0.0,16.9
2022-03-03T23:00:00,-8.5,7.54,95.2,0.0,18.7
2022-03-04T00:00:00,-8.6,6.18,90.9,0.0,6.8
2022-03-04T01:00:00,-8.2,5.82,92.8,0.0,4.8
2022-03-04T02:00:00,-7.6,5.23,87.9,0.0,2.6
2022-03-04T03:00:00,-7.4,5.02,87.8,0.0,2.0
2022-03-04T04:00:00,-7.0,5.14,91.4,0.0,2.4
2022-03-04T05:00:00,-7.0,4.46,91.0,3.7,0.8
2022-03-04T06:00:00,-7.2,4.1,90.1,12.6,0.4
2022-03-04T07:00:00,-7.3,3.61,91.4,20.7,0.1
2022-03-04T08:00:00,-7.5,3.24,87.6,33.6,0.0
2022-03-04T09:00:00,-7.8,2.82,90.2,30.6,0.0
2022-03-04T10:00:00,-8.0,2.28,87.9,47.7,0.0
2022-03-04T11:00:00,-8.5,1.92,91.5,47.8,0.0
2022-03-04T12:00:00,-7.2,2.33,91.0,52.6,0.0
2022-03-04T13:00:00,-7.1,2.56,88.8,47.1,0.0
2022-03-04T14:00:00,-7.4,2.06,91.5,47.5,0.0
2022-03-04T15:00:00,-7.8,1.33,89.7,32.3,0.0
2022-03-04T16:00:00,-8.2,1.57,92.9,29.1,0.0
2022-03-04T17:00:00,-7.6,2.5,95.5,23.5,0.0
2022-03-04T18:00:00,-7.6,2.64,92.2,15.2,0.0
2022-03-04T19:00:00,-7.9,1.65,92.7,3.8,0.0
2022-03-04T20:00:00,-7.6,1.0,89.3,0.0,0.0
2022-03-04T21:00:00,-7.5,1.0,89.6,0.0,0.0
2022-03-04T22:00:00,-8.0,1.5,86.9,0.0,0.0
2022-03-04T23:00:00,-7.1,1.5,89.0,0.0,0.0
2022-03-05T00:00:00,-9.6,2.61,94.6,0.0,0.0
2022-03-05T01:00:00,-10.1,3.02,93.4,0.0,0.0
2022-03-05T02:00:00,-9.6,2.68,90.5,0.0,0.0
2022-03-05T03:00:00,-7.8,1.63,92.6,0.0,0.0
2022-03-05T04:00:00,-6.4,0.91,87.4,0.0,0.0
2022-03-05T05:00:00,-6.2,0.64,90.3,3.4,0.0
2022-03-05T06:00:00,-6.8,2.01,88.1,12.1,0.0
2022-03-05T07:00:00,-6.6,2.66,88.9,23.2,0.0
2022-03-05T08:00:00,-6.6,2.97,90.2,30.4,0.0
2022-03-05T09:00:00,-6.8,3.0,91.6,41.0,0.0
2022-03-05T10:00:00,-7.0,2.72,89.3,45.8,0.0
2022-03-05T11:00:00,-8.2,2.36,89.4,41.9,0.0
2022-03-05T12:00:00,-7.1,4.21,85.9,52.6,0.5
2022-03-05T13:00:00,-7.9,3.4,90.2,45.2,0.0
2022-03-05T14:00:00,-8.0,2.19,90.6,40.6,0.0
2022-03-05T15:00:00,-8.5,5.12,89.3,34.0,2.3
2022-03-05T16:00:00,-8.4,6.62,88.5,30.6,9.7
2022-03-05T17:00:00,-8.6,6.72,93.2,18.5,10.6
2022-03-05T18:00:00,-8.5,6.52,93.5,12.2,9.0
2022-03-05T19:00:00,-8.4,6.71,91.6,2.9,10.4
2022-03-05T20:00:00,-8.8,6.91,89.3,0.0,11.4
2022-03-05T21:00:00,-9.2,7.4,91.3,0.0,16.5
2022-03-05T22:00:00,-9.4,7.93,85.9,0.0,22.6
2022-03-05T23:00:00,-9.4,8.61,89.1,0.0,32.8
2022-03-06T00:00:00,-9.6,8.47,90.3,0.0,29.4
2022-03-06T01:00:00,-9.6,8.16,90.6,0.0,24.9
2022-03-06T02:00:00,-9.5,7.99,88.8,0.0,23.1
2022-03-06T03:00:00,-9.2,7.81,89.9,0.0,20.1
2022-03-06T04:00:00,-8.9,7.96,90.0,0.0,23.1
2022-03-06T05:00:00,-8.6,7.94,88.2,1.9,22.9
2022-03-06T06:00:00,-8.3,7.53,87.7,12.9,18.8
2022-03-06T07:00:00,-8.1,6.77,87.9,18.7,11.4
2022-03-06T08:00:00,-8.0,5.89,87.6,24.7,5.4
2022-03-06T09:00:00,-8.1,5.3,87.6,36.0,3.0
2022-03-06T10:00:00,-8.3,5.12,90.6,34.9,2.2
2022-03-06T11:00:00,-8.7,5.3,84.6,42.8,3.0
2022-03-06T12:00:00,-8.9,5.51,89.2,45.0,3.6
2022-03-06T13:00:00,-9.0,6.62,92.7,47.7,10.2
2022-03-06T14:00:00,-9.3,7.22,92.5,39.2,14.4
2022-03-06T15:00:00,-9.4,7.47,89.8,34.6,16.7
2022-03-06T16:00:00,-9.7,7.37,90.9,29.4,16.0
2022-03-06T17:00:00,-10.3,7.54,91.9,20.6,18.7
2022-03-06T18:00:00,-10.4,7.73,87.9,11.5,19.7
2022-03-06T19:00:00,-10.5,7.92,87.6,2.3,22.1
2022-03-06T20:00:00,-10.5,8.0,92.5,0.0,23.5
2022-03-06T21:00:00,-10.5,8.2,90.2,0.0,24.8
2022-03-06T22:00:00,-10.6,8.3,89.9,0.0,26.2
2022-03-06T23:00:00,-10.7,8.4,89.7,0.0,29.9
2022-03-07T00:00:00,-10.4,7.81,91.7,0.0,21.8
2022-03-07T01:00:00,-10.3,8.3,94.1,0.0,27.6
2022-03-07T02:00:00,-10.0,8.41,88.7,0.0,29.7
2022-03-07T03:00:00,-9.8,7.83,90.7,0.0,22.3
2022-03-07T04:00:00,-9.5,7.22,88.6,0.0,15.3
2022-03-07T05:00:00,-9.3,7.4,89.7,1.2,17.0
2022-03-07T06:00:00,-9.1,6.85,87.0,10.4,11.4
2022-03-07T07:00:00,-8.9,6.28,88.3,23.6,7.6
2022-03-07T08:00:00,-8.8,5.97,90.5,25.1,5.8
2022-03-07T09:00:00,-8.8,5.92,85.5,28.8,5.7
2022-03-07T10:00:00,-9.0,6.0,93.7,37.5,6.0
2022-03-07T11:00:00,-9.3,6.02,91.9,48.7,5.7
2022-03-07T12:00:00,-10.2,4.53,90.5,43.7,1.0
2022-03-07T13:00:00,-10.5,5.02,93.0,47.4,2.0
2022-03-07T14:00:00,-10.7,6.04,91.2,37.5,6.2
2022-03-07T15:00:00,-10.8,6.46,87.9,32.9,9.0
2022-03-07T16:00:00,-10.9,6.71,88.9,28.9,10.1
2022-03-07T17:00:00,-11.0,6.75,91.2,19.5,10.4
2022-03-07T18:00:00,-11.1,6.65,90.3,13.5,10.1
2022-03-07T19:00:00,-11.1,6.81,91.2,1.2,10.7
2022-03-07T20:00:00,-10.9,6.76,90.8,0.0,10.6
2022-03-07T21:00:00,-11.0,6.74,88.5,0.0,10.8
2022-03-07T22:00:00,-11.0,6.61,91.6,0.0,10.0
2022-03-07T23:00:00,-11.3,6.61,87.5,0.0,9.3
2022-03-08T00:00:00,-10.7,7.51,89.1,0.0,17.8
2022-03-08T01:00:00,-10.5,8.5,90.1,0.0,30.8
2022-03-08T02:00:00,-10.0,8.81,89.1,0.0,33.4
2022-03-08T03:00:00,-9.6,8.83,89.8,0.0,35.6
2022-03-08T04:00:00,-9.3,8.53,92.6,0.0,29.3
2022-03-08T05:00:00,-8.7,8.15,91.7,0.2,25.8
2022-03-08T06:00:00,-8.2,8.1,90.9,9.7,24.9
2022-03-08T07:00:00,-7.8,7.86,93.0,18.2,20.6
2022-03-08T08:00:00,-7.5,7.47,90.9,26.0,16.7
2022-03-08T09:00:00,-7.3,6.71,88.9,30.0,10.2
2022-03-08T10:00:00,-7.3,5.46,91.3,39.4,3.6
2022-03-08T11:00:00,-8.3,3.78,87.7,35.7,0.2
2022-03-08T12:00:00,-9.4,3.62,88.6,45.8,0.1
2022-03-08T13:00:00,-9.8,2.42,91.4,42.2,0.0
2022-03-08T14:00:00,-9.8,1.53,87.9,32.9,0.0
2022-03-08T15:00:00,-9.7,2.28,90.6,38.6,0.0
2022-03-08T16:00:00,-9.5,3.16,88.5,27.0,0.0
2022-03-08T17:00:00,-9.6,3.14,89.0,17.6,0.0
2022-03-08T18:00:00,-9.9,3.01,90.1,12.2,0.0
2022-03-08T19:00:00,-10.1,3.16,86.3,0.2,0.0
2022-03-08T20:00:00,-10.3,2.78,87.8,0.0,0.0
2022-03-08T21:00:00,-10.2,1.97,91.0,0.0,0.0
2022-03-08T22:00:00,-10.4,1.17,87.0,0.0,0.0
2022-03-08T23:00:00,-10.2,0.85,90.4,0.0,0.0
2022-03-09T00:00:00,-9.9,4.83,90.6,0.0,1.6
2022-03-09T01:00:00,-9.9,5.3,88.7,0.0,3.0
2022-03-09T02:00:00,-9.6,6.19,89.8,0.0,6.9
2022-03-09T03:00:00,-8.9,7.22,91.6,0.0,14.8
2022-03-09T04:00:00,-8.6,7.63,90.6,0.0,19.7
2022-03-09T05:00:00,-8.5,7.1,90.5,0.0,13.5
2022-03-09T06:00:00,-8.3,6.71,89.5,11.9,10.0
2022-03-09T07:00:00,-8.1,6.99,89.2,18.4,12.1
2022-03-09T08:00:00,-7.9,6.74,93.6,24.5,10.5
2022-03-09T09:00:00,-8.0,6.1,86.9,31.8,6.2
2022-03-09T10:00:00,-8.5,5.79,90.8,44.0,5.0
2022-03-09T11:00:00,-8.9,5.28,90.1,42.3,2.7
2022-03-09T12:00:00,-8.8,1.93,85.9,39.0,0.0
2022-03-09T13:00:00,-8.6,1.1,89.4,38.5,0.0
2022-03-09T14:00:00,-9.8,1.78,90.9,44.3,0.0
2022-03-09T15:00:00,-10.6,3.45,87.0,28.1,0.0
2022-03-09T16:00:00,-10.7,4.75,92.8,22.7,1.4
2022-03-09T17:00:00,-11.0,5.32,90.0,18.3,3.0
2022-03-09T18:00:00,-11.0,5.57,91.2,11.2,4.0
2022-03-09T19:00:00,-10.7,5.82,90.8,0.0,4.7
2022-03-09T20:00:00,-10.6,5.91,92.4,0.0,5.4
2022-03-09T21:00:00,-10.5,6.11,88.0,0.0,6.2
2022-03-09T22:00:00,-10.3,6.31,85.2,0.0,7.3
2022-03-09T23:00:00,-10.3,6.31,87.7,0.0,7.5
2022-03-10T00:00:00,-10.4,6.61,91.4,0.0,10.1
2022-03-10T01:00:00,-10.4,6.54,91.8,0.0,9.5
2022-03-10T02:00:00,-10.2,6.58,93.1,0.0,9.6
2022-03-10T03:00:00,-9.9,6.22,88.4,0.0,7.0
2022-03-10T04:00:00,-9.6,5.77,90.7,0.0,4.9
2022-03-10T05:00:00,-9.2,5.22,90.4,0.0,2.7
2022-03-10T06:00:00,-8.9,4.6,88.4,8.8,1.1
2022-03-10T07:00:00,-8.7,4.5,91.5,21.2,0.9
2022-03-10T08:00:00,-8.6,4.2,87.1,30.8,0.5
2022-03-10T09:00:00,-8.9,3.9,86.9,38.0,0.2
2022-03-10T10:00:00,-9.2,4.0,93.4,39.2,0.3
2022-03-10T11:00:00,-9.6,4.3,92.0,35.8,0.6
2022-03-10T12:00:00,-11.1,3.89,88.3,48.4,0.2
2022-03-10T13:00:00,-10.9,4.62,91.0,35.8,1.1
2022-03-10T14:00:00,-11.2,5.39,85.6,37.1,3.3
2022-03-10T15:00:00,-11.3,5.57,90.5,32.1,3.9
2022-03-10T16:00:00,-11.5,5.49,88.2,23.6,3.7
2022-03-10T17:00:00,-11.7,5.43,91.3,18.1,3.3
2022-03-10T18:00:00,-11.8,5.65,94.2,9.2,4.3
2022-03-10T19:00:00,-11.7,6.12,92.9,0.0,6.6
2022-03-10T20:00:00,-11.8,6.18,91.0,0.0,7.0
2022-03-10T21:00:00,-12.0,6.02,94.0,0.0,5.9
2022-03-10T22:00:00,-12.3,5.68,92.5,0.0,4.5
2022-03-10T23:00:00,-12.6,5.69,92.4,0.0,4.3
2022-03-11T00:00:00,-12.7,5.63,88.7,0.0,4.3
2022-03-11T01:00:00,-12.7,5.82,87.5,0.0,4.7
2022-03-11T02:00:00,-12.4,5.19,94.5,0.0,2.6
2022-03-11T03:00:00,-11.9,5.03,88.2,0.0,2.0
2022-03-11T04:00:00,-11.5,4.74,96.2,0.0,1.3
2022-03-11T05:00:00,-11.0,4.54,91.7,0.0,0.9
2022-03-11T06:00:00,-10.7,4.03,89.3,8.0,0.3
2022-03-11T07:00:00,-10.6,3.71,89.4,18.7,0.1
2022-03-11T08:00:00,-10.7,3.32,91.0,23.7,0.0
2022-03-11T09:00:00,-10.9,3.24,89.0,36.0,0.0
2022-03-11T10:00:00,-11.4,3.22,92.0,31.6,0.0
2022-03-11T11:00:00,-11.6,4.3,90.4,43.2,0.6
2022-03-11T12:00:00,-11.5,5.38,91.4,37.0,3.1
2022-03-11T13:00:00,-11.7,5.72,92.4,43.1,4.6
2022-03-11T14:00:00,-12.0,6.32,85.2,39.8,8.1
2022-03-11T15:00:00,-12.2,6.77,86.7,27.7,11.4
2022-03-11T16:00:00,-12.2,6.65,90.6,27.7,10.3
2022-03-11T17:00:00,-11.8,6.41,92.7,18.8,8.3
2022-03-11T18:00:00,-11.6,5.89,91.9,10.1,5.1
2022-03-11T19:00:00,-11.9,5.63,91.2,0.0,4.2
2022-03-11T20:00:00,-11.9,5.52,91.9,0.0,3.7
2022-03-11T21:00:00,-12.1,5.35,87.2,0.0,3.0
2022-03-11T22:00:00,-12.2,5.35,94.1,0.0,3.1
2022-03-11T23:00:00,-12.3,5.32,92.8,0.0,2.9
2022-03-12T00:00:00,-12.4,5.0,92.6,0.0,1.9
2022-03-12T01:00:00,-12.2,4.71,91.7,0.0,1.3
2022-03-12T02:00:00,-12.6,4.61,91.5,0.0,1.1
2022-03-12T03:00:00,-11.9,4.46,90.6,0.0,0.8
2022-03-12T04:00:00,-11.5,4.03,89.2,0.0,0.3
2022-03-12T05:00:00,-11.5,3.23,92.7,0.0,0.0
2022-03-12T06:00:00,-11.5,2.15,92.7,7.0,0.0
2022-03-12T07:00:00,-10.1,1.62,89.9,17.4,0.0
2022-03-12T08:00:00,-8.7,1.35,89.4,28.0,0.0
2022-03-12T09:00:00,-8.4,0.86,85.8,34.6,0.0
2022-03-12T10:00:00,-8.3,0.61,89.7,39.4,0.0
2022-03-12T11:00:00,-8.8,1.7,88.4,42.0,0.0
2022-03-12T12:00:00,-11.8,2.97,91.8,44.2,0.0
2022-03-12T13:00:00,-10.8,4.49,89.4,41.0,0.9
2022-03-12T14:00:00,-9.8,5.54,92.1,32.4,3.8
2022-03-12T15:00:00,-9.6,5.91,88.9,33.1,5.1
2022-03-12T16:00:00,-9.4,6.11,90.9,26.2,6.5
2022-03-12T17:00:00,-9.2,6.21,90.5,19.7,7.2
2022-03-12T18:00:00,-8.8,6.34,90.9,6.8,7.5
2022-03-12T19:00:00,-8.6,6.69,91.5,0.0,10.2
2022-03-12T20:00:00,-8.6,7.0,93.3,0.0,12.8
2022-03-12T21:00:00,-8.7,6.74,88.9,0.0,10.2
2022-03-12T22:00:00,-8.9,6.5,91.4,0.0,8.7
2022-03-12T23:00:00,-9.0,6.6,88.1,0.0,10.0
2022-03-13T00:00:00,-8.6,7.57,91.0,0.0,18.7
2022-03-13T01:00:00,-8.8,7.86,95.4,0.0,22.3
2022-03-13T02:00:00,-9.2,6.08,88.6,0.0,6.5
2022-03-13T03:00:00,-9.3,5.61,85.8,0.0,4.1
2022-03-13T04:00:00,-9.1,5.26,91.7,0.0,2.6
2022-03-13T05:00:00,-8.8,4.83,89.5,0.0,1.6
2022-03-13T06:00:00,-8.4,4.63,89.2,7.6,1.2
2022-03-13T07:00:00,-8.3,4.61,91.2,14.9,1.1
2022-03-13T08:00:00,-8.3,4.61,90.9,25.9,1.1
2022-03-13T09:00:00,-8.4,4.79,89.8,26.5,1.4
2022-03-13T10:00:00,-8.3,4.94,89.9,38.1,1.9
2022-03-13T11:00:00,-8.5,5.45,86.7,43.6,3.6
2022-03-13T12:00:00,-8.0,7.91,87.8,34.1,22.3
2022-03-13T13:00:00,-8.4,8.03,89.7,38.2,22.9
2022-03-13T14:00:00,-8.8,7.57,89.7,41.2,18.4
2022-03-13T15:00:00,-9.3,6.75,85.5,29.6,11.0
2022-03-13T16:00:00,-9.6,7.03,90.7,22.7,13.2
2022-03-13T17:00:00,-9.7,7.43,91.4,15.8,16.6
2022-03-13T18:00:00,-9.7,7.96,93.6,8.2,23.2
2022-03-13T19:00:00,-9.9,8.03,94.8,0.0,23.8
2022-03-13T20:00:00,-10.1,7.71,91.9,0.0,19.4
2022-03-13T21:00:00,-10.1,7.74,85.2,0.0,19.3
2022-03-13T22:00:00,-10.2,8.1,88.2,0.0,25.3
2022-03-13T23:00:00,-10.4,8.02,89.2,0.0,24.6
2022-03-14T00:00:00,-10.1,9.94,92.2,0.0,59.0
2022-03-14T01:00:00,-10.5,9.05,89.4,0.0,40.4
2022-03-14T02:00:00,-10.8,8.23,88.9,0.0,26.0
2022-03-14T03:00:00,-11.1,7.55,90.2,0.0,17.8
2022-03-14T04:00:00,-10.9,7.18,89.9,0.0,14.7
2022-03-14T05:00:00,-10.6,7.23,88.1,0.0,14.1
2022-03-14T06:00:00,-10.4,7.11,89.2,7.2,13.9
2022-03-14T07:00:00,-10.1,7.01,88.6,14.0,12.4
2022-03-14T08:00:00,-9.9,7.01,90.9,24.5,12.4
2022-03-14T09:00:00,-9.8,6.9,91.8,33.8,11.7
2022-03-14T10:00:00,-9.8,6.4,90.7,41.2,8.0
2022-03-14T11:00:00,-10.0,6.2,91.0,32.2,7.2
2022-03-14T12:00:00,-9.9,7.22,85.7,41.8,15.4
2022-03-14T13:00:00,-9.8,7.32,88.4,41.7,15.8
2022-03-14T14:00:00,-10.1,7.13,90.3,35.9,14.5
2022-03-14T15:00:00,-10.7,6.73,91.0,33.4,10.7
2022-03-14T16:00:00,-11.2,6.57,89.0,27.1,9.2
2022-03-14T17:00:00,-11.6,6.46,93.3,15.8,9.0
2022-03-14T18:00:00,-11.7,6.57,87.6,6.1,9.9
2022-03-14T19:00:00,-11.7,6.82,90.2,0.0,11.4
2022-03-14T20:00:00,-11.8,6.81,87.8,0.0,11.6
2022-03-14T21:00:00,-11.7,6.97,91.6,0.0,12.1
2022-03-14T22:00:00,-11.5,7.23,90.2,0.0,14.6
2022-03-14T23:00:00,-11.4,7.5,93.4,0.0,16.9
2022-03-15T00:00:00,-10.9,7.61,91.1,0.0,18.3
2022-03-15T01:00:00,-10.8,8.17,90.0,0.0,24.3
2022-03-15T02:00:00,-10.2,8.35,92.1,0.0,28.1
2022-03-15T03:00:00,-9.4,8.25,91.0,0.0,25.9
2022-03-15T04:00:00,-8.6,8.65,88.8,0.0,33.9
2022-03-15T05:00:00,-8.4,8.42,89.1,0.0,30.2
2022-03-15T06:00:00,-8.4,6.18,91.9,6.1,7.1
2022-03-15T07:00:00,-7.8,5.63,93.3,13.0,4.1
2022-03-15T08:00:00,-7.0,5.99,90.7,23.3,5.6
2022-03-15T09:00:00,-6.3,6.95,88.7,26.1,12.4
2022-03-15T10:00:00,-6.4,6.26,89.0,33.0,7.4
2022-03-15T11:00:00,-7.1,5.46,90.2,40.3,3.6
2022-03-15T12:00:00,-4.7,7.16,93.1,38.6,13.8
2022-03-15T13:00:00,-5.1,7.06,93.1,33.7,13.9
2022-03-15T14:00:00,-4.6,8.36,89.9,38.6,26.9
2022-03-15T15:00:00,-4.1,9.12,90.8,32.0,39.6
2022-03-15T16:00:00,-4.1,8.91,92.5,21.2,36.4
2022-03-15T17:00:00,-4.4,7.0,88.2,15.0,12.4
2022-03-15T18:00:00,-4.5,6.43,86.2,7.1,8.7
2022-03-15T19:00:00,-4.5,7.37,89.4,0.0,16.1
2022-03-15T20:00:00,-4.4,8.32,89.2,0.0,26.5
2022-03-15T21:00:00,-4.3,7.47,91.7,0.0,16.7
2022-03-15T22:00:00,-4.4,6.45,91.4,0.0,8.2
2022-03-15T23:00:00,-4.2,6.84,94.6,0.0,11.5
2022-03-16T00:00:00,-3.9,9.38,89.4,0.0,46.9
2022-03-16T01:00:00,-4.3,9.26,86.3,0.0,42.9
2022-03-16T02:00:00,-4.3,9.26,89.9,0.0,42.6
2022-03-16T03:00:00,-4.1,9.27,87.3,0.0,40.9
2022-03-16T04:00:00,-3.9,10.01,91.0,0.0,55.7
2022-03-16T05:00:00,-4.0,10.25,92.0,0.0,64.0
2022-03-16T06:00:00,-4.0,10.34,88.1,5.7,65.1
2022-03-16T07:00:00,-4.2,9.14,91.4,15.0,42.0
2022-03-16T08:00:00,-4.7,8.91,92.8,21.9,36.7
2022-03-16T09:00:00,-5.4,8.63,91.4,29.8,31.4
2022-03-16T10:00:00,-5.9,8.24,91.5,37.8,27.7
2022-03-16T11:00:00,-6.6,7.6,86.4,41.0,18.6
2022-03-16T12:00:00,-7.4,6.96,87.9,34.6,12.1
2022-03-16T13:00:00,-8.0,7.12,89.6,32.3,13.3
2022-03-16T14:00:00,-8.6,7.03,86.8,36.3,13.6
2022-03-16T15:00:00,-9.2,6.42,92.0,34.4,8.6
2022-03-16T16:00:00,-9.6,6.04,89.7,24.5,6.4
2022-03-16T17:00:00,-9.9,5.63,90.4,16.0,4.1
2022-03-16T18:00:00,-10.1,5.39,88.8,5.0,3.2
2022-03-16T19:00:00,-10.0,5.66,85.5,0.0,4.3
2022-03-16T20:00:00,-10.5,5.04,88.9,0.0,2.0
2022-03-16T21:00:00,-10.5,5.12,93.5,0.0,2.2
2022-03-16T22:00:00,-10.4,5.14,87.8,0.0,2.4
2022-03-16T23:00:00,-11.0,4.73,94.1,0.0,1.3
2022-03-17T00:00:00,-10.7,5.37,93.0,0.0,3.2
2022-03-17T01:00:00,-10.6,5.28,85.7,0.0,2.7
2022-03-17T02:00:00,-10.4,5.22,95.3,0.0,2.6
2022-03-17T03:00:00,-10.0,4.6,88.5,0.0,1.1
2022-03-17T04:00:00,-10.1,3.38,92.1,0.0,0.0
2022-03-17T05:00:00,-9.4,3.2,91.0,0.0,0.0
2022-03-17T06:00:00,-8.7,3.55,87.6,4.3,0.1
2022-03-17T07:00:00,-8.2,3.67,89.4,15.5,0.1
2022-03-17T08:00:00,-8.1,3.47,85.8,19.8,0.0
2022-03-17T09:00:00,-8.3,3.63,85.9,32.6,0.1
2022-03-17T10:00:00,-8.9,3.81,91.1,31.6,0.2
2022-03-17T11:00:00,-9.7,3.72,91.5,39.6,0.1
2022-03-17T12:00:00,-9.6,3.11,90.2,43.4,0.0
2022-03-17T13:00:00,-8.2,2.34,90.0,37.4,0.0
2022-03-17T14:00:00,-6.8,1.94,90.6,30.8,0.0
2022-03-17T15:00:00,-9.2,2.84,91.0,26.0,0.0
2022-03-17T16:00:00,-9.9,4.02,87.9,22.5,0.3
2022-03-17T17:00:00,-7.8,5.59,93.4,15.5,3.8
2022-03-17T18:00:00,-7.6,5.71,87.8,4.5,4.3
2022-03-17T19:00:00,-8.3,4.81,90.0,0.0,1.5
2022-03-17T20:00:00,-10.1,3.26,89.9,0.0,0.0
2022-03-17T21:00:00,-7.2,2.09,87.9,0.0,0.0
2022-03-17T22:00:00,-5.8,1.34,91.0,0.0,0.0
2022-03-17T23:00:00,-5.5,0.94,91.7,0.0,0.0
2022-03-18T00:00:00,-10.2,2.77,88.2,0.0,0.0
2022-03-18T01:00:00,-7.9,3.42,90.9,0.0,0.0
2022-03-18T02:00:00,-7.6,4.47,89.1,0.0,0.9
2022-03-18T03:00:00,-7.7,5.73,90.1,0.0,4.4
2022-03-18T04:00:00,-7.4,5.94,92.5,0.0,5.5
2022-03-18T05:00:00,-7.1,5.95,87.9,0.0,5.5
2022-03-18T06:00:00,-7.3,5.98,90.5,4.4,5.8
2022-03-18T07:00:00,-7.4,5.8,90.3,14.4,5.1
2022-03-18T08:00:00,-7.6,5.14,87.8,21.3,2.4
2022-03-18T09:00:00,-7.9,4.96,90.6,27.0,1.9
2022-03-18T10:00:00,-8.0,5.16,90.4,34.5,2.3
2022-03-18T11:00:00,-7.9,5.66,90.2,31.3,4.3
2022-03-18T12:00:00,-8.1,6.0,93.2,38.2,5.7
2022-03-18T13:00:00,-8.2,5.94,91.2,32.7,5.7
2022-03-18T14:00:00,-7.9,6.23,90.9,30.1,7.2
2022-03-18T15:00:00,-7.2,6.69,91.3,24.5,10.4
2022-03-18T16:00:00,-7.1,6.8,88.6,25.3,11.5
2022-03-18T17:00:00,-6.9,6.28,91.9,14.7,7.1
2022-03-18T18:00:00,-6.2,5.39,93.6,3.8,3.2
2022-03-18T19:00:00,-6.0,5.24,90.6,0.0,2.7
2022-03-18T20:00:00,-7.9,4.54,87.8,0.0,1.0
2022-03-18T21:00:00,-8.3,4.0,90.2,0.0,0.3
2022-03-18T22:00:00,-8.7,2.92,91.0,0.0,0.0
2022-03-18T23:00:00,-7.8,2.52,86.8,0.0,0.0
2022-03-19T00:00:00,-7.2,4.55,91.0,0.0,1.0
2022-03-19T01:00:00,-5.3,7.01,91.2,0.0,13.5
2022-03-19T02:00:00,-4.5,7.22,94.5,0.0,14.7
2022-03-19T03:00:00,-4.4,6.3,90.4,0.0,7.4
2022-03-19T04:00:00,-4.5,6.45,92.4,0.0,8.8
2022-03-19T05:00:00,-4.1,6.01,88.9,0.0,5.9
2022-03-19T06:00:00,-4.0,5.79,86.9,2.9,4.9
2022-03-19T07:00:00,-4.6,5.6,91.1,14.8,4.2
2022-03-19T08:00:00,-4.8,5.44,91.2,21.6,3.5
2022-03-19T09:00:00,-5.3,4.59,89.8,26.4,1.0
2022-03-19T10:00:00,-6.4,4.06,89.0,37.1,0.4
2022-03-19T11:00:00,-7.0,4.0,91.2,34.9,0.3
2022-03-19T12:00:00,-6.8,3.26,90.3,41.3,0.0
2022-03-19T13:00:00,-7.8,3.64,92.7,31.5,0.1
2022-03-19T14:00:00,-9.7,4.02,88.5,28.9,0.3
2022-03-19T15:00:00,-9.4,4.57,88.8,32.4,1.0
2022-03-19T16:00:00,-9.7,4.65,87.7,23.1,1.2
2022-03-19T17:00:00,-10.2,4.37,91.9,14.6,0.7
2022-03-19T18:00:00,-10.3,4.18,89.8,2.9,0.4
2022-03-19T19:00:00,-9.0,4.15,89.4,0.0,0.4
2022-03-19T20:00:00,-8.8,4.2,90.6,0.0,0.5
2022-03-19T21:00:00,-8.7,4.24,88.2,0.0,0.5
2022-03-19T22:00:00,-10.1,4.57,90.3,0.0,1.0
2022-03-19T23:00:00,-10.5,4.63,87.6,0.0,1.1
2022-03-20T00:00:00,-10.6,3.97,91.2,0.0,0.3
2022-03-20T01:00:00,-10.5,3.88,85.9,0.0,0.2
2022-03-20T02:00:00,-10.6,3.62,90.3,0.0,0.1
2022-03-20T03:00:00,-9.8,3.57,88.8,0.0,0.1
2022-03-20T04:00:00,-9.0,3.5,89.0,0.0,0.0
2022-03-20T05:00:00,-8.6,3.41,89.6,0.0,0.0
2022-03-20T06:00:00,-7.9,3.32,89.1,1.9,0.0
2022-03-20T07:00:00,-7.2,3.49,92.4,12.1,0.0
2022-03-20T08:00:00,-6.9,3.7,90.9,19.5,0.1
2022-03-20T09:00:00,-6.7,3.73,89.9,27.5,0.1
2022-03-20T10:00:00,-6.6,3.7,89.7,26.7,0.1
2022-03-20T11:00:00,-6.7,3.88,86.5,30.1,0.2
2022-03-20T12:00:00,-7.2,3.42,90.4,35.5,0.0
2022-03-20T13:00:00,-7.1,3.45,89.7,34.8,0.0
2022-03-20T14:00:00,-7.1,3.49,91.1,31.0,0.0
2022-03-20T15:00:00,-7.1,4.18,88.5,28.0,0.5
2022-03-20T16:00:00,-7.2,4.61,89.8,17.1,1.1
2022-03-20T17:00:00,-7.3,4.78,89.1,14.1,1.4
2022-03-20T18:00:00,-6.7,4.84,90.0,2.3,1.6
2022-03-20T19:00:00,-6.9,4.44,88.4,0.0,0.8
2022-03-20T20:00:00,-6.6,4.92,89.6,0.0,1.8
2022-03-20T21:00:00,-6.5,6.32,92.4,0.0,7.6
2022-03-20T22:00:00,-6.9,6.36,90.8,0.0,8.2
2022-03-20T23:00:00,-7.6,6.13,92.8,0.0,6.4
2022-03-21T00:00:00,-9.5,6.75,91.1,0.0,11.1
2022-03-21T01:00:00,-9.3,6.52,87.7,0.0,9.4
2022-03-21T02:00:00,-9.1,5.91,89.2,0.0,5.3
2022-03-21T03:00:00,-8.8,5.52,93.3,0.0,3.7
2022-03-21T04:00:00,-8.3,5.79,89.7,0.0,5.0
2022-03-21T05:00:00,-7.8,5.43,87.2,0.0,3.3
2022-03-21T06:00:00,-7.5,4.65,91.0,1.0,1.2
2022-03-21T07:00:00,-7.7,3.04,86.9,11.7,0.0
2022-03-21T08:00:00,-6.6,0.22,89.3,21.8,0.0
2022-03-21T09:00:00,-7.9,2.12,90.4,24.7,0.0
2022-03-21T10:00:00,-7.0,3.05,88.6,31.2,0.0
2022-03-21T11:00:00,-7.6,2.62,89.3,30.7,0.0
2022-03-21T12:00:00,-3.4,1.34,91.0,37.4,0.0
2022-03-21T13:00:00,-3.7,4.71,90.2,30.9,1.3
2022-03-21T14:00:00,-3.6,5.25,91.2,35.5,2.8
2022-03-21T15:00:00,-3.6,4.41,87.5,29.5,0.8
2022-03-21T16:00:00,-3.7,4.1,91.9,21.2,0.4
2022-03-21T17:00:00,-3.1,5.0,90.1,12.0,1.9
2022-03-21T18:00:00,-2.3,6.74,90.2,1.0,10.6
2022-03-21T19:00:00,-1.7,7.8,91.2,0.0,21.1
2022-03-21T20:00:00,-1.5,7.8,87.6,0.0,22.0
2022-03-21T21:00:00,-1.1,9.11,90.0,0.0,41.3
2022-03-21T22:00:00,-0.6,11.21,89.9,0.0,91.6
2022-03-21T23:00:00,-0.8,10.77,90.8,0.0,75.7
2022-03-22T00:00:00,-0.5,9.87,91.8,0.0,52.8
2022-03-22T01:00:00,-0.1,11.39,92.9,0.0,97.3
2022-03-22T02:00:00,-0.2,12.61,90.9,0.0,115.0
2022-03-22T03:00:00,-0.8,12.17,87.3,0.0,117.8
2022-03-22T04:00:00,-1.1,10.83,87.5,0.0,75.5
2022-03-22T05:00:00,-1.3,10.44,94.6,0.0,70.1
2022-03-22T06:00:00,-1.6,10.34,94.5,0.0,62.8
2022-03-22T07:00:00,-1.9,9.66,91.8,12.6,51.5
2022-03-22T08:00:00,-2.2,8.55,91.4,21.1,32.4
2022-03-22T09:00:00,-2.5,7.84,92.1,29.3,20.8
2022-03-22T10:00:00,-2.8,7.57,92.2,35.5,19.1
2022-03-22T11:00:00,-3.1,7.52,88.5,31.3,17.2
2022-03-22T12:00:00,-3.5,6.58,88.2,29.0,9.1
2022-03-22T13:00:00,-3.8,5.8,93.2,28.8,5.0
2022-03-22T14:00:00,-4.4,4.72,87.8,27.0,1.3
2022-03-22T15:00:00,-4.0,4.74,90.1,28.6,1.4
2022-03-22T16:00:00,-3.7,5.77,87.7,22.5,5.0
2022-03-22T17:00:00,-3.7,6.11,88.9,9.7,6.4
2022-03-22T18:00:00,-3.8,5.87,86.1,0.0,5.4
2022-03-22T19:00:00,-3.8,5.59,89.7,0.0,4.2
2022-03-22T20:00:00,-3.8,5.87,88.7,0.0,5.1
2022-03-22T21:00:00,-3.7,6.09,87.3,0.0,6.7
2022-03-22T22:00:00,-3.8,5.96,89.6,0.0,5.4
2022-03-22T23:00:00,-3.8,6.17,92.8,0.0,6.6
2022-03-23T00:00:00,-3.9,8.14,90.8,0.0,24.3
2022-03-23T01:00:00,-4.1,7.78,90.2,0.0,20.9
2022-03-23T02:00:00,-4.4,8.08,92.4,0.0,24.3
2022-03-23T03:00:00,-4.5,7.41,87.8,0.0,15.8
2022-03-23T04:00:00,-4.5,6.04,90.3,0.0,6.2
2022-03-23T05:00:00,-3.9,5.56,89.2,0.0,3.9
2022-03-23T06:00:00,-3.6,5.49,90.8,0.0,3.7
2022-03-23T07:00:00,-3.6,5.26,93.6,11.4,2.8
2022-03-23T08:00:00,-3.6,5.22,92.8,17.9,2.5
2022-03-23T09:00:00,-3.7,4.71,90.9,24.3,1.3
2022-03-23T10:00:00,-3.9,4.05,91.4,26.1,0.3
2022-03-23T11:00:00,-5.0,3.6,91.0,37.8,0.1
2022-03-23T12:00:00,-5.1,4.21,88.1,30.9,0.5
2022-03-23T13:00:00,-6.0,5.02,93.2,38.5,2.0
2022-03-23T14:00:00,-6.0,5.61,89.6,31.8,4.2
2022-03-23T15:00:00,-6.0,5.8,84.1,25.0,4.9
2022-03-23T16:00:00,-6.1,5.71,88.5,17.6,4.6
2022-03-23T17:00:00,-6.8,6.13,91.0,8.5,6.7
2022-03-23T18:00:00,-7.3,6.65,89.8,0.0,9.8
2022-03-23T19:00:00,-7.7,7.04,90.3,0.0,12.7
2022-03-23T20:00:00,-7.7,7.59,85.7,0.0,18.1
2022-03-23T21:00:00,-7.1,7.33,93.8,0.0,15.6
2022-03-23T22:00:00,-6.8,6.69,92.0,0.0,10.7
2022-03-23T23:00:00,-7.3,6.32,89.7,0.0,7.4
2022-03-24T00:00:00,-7.1,7.25,90.5,0.0,14.9
2022-03-24T01:00:00,-7.2,6.86,93.3,0.0,11.5
2022-03-24T02:00:00,-8.0,6.17,88.8,0.0,6.9
2022-03-24T03:00:00,-7.9,5.82,87.0,0.0,4.8
2022-03-24T04:00:00,-7.5,5.54,88.2,0.0,3.6
2022-03-24T05:00:00,-7.2,5.01,92.3,0.0,2.0
2022-03-24T06:00:00,-6.7,4.64,88.2,0.0,1.1
2022-03-24T07:00:00,-6.2,4.59,87.8,9.3,1.1
2022-03-24T08:00:00,-6.0,4.92,86.3,15.5,1.8
2022-03-24T09:00:00,-6.4,4.96,91.9,22.5,1.8
2022-03-24T10:00:00,-6.9,5.02,89.6,27.8,2.1
2022-03-24T11:00:00,-7.4,5.3,88.1,29.5,2.8
2022-03-24T12:00:00,-7.7,5.92,89.9,34.8,5.2
2022-03-24T13:00:00,-7.8,6.4,92.5,38.2,8.3
2022-03-24T14:00:00,-8.0,6.6,90.7,31.8,9.9
2022-03-24T15:00:00,-8.2,6.51,91.9,22.9,9.4
2022-03-24T16:00:00,-8.5,6.42,89.4,20.0,8.1
2022-03-24T17:00:00,-8.6,6.53,92.4,10.2,8.9
2022-03-24T18:00:00,-8.8,6.7,91.2,0.0,10.7
2022-03-24T19:00:00,-9.0,6.6,89.5,0.0,10.0
2022-03-24T20:00:00,-9.2,6.91,90.8,0.0,11.5
2022-03-24T21:00:00,-9.5,7.01,91.8,0.0,13.2
2022-03-24T22:00:00,-9.7,7.34,90.2,0.0,15.6
2022-03-24T23:00:00,-9.9,7.55,91.4,0.0,17.8
2022-03-25T00:00:00,-10.3,7.32,90.7,0.0,16.5
2022-03-25T01:00:00,-10.5,7.91,90.4,0.0,22.7
2022-03-25T02:00:00,-10.6,8.11,90.3,0.0,24.2
2022-03-25T03:00:00,-10.5,8.11,89.5,0.0,24.7
2022-03-25T04:00:00,-10.3,8.3,89.9,0.0,27.2
2022-03-25T05:00:00,-10.1,8.31,87.9,0.0,27.6
2022-03-25T06:00:00,-9.9,8.35,90.0,0.0,28.3
2022-03-25T07:00:00,-9.7,8.55,89.3,8.2,30.3
2022-03-25T08:00:00,-9.7,8.98,90.0,17.9,36.6
2022-03-25T09:00:00,-9.7,9.17,91.3,23.3,42.9
2022-03-25T10:00:00,-9.9,9.24,87.8,30.6,43.6
2022-03-25T11:00:00,-10.2,9.18,90.9,36.1,39.2
2022-03-25T12:00:00,-11.2,9.91,93.7,33.5,53.9
2022-03-25T13:00:00,-11.5,9.79,91.3,36.7,51.1
2022-03-25T14:00:00,-11.6,9.58,89.2,29.6,47.4
2022-03-25T15:00:00,-11.7,9.29,91.0,25.3,43.0
2022-03-25T16:00:00,-11.8,9.85,93.9,20.3,55.2
2022-03-25T17:00:00,-12.0,10.92,86.7,10.2,81.7
2022-03-25T18:00:00,-12.1,11.23,90.3,0.0,85.8
2022-03-25T19:00:00,-12.3,10.86,91.7,0.0,78.6
2022-03-25T20:00:00,-12.5,10.4,90.8,0.0,65.4
2022-03-25T21:00:00,-12.6,10.5,89.5,0.0,66.9
2022-03-25T22:00:00,-12.7,10.6,91.0,0.0,73.9
2022-03-25T23:00:00,-12.7,10.5,92.0,0.0,68.6
2022-03-26T00:00:00,-13.1,9.92,91.4,0.0,56.6
2022-03-26T01:00:00,-13.1,10.1,91.2,0.0,61.2
2022-03-26T02:00:00,-13.0,10.0,90.0,0.0,60.5
2022-03-26T03:00:00,-12.6,10.22,92.4,0.0,63.7
2022-03-26T04:00:00,-12.2,10.1,91.3,0.0,63.2
2022-03-26T05:00:00,-11.7,10.02,88.4,0.0,60.8
2022-03-26T06:00:00,-11.3,9.34,89.2,0.0,44.1
2022-03-26T07:00:00,-11.0,8.61,92.3,8.1,30.5
2022-03-26T08:00:00,-10.8,8.06,90.0,19.1,24.7
2022-03-26T09:00:00,-10.7,7.75,91.7,20.6,20.0
2022-03-26T10:00:00,-10.8,7.69,92.3,29.9,18.9
2022-03-26T11:00:00,-11.1,7.54,87.3,27.1,17.8
2022-03-26T12:00:00,-11.4,7.88,90.5,35.4,21.4
2022-03-26T13:00:00,-11.8,7.81,92.8,33.8,20.3
2022-03-26T14:00:00,-12.3,7.34,94.8,26.0,16.3
2022-03-26T15:00:00,-12.7,6.89,90.2,20.6,12.1
2022-03-26T16:00:00,-12.8,7.22,92.7,16.2,14.1
2022-03-26T17:00:00,-12.8,6.9,92.3,8.0,11.5
2022-03-26T18:00:00,-13.0,6.25,92.5,0.0,7.2
2022-03-26T19:00:00,-13.3,6.24,88.0,0.0,7.6
2022-03-26T20:00:00,-13.4,6.8,90.2,0.0,10.7
2022-03-26T21:00:00,-13.5,6.94,92.2,0.0,12.2
2022-03-26T22:00:00,-13.6,6.72,90.3,0.0,10.8
2022-03-26T23:00:00,-13.7,6.4,90.5,0.0,8.4
2022-03-27T00:00:00,-14.1,5.55,92.0,0.0,3.7
2022-03-27T01:00:00,-13.9,5.95,94.5,0.0,5.4
2022-03-27T02:00:00,-13.8,6.04,91.4,0.0,6.3
2022-03-27T03:00:00,-13.4,5.55,88.7,0.0,3.8
2022-03-27T04:00:00,-12.7,5.52,92.5,0.0,3.7
2022-03-27T05:00:00,-12.3,5.1,92.6,0.0,2.1
2022-03-27T06:00:00,-12.3,4.4,94.2,0.0,0.8
2022-03-27T07:00:00,-12.1,4.7,91.0,8.4,1.2
2022-03-27T08:00:00,-11.9,5.1,90.2,17.0,2.3
2022-03-27T09:00:00,-12.0,5.51,92.9,22.7,3.5
2022-03-27T10:00:00,-12.1,6.12,91.9,31.7,6.3
2022-03-27T11:00:00,-12.4,6.93,88.5,29.9,12.7
2022-03-27T12:00:00,-13.1,6.5,92.3,32.3,9.0
2022-03-27T13:00:00,-13.2,7.13,88.6,36.0,13.6
2022-03-27T14:00:00,-13.2,7.95,86.2,24.4,23.3
2022-03-27T15:00:00,-13.1,8.06,91.1,24.8,24.6
2022-03-27T16:00:00,-13.2,7.85,91.8,18.1,21.0
2022-03-27T17:00:00,-13.3,7.43,89.6,7.2,16.1
2022-03-27T18:00:00,-13.1,6.92,94.3,0.0,12.7
2022-03-27T19:00:00,-12.8,6.7,94.3,0.0,10.0
2022-03-27T20:00:00,-12.7,6.8,92.1,0.0,11.3
2022-03-27T21:00:00,-12.8,6.7,91.1,0.0,10.7
2022-03-27T22:00:00,-13.0,6.8,90.2,0.0,11.6
2022-03-27T23:00:00,-13.5,6.9,91.5,0.0,12.3
2022-03-28T00:00:00,-13.4,5.89,88.6,0.0,5.5
2022-03-28T01:00:00,-13.5,5.84,94.3,0.0,4.8
2022-03-28T02:00:00,-14.1,5.92,90.8,0.0,5.2
2022-03-28T03:00:00,-14.0,6.1,94.4,0.0,6.1
2022-03-28T04:00:00,-13.5,6.0,91.5,0.0,6.1
2022-03-28T05:00:00,-13.1,5.42,91.4,0.0,3.3
2022-03-28T06:00:00,-12.7,5.02,93.8,0.0,2.0
2022-03-28T07:00:00,-12.3,5.0,91.5,5.7,2.0
2022-03-28T08:00:00,-12.2,5.2,91.6,17.0,2.4
2022-03-28T09:00:00,-12.0,5.4,92.8,21.1,3.1
2022-03-28T10:00:00,-12.0,5.5,92.2,31.3,3.5
2022-03-28T11:00:00,-11.8,5.4,90.5,34.2,3.1
2022-03-28T12:00:00,-12.0,4.49,90.4,30.1,0.8
2022-03-28T13:00:00,-12.0,4.59,91.5,26.7,1.1
2022-03-28T14:00:00,-13.2,4.22,94.0,28.6,0.5
2022-03-28T15:00:00,-14.1,4.34,94.3,24.8,0.7
2022-03-28T16:00:00,-14.2,4.74,93.7,16.8,1.3
2022-03-28T17:00:00,-14.3,4.96,93.9,5.7,1.8
2022-03-28T18:00:00,-14.3,4.79,93.9,0.0,1.5
2022-03-28T19:00:00,-14.2,4.83,90.9,0.0,1.6
2022-03-28T20:00:00,-14.3,4.7,91.8,0.0,1.3
2022-03-28T21:00:00,-14.4,4.44,89.1,0.0,0.8
2022-03-28T22:00:00,-14.5,4.18,93.2,0.0,0.5
2022-03-28T23:00:00,-13.4,4.44,91.3,0.0,0.8
2022-03-29T00:00:00,-13.8,4.34,90.8,0.0,0.7
2022-03-29T01:00:00,-14.3,3.92,92.0,0.0,0.3
2022-03-29T02:00:00,-12.9,3.92,92.0,0.0,0.2
2022-03-29T03:00:00,-12.9,2.93,91.1,0.0,0.0
2022-03-29T04:00:00,-10.5,1.6,89.5,0.0,0.0
2022-03-29T05:00:00,-9.1,0.54,91.7,0.0,0.0
2022-03-29T06:00:00,-9.9,1.56,89.9,0.0,0.0
2022-03-29T07:00:00,-10.1,2.01,92.2,5.9,0.0
2022-03-29T08:00:00,-7.8,1.3,89.9,16.6,0.0
2022-03-29T09:00:00,-7.7,0.71,91.5,20.8,0.0
2022-03-29T10:00:00,-10.3,2.26,90.5,30.6,0.0
2022-03-29T11:00:00,-10.4,2.31,89.0,26.2,0.0
2022-03-29T12:00:00,-8.5,1.94,88.2,34.1,0.0
2022-03-29T13:00:00,-7.4,1.32,90.8,29.1,0.0
2022-03-29T14:00:00,-7.1,0.7,88.4,27.7,0.0
2022-03-29T15:00:00,-6.9,1.14,91.0,25.2,0.0
2022-03-29T16:00:00,-8.8,2.04,90.8,13.6,0.0
2022-03-29T17:00:00,-7.3,1.68,91.6,6.9,0.0
2022-03-29T18:00:00,-7.2,1.82,87.4,0.0,0.0
2022-03-29T19:00:00,-5.4,1.08,91.8,0.0,0.0
2022-03-29T20:00:00,-5.2,0.82,91.6,0.0,0.0
2022-03-29T21:00:00,-5.8,1.55,89.2,0.0,0.0
2022-03-29T22:00:00,-7.6,2.15,89.0,0.0,0.0
2022-03-29T23:00:00,-8.2,2.47,93.3,0.0,0.0
2022-03-30T00:00:00,-7.8,2.56,90.0,0.0,0.0
2022-03-30T01:00:00,-7.3,2.06,90.7,0.0,0.0
2022-03-30T02:00:00,-6.9,1.57,91.4,0.0,0.0
2022-03-30T03:00:00,-7.3,2.33,92.2,0.0,0.0
2022-03-30T04:00:00,-6.9,2.6,89.1,0.0,0.0
2022-03-30T05:00:00,-6.2,3.7,91.6,0.0,0.1
2022-03-30T06:00:00,-5.6,5.13,89.7,0.0,2.2
2022-03-30T07:00:00,-5.4,5.47,91.4,4.5,3.3
2022-03-30T08:00:00,-5.6,5.32,90.6,11.9,3.1
2022-03-30T09:00:00,-5.7,5.38,90.6,24.7,3.2
2022-03-30T10:00:00,-6.1,6.62,90.5,25.6,9.6
2022-03-30T11:00:00,-6.6,8.5,90.9,27.7,31.4
2022-03-30T12:00:00,-6.3,7.72,89.0,33.2,19.1
2022-03-30T13:00:00,-6.4,9.55,89.1,25.7,50.1
2022-03-30T14:00:00,-6.8,11.11,92.7,26.2,87.2
2022-03-30T15:00:00,-6.7,12.03,88.4,24.2,116.6
2022-03-30T16:00:00,-6.6,10.98,91.3,13.4,81.1
2022-03-30T17:00:00,-6.8,11.4,93.7,4.6,94.7
2022-03-30T18:00:00,-7.1,12.38,87.5,0.0,116.7
2022-03-30T19:00:00,-7.5,13.3,89.3,0.0,108.6
2022-03-30T20:00:00,-7.8,13.58,89.1,0.0,119.3
2022-03-30T21:00:00,-8.0,14.0,85.5,0.0,112.3
2022-03-30T22:00:00,-8.3,14.07,92.4,0.0,112.5
2022-03-30T23:00:00,-8.5,14.0,87.6,0.0,113.3
2022-03-31T00:00:00,-8.3,10.19,89.5,0.0,60.8
2022-03-31T01:00:00,-8.3,10.03,91.4,0.0,56.7
2022-03-31T02:00:00,-8.3,9.02,90.1,0.0,37.5
2022-03-31T03:00:00,-8.1,9.77,90.7,0.0,51.2
2022-03-31T04:00:00,-8.1,9.7,91.0,0.0,52.2
2022-03-31T05:00:00,-8.1,8.86,93.0,0.0,37.5
2022-03-31T06:00:00,-8.1,8.57,93.8,0.0,30.6
2022-03-31T07:00:00,-8.2,8.11,87.8,3.8,23.9
2022-03-31T08:00:00,-8.4,8.32,89.5,15.2,28.5
2022-03-31T09:00:00,-8.4,8.11,91.8,20.4,23.7
2022-03-31T10:00:00,-8.6,7.17,89.4,23.8,15.0
2022-03-31T11:00:00,-8.7,6.62,91.0,25.6,9.4
2022-03-31T12:00:00,-9.3,5.0,91.8,27.2,2.0
2022-03-31T13:00:00,-11.3,3.14,90.9,23.9,0.0
2022-03-31T14:00:00,-11.3,2.83,88.0,29.5,0.0
2022-03-31T15:00:00,-11.0,3.02,93.0,23.7,0.0
2022-03-31T16:00:00,-10.9,3.45,92.7,11.9,0.0
2022-03-31T17:00:00,-11.1,3.26,89.9,5.2,0.0
2022-03-31T18:00:00,-11.2,2.94,91.8,0.0,0.0
2022-03-31T19:00:00,-11.4,3.76,91.0,0.0,0.1
2022-03-31T20:00:00,-11.7,4.61,90.6,0.0,1.1
2022-03-31T21:00:00,-12.1,4.66,92.0,0.0,1.1
2022-03-31T22:00:00,-12.1,4.87,89.8,0.0,1.6
2022-03-31T23:00:00,-12.2,5.41,92.4,0.0,3.2
2022-04-01T00:00:00,-13.2,4.47,90.0,0.0,0.9
2022-04-01T01:00:00,-13.2,4.19,89.5,0.0,0.5
2022-04-01T02:00:00,-12.5,5.0,90.9,0.0,2.0
2022-04-01T03:00:00,-12.2,5.47,93.6,0.0,3.5
2022-04-01T04:00:00,-11.9,5.84,92.9,0.0,5.2
2022-04-01T05:00:00,-11.6,6.04,96.0,0.0,5.8
2022-04-01T06:00:00,-11.2,6.26,88.4,0.0,7.5
2022-04-01T07:00:00,-11.0,6.65,91.1,3.4,9.8
2022-04-01T08:00:00,-11.0,6.64,91.2,10.7,10.0
2022-04-01T09:00:00,-10.9,6.65,91.9,18.2,9.8
2022-04-01T10:00:00,-11.4,6.56,89.3,25.3,9.3
2022-04-01T11:00:00,-11.8,6.82,90.9,30.2,10.8
2022-04-01T12:00:00,-12.1,6.87,90.7,28.5,12.0
2022-04-01T13:00:00,-11.8,7.02,89.5,27.4,12.5
2022-04-01T14:00:00,-10.9,6.91,87.2,21.1,11.8
2022-04-01T15:00:00,-10.5,7.05,91.7,23.0,13.6
2022-04-01T16:00:00,-10.8,7.04,89.8,13.3,12.7
2022-04-01T17:00:00,-10.5,6.32,92.6,3.4,7.8
2022-04-01T18:00:00,-10.8,5.47,88.0,0.0,3.5
2022-04-01T19:00:00,-11.0,4.83,88.7,0.0,1.5
2022-04-01T20:00:00,-10.3,4.52,90.9,0.0,0.9
2022-04-01T21:00:00,-10.2,4.0,88.3,0.0,0.3
2022-04-01T22:00:00,-10.3,3.61,86.5,0.0,0.1
2022-04-01T23:00:00,-10.0,3.0,89.1,0.0,0.0
2022-04-02T00:00:00,-9.9,3.67,87.7,0.0,0.1
2022-04-02T01:00:00,-9.6,3.32,87.2,0.0,0.0
2022-04-02T02:00:00,-9.7,2.88,90.6,0.0,0.0
2022-04-02T03:00:00,-9.8,2.1,91.0,0.0,0.0
2022-04-02T04:00:00,-8.3,0.94,88.3,0.0,0.0
2022-04-02T05:00:00,-8.6,0.92,91.2,0.0,0.0
2022-04-02T06:00:00,-8.9,1.93,91.3,0.0,0.0
2022-04-02T07:00:00,-8.5,2.28,87.2,2.5,0.0
2022-04-02T08:00:00,-8.3,3.08,92.8,12.9,0.0
2022-04-02T09:00:00,-8.3,3.72,92.4,22.2,0.1
2022-04-02T10:00:00,-8.5,3.09,86.5,22.9,0.0
2022-04-02T11:00:00,-9.6,2.5,88.5,27.4,0.0
2022-04-02T12:00:00,-7.2,1.42,87.2,29.5,0.0
2022-04-02T13:00:00,-7.5,1.4,91.1,27.0,0.0
2022-04-02T14:00:00,-9.3,2.3,89.3,23.6,0.0
2022-04-02T15:00:00,-9.2,2.84,89.8,18.7,0.0
2022-04-02T16:00:00,-9.4,2.72,91.7,11.8,0.0
2022-04-02T17:00:00,-9.6,1.91,93.5,2.9,0.0
2022-04-02T18:00:00,-7.9,1.14,87.9,0.0,0.0
2022-04-02T19:00:00,-9.4,1.8,88.0,0.0,0.0
2022-04-02T20:00:00,-9.4,1.89,91.1,0.0,0.0
2022-04-02T21:00:00,-9.4,1.94,88.4,0.0,0.0
2022-04-02T22:00:00,-9.5,2.85,90.5,0.0,0.0
2022-04-02T23:00:00,-9.7,3.18,91.1,0.0,0.0
2022-04-03T00:00:00,-9.1,3.99,94.4,0.0,0.3
2022-04-03T01:00:00,-8.5,4.09,89.1,0.0,0.4
2022-04-03T02:00:00,-8.5,3.74,88.5,0.0,0.1
2022-04-03T03:00:00,-8.9,3.0,86.4,0.0,0.0
2022-04-03T04:00:00,-8.4,2.91,87.6,0.0,0.0
2022-04-03T05:00:00,-8.9,3.27,83.5,0.0,0.0
2022-04-03T06:00:00,-8.4,3.57,89.9,0.0,0.1
2022-04-03T07:00:00,-8.4,3.77,90.3,1.7,0.2
2022-04-03T08:00:00,-7.9,3.79,93.0,9.9,0.2
2022-04-03T09:00:00,-8.0,3.42,90.2,15.7,0.0
2022-04-03T10:00:00,-8.5,3.1,92.5,21.5,0.0
2022-04-03T11:00:00,-8.5,3.18,87.0,25.2,0.0
2022-04-03T12:00:00,-7.6,6.55,95.5,29.7,9.3
2022-04-03T13:00:00,-7.8,5.81,89.2,29.2,5.0
2022-04-03T14:00:00,-8.1,5.22,90.5,24.0,2.7
2022-04-03T15:00:00,-9.0,3.72,91.7,15.5,0.1
2022-04-03T16:00:00,-7.3,0.9,89.9,9.5,0.0
2022-04-03T17:00:00,-7.7,1.12,88.5,1.8,0.0
2022-04-03T18:00:00,-9.4,2.69,89.2,0.0,0.0
2022-04-03T19:00:00,-8.7,4.08,88.2,0.0,0.4
2022-04-03T20:00:00,-8.5,3.81,93.3,0.0,0.2
2022-04-03T21:00:00,-8.2,4.68,89.8,0.0,1.2
2022-04-03T22:00:00,-8.2,4.92,88.3,0.0,1.8
2022-04-03T23:00:00,-8.0,5.12,89.5,0.0,2.4
2022-04-04T00:00:00,-8.1,4.96,89.6,0.0,1.9
2022-04-04T01:00:00,-8.1,3.36,91.6,0.0,0.0
2022-04-04T02:00:00,-8.5,2.77,89.9,0.0,0.0
2022-04-04T03:00:00,-8.1,3.67,94.5,0.0,0.1
2022-04-04T04:00:00,-7.9,4.66,89.2,0.0,1.2
2022-04-04T05:00:00,-7.8,6.02,92.1,0.0,5.8
2022-04-04T06:00:00,-7.5,6.17,90.6,0.0,6.7
2022-04-04T07:00:00,-7.5,5.92,90.2,1.1,5.2
2022-04-04T08:00:00,-7.4,5.7,88.9,12.4,4.3
2022-04-04T09:00:00,-7.4,5.69,87.3,20.2,4.2
2022-04-04T10:00:00,-7.4,5.61,90.4,19.5,4.1
2022-04-04T11:00:00,-7.5,5.57,87.4,26.3,3.7
2022-04-04T12:00:00,-7.7,5.33,94.0,23.2,3.0
2022-04-04T13:00:00,-8.0,5.15,90.7,27.1,2.5
2022-04-04T14:00:00,-8.1,5.07,89.5,25.1,2.3
2022-04-04T15:00:00,-8.3,5.55,88.0,16.4,4.0
2022-04-04T16:00:00,-8.5,5.77,90.5,10.0,4.7
2022-04-04T17:00:00,-8.7,5.7,88.9,0.9,4.2
2022-04-04T18:00:00,-9.0,5.73,89.9,0.0,4.5
2022-04-04T19:00:00,-9.0,5.92,87.7,0.0,5.2
2022-04-04T20:00:00,-9.2,5.94,88.1,0.0,5.8
2022-04-04T21:00:00,-9.3,6.0,90.0,0.0,5.8
2022-04-04T22:00:00,-9.5,5.81,90.9,0.0,5.1
2022-04-04T23:00:00,-9.7,5.45,88.3,0.0,3.3
2022-04-05T00:00:00,-8.9,4.84,88.4,0.0,1.5
2022-04-05T01:00:00,-9.1,4.13,90.4,0.0,0.4
2022-04-05T02:00:00,-9.3,3.8,89.2,0.0,0.2
2022-04-05T03:00:00,-9.6,3.9,88.2,0.0,0.2
2022-04-05T04:00:00,-9.3,3.7,92.7,0.0,0.1
2022-04-05T05:00:00,-9.2,3.14,89.6,0.0,0.0
2022-04-05T06:00:00,-9.5,1.96,92.4,0.0,0.0
2022-04-05T07:00:00,-8.2,0.76,92.8,0.0,0.0
2022-04-05T08:00:00,-8.2,0.98,90.9,8.9,0.0
2022-04-05T09:00:00,-8.6,1.28,89.4,15.6,0.0
2022-04-05T10:00:00,-8.0,1.25,90.9,25.3,0.0
2022-04-05T11:00:00,-7.8,1.06,88.0,27.3,0.0
2022-04-05T12:00:00,-7.5,1.26,94.3,31.3,0.0
2022-04-05T13:00:00,-8.6,1.5,87.3,26.4,0.0
2022-04-05T14:00:00,-10.5,2.1,90.7,18.9,0.0
2022-04-05T15:00:00,-10.5,2.0,90.0,15.1,0.0
2022-04-05T16:00:00,-10.7,1.77,92.8,8.8,0.0
2022-04-05T17:00:00,-11.2,2.94,90.0,0.0,0.0
2022-04-05T18:00:00,-12.0,3.26,93.1,0.0,0.0
2022-04-05T19:00:00,-12.9,3.86,92.7,0.0,0.2
2022-04-05T20:00:00,-14.0,4.24,91.0,0.0,0.6
2022-04-05T21:00:00,-14.7,2.82,94.1,0.0,0.0
2022-04-05T22:00:00,-15.3,3.26,92.4,0.0,0.0
2022-04-05T23:00:00,-16.3,3.58,93.2,0.0,0.1
2022-04-06T00:00:00,-13.8,3.61,89.2,0.0,0.1
2022-04-06T01:00:00,-15.1,4.44,89.4,0.0,0.8
2022-04-06T02:00:00,-16.0,3.68,91.7,0.0,0.1
2022-04-06T03:00:00,-16.1,4.6,94.9,0.0,1.1
2022-04-06T04:00:00,-16.0,5.24,91.8,0.0,2.7
2022-04-06T05:00:00,-16.0,5.45,96.2,0.0,3.3
2022-04-06T06:00:00,-16.0,5.59,93.7,0.0,4.1
2022-04-06T07:00:00,-15.9,5.59,95.9,0.0,3.9
2022-04-06T08:00:00,-16.0,5.54,93.9,9.7,3.9
2022-04-06T09:00:00,-16.0,5.16,92.2,15.5,2.5
2022-04-06T10:00:00,-15.9,4.61,92.0,22.5,1.1
2022-04-06T11:00:00,-16.1,3.86,94.1,27.3,0.2
2022-04-06T12:00:00,-15.4,1.88,92.6,22.6,0.0
2022-04-06T13:00:00,-14.8,3.77,91.4,23.6,0.2
2022-04-06T14:00:00,-14.4,3.59,92.5,20.7,0.1
2022-04-06T15:00:00,-14.3,2.26,94.6,17.0,0.0
2022-04-06T16:00:00,-13.9,1.3,94.0,9.6,0.0
2022-04-06T17:00:00,-14.2,2.37,91.7,0.0,0.0
2022-04-06T18:00:00,-14.6,3.09,92.5,0.0,0.0
2022-04-06T19:00:00,-14.6,3.23,94.4,0.0,0.0
2022-04-06T20:00:00,-15.1,2.73,94.5,0.0,0.0
2022-04-06T21:00:00,-16.0,2.25,94.1,0.0,0.0
2022-04-06T22:00:00,-16.2,1.84,95.8,0.0,0.0
2022-04-06T23:00:00,-16.9,2.52,92.4,0.0,0.0
2022-04-07T00:00:00,-14.8,0.36,92.6,0.0,0.0
2022-04-07T01:00:00,-15.0,0.71,93.7,0.0,0.0
2022-04-07T02:00:00,-15.2,1.0,90.5,0.0,0.0
2022-04-07T03:00:00,-14.6,0.67,90.7,0.0,0.0
2022-04-07T04:00:00,-14.4,0.94,89.6,0.0,0.0
2022-04-07T05:00:00,-15.0,1.41,96.1,0.0,0.0
2022-04-07T06:00:00,-14.4,1.72,91.9,0.0,0.0
2022-04-07T07:00:00,-14.1,2.46,94.0,0.0,0.0
2022-04-07T08:00:00,-13.9,3.09,92.6,10.3,0.0
2022-04-07T09:00:00,-13.8,3.4,91.6,17.2,0.0
2022-04-07T10:00:00,-13.7,3.81,90.7,25.1,0.2
2022-04-07T11:00:00,-14.0,3.58,92.9,24.3,0.1
2022-04-07T12:00:00,-13.1,3.7,90.3,22.6,0.1
2022-04-07T13:00:00,-12.5,3.69,92.1,24.7,0.1
2022-04-07T14:00:00,-12.3,2.79,94.8,18.0,0.0
2022-04-07T15:00:00,-12.5,2.2,90.0,16.0,0.0
2022-04-07T16:00:00,-12.3,1.71,91.2,9.0,0.0
2022-04-07T17:00:00,-12.3,1.28,90.7,0.0,0.0
2022-04-07T18:00:00,-11.8,1.94,91.6,0.0,0.0
2022-04-07T19:00:00,-10.6,5.23,92.4,0.0,2.6
2022-04-07T20:00:00,-10.2,6.79,89.8,0.0,10.9
2022-04-07T21:00:00,-10.4,6.0,91.2,0.0,5.9
2022-04-07T22:00:00,-10.9,4.85,94.8,0.0,1.6
2022-04-07T23:00:00,-11.9,3.58,86.0,0.0,0.1
2022-04-08T00:00:00,-13.1,2.01,88.6,0.0,0.0
2022-04-08T01:00:00,-13.4,2.2,87.8,0.0,0.0
2022-04-08T02:00:00,-13.8,2.52,92.5,0.0,0.0
2022-04-08T03:00:00,-14.3,2.47,89.9,0.0,0.0
2022-04-08T04:00:00,-14.8,2.73,94.2,0.0,0.0
2022-04-08T05:00:00,-15.1,1.8,89.3,0.0,0.0
2022-04-08T06:00:00,-14.9,0.89,91.6,0.0,0.0
2022-04-08T07:00:00,-14.4,1.08,95.1,0.0,0.0
2022-04-08T08:00:00,-14.1,1.39,89.3,7.6,0.0
2022-04-08T09:00:00,-14.0,1.02,95.2,16.3,0.0
2022-04-08T10:00:00,-13.1,0.92,91.1,22.0,0.0
2022-04-08T11:00:00,-11.2,5.63,92.8,26.8,4.2
2022-04-08T12:00:00,-9.5,10.26,90.9,28.7,64.1
2022-04-08T13:00:00,-9.2,10.93,87.6,25.0,80.0
2022-04-08T14:00:00,-9.2,10.54,92.2,20.9,70.0
2022-04-08T15:00:00,-9.3,8.93,91.7,14.0,36.8
2022-04-08T16:00:00,-9.1,6.62,90.9,7.2,10.2
2022-04-08T17:00:00,-8.9,4.49,91.7,0.0,0.9
2022-04-08T18:00:00,-8.7,5.15,86.6,0.0,2.4
2022-04-08T19:00:00,-8.1,6.04,89.1,0.0,5.9
2022-04-08T20:00:00,-7.7,6.93,89.3,0.0,12.0
2022-04-08T21:00:00,-7.5,7.63,92.1,0.0,18.5
2022-04-08T22:00:00,-7.5,8.2,92.4,0.0,25.6
2022-04-08T23:00:00,-7.2,8.45,92.7,0.0,28.6
2022-04-09T00:00:00,-7.0,8.02,88.3,0.0,23.4
2022-04-09T01:00:00,-6.6,8.95,93.0,0.0,36.2
2022-04-09T02:00:00,-6.3,9.98,90.5,0.0,55.2
2022-04-09T03:00:00,-5.9,12.0,85.2,0.0,110.9
2022-04-09T04:00:00,-5.7,11.07,89.1,0.0,81.9
2022-04-09T05:00:00,-5.5,11.33,92.1,0.0,93.2
2022-04-09T06:00:00,-5.3,11.13,92.7,0.0,86.1
2022-04-09T07:00:00,-5.0,10.85,89.4,0.0,80.8
2022-04-09T08:00:00,-4.9,11.38,89.2,7.4,94.3
2022-04-09T09:00:00,-4.9,10.76,86.4,12.3,75.4
2022-04-09T10:00:00,-5.1,8.52,88.3,20.2,29.2
2022-04-09T11:00:00,-5.0,8.1,87.7,25.4,23.9
2022-04-09T12:00:00,-4.9,10.34,86.4,20.7,64.0
2022-04-09T13:00:00,-4.9,10.78,89.9,22.3,77.9
2022-04-09T14:00:00,-4.8,10.42,89.6,23.1,71.2
2022-04-09T15:00:00,-4.8,9.86,90.1,13.3,56.1
2022-04-09T16:00:00,-4.7,10.74,89.5,7.3,76.4
2022-04-09T17:00:00,-4.6,11.19,86.9,0.0,90.1
2022-04-09T18:00:00,-4.5,11.11,93.1,0.0,85.0
2022-04-09T19:00:00,-4.4,11.64,89.5,0.0,103.5
2022-04-09T20:00:00,-4.3,11.2,93.2,0.0,90.9
2022-04-09T21:00:00,-4.3,10.22,86.8,0.0,64.1
2022-04-09T22:00:00,-4.4,9.69,89.3,0.0,49.9
2022-04-09T23:00:00,-4.4,9.18,90.8,0.0,41.1
2022-04-10T00:00:00,-4.3,12.08,90.0,0.0,113.3
2022-04-10T01:00:00,-4.3,11.89,95.0,0.0,111.2
2022-04-10T02:00:00,-4.3,12.16,89.3,0.0,113.8
2022-04-10T03:00:00,-4.5,12.11,89.8,0.0,112.0
2022-04-10T04:00:00,-4.8,11.32,89.4,0.0,89.8
2022-04-10T05:00:00,-4.9,10.2,88.4,0.0,63.4
2022-04-10T06:00:00,-4.9,10.27,88.1,0.0,60.9
2022-04-10T07:00:00,-4.8,9.49,91.1,0.0,47.8
2022-04-10T08:00:00,-4.8,8.77,94.0,5.6,33.8
2022-04-10T09:00:00,-4.9,8.37,90.0,16.6,29.6
2022-04-10T10:00:00,-5.1,8.32,88.6,21.7,28.8
2022-04-10T11:00:00,-6.0,8.56,90.3,26.6,29.6
2022-04-10T12:00:00,-7.6,7.13,90.2,28.1,13.3
2022-04-10T13:00:00,-7.5,7.74,89.1,23.8,20.5
2022-04-10T14:00:00,-7.4,7.41,89.4,16.5,16.2
2022-04-10T15:00:00,-7.7,7.1,90.5,13.3,13.9
2022-04-10T16:00:00,-7.5,6.8,87.7,6.8,11.3
2022-04-10T17:00:00,-7.4,6.52,91.9,0.0,9.1
2022-04-10T18:00:00,-7.5,5.94,88.2,0.0,5.4
2022-04-10T19:00:00,-7.3,6.2,89.5,0.0,7.2
2022-04-10T20:00:00,-7.3,6.18,89.9,0.0,7.0
2022-04-10T21:00:00,-7.7,6.32,90.2,0.0,7.5
2022-04-10T22:00:00,-8.7,6.87,92.0,0.0,12.3
2022-04-10T23:00:00,-9.3,6.94,89.9,0.0,11.8
2022-04-11T00:00:00,-9.5,8.7,91.6,0.0,32.1
2022-04-11T01:00:00,-9.2,7.7,90.5,0.0,18.8
2022-04-11T02:00:00,-9.8,7.13,88.6,0.0,14.6
2022-04-11T03:00:00,-10.0,6.74,87.9,0.0,10.1
2022-04-11T04:00:00,-9.0,6.04,88.4,0.0,6.1
2022-04-11T05:00:00,-8.8,5.46,87.0,0.0,3.6
2022-04-11T06:00:00,-8.8,5.04,85.8,0.0,2.0
2022-04-11T07:00:00,-8.9,4.63,90.2,0.0,1.1
2022-04-11T08:00:00,-9.2,4.2,93.0,5.3,0.5
2022-04-11T09:00:00,-9.2,4.2,93.2,13.5,0.5
2022-04-11T10:00:00,-9.8,4.41,89.5,16.1,0.7
2022-04-11T11:00:00,-10.6,4.67,89.8,25.8,1.2
2022-04-11T12:00:00,-10.6,5.0,91.6,22.3,1.9
2022-04-11T13:00:00,-10.6,5.6,92.7,22.5,4.0
2022-04-11T14:00:00,-11.2,6.1,90.7,15.7,6.4
2022-04-11T15:00:00,-11.4,6.3,93.0,13.0,7.3
2022-04-11T16:00:00,-11.7,6.3,92.7,5.5,7.5
2022-04-11T17:00:00,-12.4,6.01,92.9,0.0,5.9
2022-04-11T18:00:00,-12.7,5.91,93.6,0.0,5.2
2022-04-11T19:00:00,-12.9,5.91,91.6,0.0,5.2
2022-04-11T20:00:00,-12.9,6.41,92.2,0.0,8.7
2022-04-11T21:00:00,-12.9,6.7,91.5,0.0,10.1
2022-04-11T22:00:00,-12.9,7.0,90.2,0.0,12.2
2022-04-11T23:00:00,-13.2,7.3,92.8,0.0,15.0
2022-04-12T00:00:00,-14.3,7.36,94.2,0.0,16.2
2022-04-12T01:00:00,-14.0,7.4,92.9,0.0,15.8
2022-04-12T02:00:00,-13.9,6.89,94.4,0.0,11.4
2022-04-12T03:00:00,-14.0,6.56,91.8,0.0,9.4
2022-04-12T04:00:00,-13.8,6.59,91.1,0.0,9.6
2022-04-12T05:00:00,-13.6,6.96,93.5,0.0,12.1
2022-04-12T06:00:00,-13.5,7.53,91.4,0.0,17.4
2022-04-12T07:00:00,-13.4,7.31,92.5,0.0,16.0
2022-04-12T08:00:00,-13.0,7.21,93.6,5.3,14.0
2022-04-12T09:00:00,-13.1,7.08,92.1,13.5,13.0
2022-04-12T10:00:00,-13.5,7.09,93.0,15.8,13.0
2022-04-12T11:00:00,-13.8,7.23,92.7,20.0,15.6
2022-04-12T12:00:00,-14.6,8.02,89.9,26.6,23.0
2022-04-12T13:00:00,-14.6,7.78,92.1,24.4,19.7
2022-04-12T14:00:00,-15.2,7.64,89.3,19.2,18.2
2022-04-12T15:00:00,-15.4,7.62,91.7,11.2,18.6
2022-04-12T16:00:00,-15.6,7.6,92.6,6.2,18.5
2022-04-12T17:00:00,-15.6,7.6,91.0,0.0,19.3
2022-04-12T18:00:00,-15.6,7.5,94.5,0.0,17.4
2022-04-12T19:00:00,-15.7,7.3,92.5,0.0,15.3
2022-04-12T20:00:00,-15.8,7.41,90.3,0.0,16.2
2022-04-12T21:00:00,-15.9,7.3,92.9,0.0,15.9
2022-04-12T22:00:00,-16.0,7.1,93.8,0.0,13.8
2022-04-12T23:00:00,-16.1,7.0,92.4,0.0,12.7
2022-04-13T00:00:00,-15.6,6.32,92.8,0.0,7.8
2022-04-13T01:00:00,-15.0,6.01,90.9,0.0,6.2
2022-04-13T02:00:00,-14.7,6.11,92.1,0.0,6.7
2022-04-13T03:00:00,-14.4,6.41,89.8,0.0,8.2
2022-04-13T04:00:00,-13.9,6.6,93.7,0.0,9.3
2022-04-13T05:00:00,-13.7,6.51,93.2,0.0,9.1
2022-04-13T06:00:00,-13.7,6.62,92.3,0.0,10.1
2022-04-13T07:00:00,-13.8,6.71,91.4,0.0,10.5
2022-04-13T08:00:00,-14.0,6.4,92.9,4.4,7.9
2022-04-13T09:00:00,-14.4,6.1,93.3,14.3,6.2
2022-04-13T10:00:00,-14.9,5.82,93.4,17.4,5.0
2022-04-13T11:00:00,-15.5,5.77,93.6,21.8,4.6
2022-04-13T12:00:00,-15.4,5.28,94.4,23.1,2.8
2022-04-13T13:00:00,-15.3,5.79,94.7,17.3,4.9
2022-04-13T14:00:00,-15.6,6.36,94.5,19.5,8.2
2022-04-13T15:00:00,-15.4,6.49,91.6,11.1,8.6
2022-04-13T16:00:00,-15.3,6.41,89.0,4.8,8.7
2022-04-13T17:00:00,-15.4,6.3,93.4,0.0,7.4
2022-04-13T18:00:00,-15.3,6.42,92.7,0.0,8.6
2022-04-13T19:00:00,-15.5,7.02,94.7,0.0,12.8
2022-04-13T20:00:00,-15.7,7.0,96.7,0.0,13.0
2022-04-13T21:00:00,-15.9,6.61,95.9,0.0,9.3
2022-04-13T22:00:00,-15.8,6.46,94.5,0.0,8.5
2022-04-13T23:00:00,-16.1,6.63,92.2,0.0,10.3
2022-04-14T00:00:00,-16.1,5.0,93.1,0.0,1.9
2022-04-14T01:00:00,-16.3,5.44,91.3,0.0,3.2
2022-04-14T02:00:00,-16.7,6.21,92.0,0.0,7.1
2022-04-14T03:00:00,-16.8,6.18,95.8,0.0,6.9
2022-04-14T04:00:00,-16.7,5.83,96.7,0.0,4.8
2022-04-14T05:00:00,-16.4,5.31,93.5,0.0,3.0
2022-04-14T06:00:00,-16.3,5.0,94.2,0.0,2.1
2022-04-14T07:00:00,-16.3,4.7,94.9,0.0,1.3
2022-04-14T08:00:00,-16.3,4.7,91.7,4.3,1.3
2022-04-14T09:00:00,-16.4,5.0,90.1,12.3,1.9
2022-04-14T10:00:00,-16.7,5.4,95.3,18.4,3.4
2022-04-14T11:00:00,-17.1,5.7,96.3,17.1,4.6
2022-04-14T12:00:00,-18.2,5.59,94.4,20.8,4.1
2022-04-14T13:00:00,-18.0,5.6,98.1,21.0,4.1
2022-04-14T14:00:00,-18.0,5.61,93.7,17.8,4.2
2022-04-14T15:00:00,-18.0,5.57,92.8,10.0,4.0
2022-04-14T16:00:00,-18.2,5.22,93.3,4.1,2.7
2022-04-14T17:00:00,-18.2,5.22,91.8,0.0,2.5
2022-04-14T18:00:00,-17.5,6.21,95.6,0.0,6.9
2022-04-14T19:00:00,-17.1,7.02,95.5,0.0,12.3
2022-04-14T20:00:00,-16.8,6.89,93.3,0.0,12.2
2022-04-14T21:00:00,-17.2,5.19,94.4,0.0,2.6
2022-04-14T22:00:00,-17.6,3.1,94.1,0.0,0.0
2022-04-14T23:00:00,-18.6,3.52,94.3,0.0,0.1
2022-04-15T00:00:00,-18.1,3.61,95.6,0.0,0.1
2022-04-15T01:00:00,-19.0,3.39,95.2,0.0,0.0
2022-04-15T02:00:00,-20.1,3.61,96.3,0.0,0.1
2022-04-15T03:00:00,-21.2,3.58,91.4,0.0,0.1
2022-04-15T04:00:00,-21.8,3.3,94.6,0.0,0.0
2022-04-15T05:00:00,-22.4,2.7,96.4,0.0,0.0
2022-04-15T06:00:00,-22.6,2.85,100.4,0.0,0.0
2022-04-15T07:00:00,-22.9,3.23,94.4,0.0,0.0
2022-04-15T08:00:00,-23.2,3.03,95.8,2.7,0.0
2022-04-15T09:00:00,-23.5,3.11,96.4,11.2,0.0
2022-04-15T10:00:00,-23.8,3.13,98.2,14.4,0.0
2022-04-15T11:00:00,-24.2,3.52,96.4,18.5,0.1
2022-04-15T12:00:00,-23.8,4.89,96.1,22.7,1.7
2022-04-15T13:00:00,-23.7,4.83,96.8,23.2,1.5
2022-04-15T14:00:00,-23.8,4.7,95.8,15.9,1.3
2022-04-15T15:00:00,-23.7,4.66,95.8,10.8,1.2
2022-04-15T16:00:00,-24.1,4.43,99.3,3.2,0.8
2022-04-15T17:00:00,-24.4,4.33,98.5,0.0,0.7
2022-04-15T18:00:00,-24.4,4.6,98.0,0.0,1.1
2022-04-15T19:00:00,-24.6,4.36,97.6,0.0,0.7
2022-04-15T20:00:00,-24.6,4.2,101.4,0.0,0.5
2022-04-15T21:00:00,-24.5,3.98,99.4,0.0,0.3
2022-04-15T22:00:00,-24.9,3.47,100.0,0.0,0.0
2022-04-15T23:00:00,-25.4,2.9,96.1,0.0,0.0
2022-04-16T00:00:00,-24.2,3.19,95.8,0.0,0.0
2022-04-16T01:00:00,-24.1,2.77,95.3,0.0,0.0
2022-04-16T02:00:00,-24.6,1.7,100.5,0.0,0.0
2022-04-16T03:00:00,-22.8,0.98,96.7,0.0,0.0
2022-04-16T04:00:00,-22.2,0.78,97.6,0.0,0.0
2022-04-16T05:00:00,-21.4,0.95,95.1,0.0,0.0
2022-04-16T06:00:00,-20.4,0.81,94.6,0.0,0.0
2022-04-16T07:00:00,-19.3,0.51,94.5,0.0,0.0
2022-04-16T08:00:00,-18.5,1.22,92.5,2.5,0.0
2022-04-16T09:00:00,-18.2,2.13,96.3,9.0,0.0
2022-04-16T10:00:00,-16.7,3.0,95.9,14.9,0.0
2022-04-16T11:00:00,-16.1,2.66,93.9,16.8,0.0
2022-04-16T12:00:00,-14.6,3.1,91.0,18.6,0.0
2022-04-16T13:00:00,-11.8,3.81,89.3,18.7,0.2
2022-04-16T14:00:00,-10.1,5.1,87.3,18.7,2.2
2022-04-16T15:00:00,-9.9,5.54,90.7,12.2,3.7
2022-04-16T16:00:00,-11.5,2.02,93.1,1.9,0.0
2022-04-16T17:00:00,-8.7,0.81,88.1,0.0,0.0
2022-04-16T18:00:00,-11.2,3.0,91.5,0.0,0.0
2022-04-16T19:00:00,-8.4,6.72,92.8,0.0,10.6
2022-04-16T20:00:00,-8.2,7.47,89.0,0.0,16.7
2022-04-16T21:00:00,-7.8,9.06,88.2,0.0,40.2
2022-04-16T22:00:00,-7.7,9.42,88.7,0.0,45.2
2022-04-16T23:00:00,-7.8,8.28,88.5,0.0,25.7
2022-04-17T00:00:00,-8.1,7.24,89.8,0.0,15.1
2022-04-17T01:00:00,-7.7,8.69,89.0,0.0,33.6
2022-04-17T02:00:00,-7.4,10.38,90.8,0.0,63.7
2022-04-17T03:00:00,-7.3,11.68,92.0,0.0,100.6
2022-04-17T04:00:00,-7.4,9.71,90.4,0.0,54.1
2022-04-17T05:00:00,-7.4,9.68,89.6,0.0,48.7
2022-04-17T06:00:00,-7.4,10.63,92.7,0.0,74.0
2022-04-17T07:00:00,-7.7,10.91,88.9,0.0,76.6
2022-04-17T08:00:00,-8.1,10.88,89.2,1.5,76.5
2022-04-17T09:00:00,-8.4,10.25,87.8,11.3,61.9
2022-04-17T10:00:00,-8.7,10.07,89.4,12.8,56.6
2022-04-17T11:00:00,-9.1,9.62,90.5,17.5,49.0
2022-04-17T12:00:00,-9.5,7.78,93.1,16.9,21.4
2022-04-17T13:00:00,-9.9,5.29,90.0,15.8,2.9
2022-04-17T14:00:00,-9.4,8.54,89.3,13.4,32.0
2022-04-17T15:00:00,-9.5,10.23,89.1,10.5,65.6
2022-04-17T16:00:00,-9.9,10.2,90.6,1.6,64.8
2022-04-17T17:00:00,-10.9,9.25,89.9,0.0,40.4
2022-04-17T18:00:00,-11.0,9.74,90.8,0.0,51.8
2022-04-17T19:00:00,-11.2,10.79,89.1,0.0,75.8
2022-04-17T20:00:00,-11.5,11.17,93.9,0.0,90.8
2022-04-17T21:00:00,-11.5,11.61,91.4,0.0,103.2
2022-04-17T22:00:00,-11.5,12.28,89.9,0.0,117.7
2022-04-17T23:00:00,-11.7,12.26,90.4,0.0,117.6
2022-04-18T00:00:00,-12.6,10.85,90.7,0.0,78.0
2022-04-18T01:00:00,-12.8,9.18,91.4,0.0,40.5
2022-04-18T02:00:00,-13.2,8.17,89.5,0.0,24.2
2022-04-18T03:00:00,-13.6,7.06,91.4,0.0,12.8
2022-04-18T04:00:00,-14.2,6.3,94.3,0.0,7.3
2022-04-18T05:00:00,-14.2,6.43,89.0,0.0,8.7
2022-04-18T06:00:00,-14.3,6.01,91.9,0.0,6.1
2022-04-18T07:00:00,-14.5,5.81,91.7,0.0,5.0
2022-04-18T08:00:00,-14.8,5.5,90.4,0.4,3.8
2022-04-18T09:00:00,-15.2,5.2,90.3,8.8,2.4
2022-04-18T10:00:00,-15.9,5.15,92.3,13.1,2.3
2022-04-18T11:00:00,-16.3,5.39,95.8,15.8,3.1
2022-04-18T12:00:00,-16.4,6.54,91.5,21.7,8.7
2022-04-18T13:00:00,-16.4,6.15,96.1,17.0,6.5
2022-04-18T14:00:00,-16.5,5.45,94.0,16.8,3.5
2022-04-18T15:00:00,-16.3,5.41,92.8,8.1,3.1
2022-04-18T16:00:00,-16.4,5.32,90.6,0.4,2.9
2022-04-18T17:00:00,-16.9,5.45,96.1,0.0,3.4
2022-04-18T18:00:00,-16.9,5.6,91.0,0.0,4.0
2022-04-18T19:00:00,-17.1,5.39,91.3,0.0,3.3
2022-04-18T20:00:00,-17.1,5.88,92.6,0.0,5.2
2022-04-18T21:00:00,-17.0,6.02,94.9,0.0,5.7
2022-04-18T22:00:00,-17.3,5.98,89.4,0.0,5.6
2022-04-18T23:00:00,-17.4,6.17,94.0,0.0,6.8
2022-04-19T00:00:00,-16.9,7.52,92.8,0.0,17.6
2022-04-19T01:00:00,-17.2,6.43,89.9,0.0,8.7
2022-04-19T02:00:00,-18.0,5.3,97.8,0.0,2.7
2022-04-19T03:00:00,-18.7,5.02,95.1,0.0,1.9
2022-04-19T04:00:00,-18.4,5.1,91.1,0.0,2.2
2022-04-19T05:00:00,-18.0,5.08,93.9,0.0,2.2
2022-04-19T06:00:00,-17.4,5.41,93.8,0.0,3.3
2022-04-19T07:00:00,-17.1,5.74,95.5,0.0,4.4
2022-04-19T08:00:00,-17.2,5.55,92.1,0.0,3.8
2022-04-19T09:00:00,-17.4,5.41,92.1,7.7,3.2
2022-04-19T10:00:00,-17.6,5.37,90.8,12.2,2.9
2022-04-19T11:00:00,-17.5,5.2,94.3,15.6,2.5
2022-04-19T12:00:00,-18.7,3.32,97.5,21.4,0.0
2022-04-19T13:00:00,-17.7,3.72,92.0,14.5,0.1
2022-04-19T14:00:00,-17.4,4.23,94.4,15.9,0.5
2022-04-19T15:00:00,-17.8,4.21,90.5,9.9,0.5
2022-04-19T16:00:00,-18.2,3.85,92.0,0.0,0.2
2022-04-19T17:00:00,-18.6,3.48,96.7,0.0,0.0
2022-04-19T18:00:00,-18.6,3.55,93.1,0.0,0.1
2022-04-19T19:00:00,-18.1,4.08,92.4,0.0,0.4
2022-04-19T20:00:00,-17.3,4.74,90.9,0.0,1.3
2022-04-19T21:00:00,-16.7,5.37,92.3,0.0,3.0
2022-04-19T22:00:00,-16.7,5.15,95.3,0.0,2.3
2022-04-19T23:00:00,-17.4,4.59,97.2,0.0,1.0
2022-04-20T00:00:00,-17.2,5.1,92.8,0.0,2.2
2022-04-20T01:00:00,-17.2,4.11,95.3,0.0,0.4
2022-04-20T02:00:00,-17.6,3.9,90.7,0.0,0.2
2022-04-20T03:00:00,-17.7,3.91,93.6,0.0,0.2
2022-04-20T04:00:00,-17.4,3.9,92.6,0.0,0.2
2022-04-20T05:00:00,-17.0,3.71,96.2,0.0,0.1
2022-04-20T06:00:00,-16.7,3.7,96.7,0.0,0.1
2022-04-20T07:00:00,-15.5,4.74,95.8,0.0,1.4
2022-04-20T08:00:00,-15.0,5.39,88.7,0.0,3.3
2022-04-20T09:00:00,-15.0,5.44,94.1,6.8,3.2
2022-04-20T10:00:00,-15.5,5.29,93.3,11.9,3.0
2022-04-20T11:00:00,-16.0,5.26,96.4,19.1,2.7
2022-04-20T12:00:00,-15.5,5.28,94.8,19.3,2.8
2022-04-20T13:00:00,-17.1,3.64,94.7,15.5,0.1
2022-04-20T14:00:00,-17.1,2.32,91.2,15.2,0.0
2022-04-20T15:00:00,-16.9,1.73,95.0,6.9,0.0
2022-04-20T16:00:00,-18.0,2.16,90.9,0.0,0.0
2022-04-20T17:00:00,-17.7,3.54,90.7,0.0,0.1
2022-04-20T18:00:00,-17.5,4.41,92.9,0.0,0.8
2022-04-20T19:00:00,-18.1,4.68,95.5,0.0,1.2
2022-04-20T20:00:00,-20.2,4.75,95.6,0.0,1.4
2022-04-20T21:00:00,-21.3,5.22,93.6,0.0,2.5
2022-04-20T22:00:00,-21.9,6.49,96.2,0.0,9.3
2022-04-20T23:00:00,-22.7,6.8,93.1,0.0,10.6
2022-04-21T00:00:00,-21.0,7.74,94.7,0.0,19.5
2022-04-21T01:00:00,-21.7,7.17,97.0,0.0,14.4
2022-04-21T02:00:00,-22.0,6.74,95.6,0.0,11.2
2022-04-21T03:00:00,-21.8,6.59,96.5,0.0,9.9
2022-04-21T04:00:00,-21.7,6.31,100.3,0.0,7.4
2022-04-21T05:00:00,-21.5,6.16,93.4,0.0,6.5
2022-04-21T06:00:00,-21.3,5.17,95.8,0.0,2.6
2022-04-21T07:00:00,-20.9,4.82,95.6,0.0,1.5
2022-04-21T08:00:00,-20.8,4.61,96.1,0.0,1.1
2022-04-21T09:00:00,-20.4,3.83,95.7,7.7,0.2
2022-04-21T10:00:00,-18.7,3.52,93.1,11.7,0.1
2022-04-21T11:00:00,-17.7,3.56,92.1,14.6,0.1
2022-04-21T12:00:00,-18.2,3.61,95.4,19.8,0.1
2022-04-21T13:00:00,-16.9,4.66,93.8,16.5,1.2
2022-04-21T14:00:00,-15.3,5.25,94.7,15.0,2.6
2022-04-21T15:00:00,-14.8,4.97,92.5,6.1,1.8
2022-04-21T16:00:00,-13.9,5.29,93.9,0.0,3.0
2022-04-21T17:00:00,-13.2,6.35,90.4,0.0,7.6
2022-04-21T18:00:00,-12.7,7.77,92.6,0.0,21.5
2022-04-21T19:00:00,-12.5,8.95,89.4,0.0,37.7
2022-04-21T20:00:00,-12.2,10.19,88.1,0.0,59.4
2022-04-21T21:00:00,-11.8,10.26,92.3,0.0,65.6
2022-04-21T22:00:00,-11.5,11.12,89.8,0.0,86.5
2022-04-21T23:00:00,-11.5,11.88,92.0,0.0,113.2
2022-04-22T00:00:00,-10.7,8.71,88.4,0.0,34.5
2022-04-22T01:00:00,-10.7,8.46,91.2,0.0,30.9
2022-04-22T02:00:00,-11.0,7.38,90.1,0.0,16.2
2022-04-22T03:00:00,-11.2,5.94,88.5,0.0,5.5
2022-04-22T04:00:00,-11.4,5.66,87.2,0.0,4.4
2022-04-22T05:00:00,-11.6,5.23,91.8,0.0,2.7
2022-04-22T06:00:00,-12.7,2.55,88.1,0.0,0.0
2022-04-22T07:00:00,-12.6,2.82,93.8,0.0,0.0
2022-04-22T08:00:00,-12.3,2.3,90.5,0.0,0.0
2022-04-22T09:00:00,-11.6,1.99,89.7,5.4,0.0
2022-04-22T10:00:00,-12.0,2.11,90.7,12.9,0.0
2022-04-22T11:00:00,-11.1,1.92,95.5,16.2,0.0
2022-04-22T12:00:00,-8.5,6.4,92.5,16.2,7.9
2022-04-22T13:00:00,-8.5,5.87,92.4,14.5,5.0
2022-04-22T14:00:00,-8.6,5.38,90.7,11.7,3.3
2022-04-22T15:00:00,-8.9,4.74,88.7,6.5,1.4
2022-04-22T16:00:00,-9.8,3.19,89.6,0.0,0.0
2022-04-22T17:00:00,-10.2,2.95,92.6,0.0,0.0
2022-04-22T18:00:00,-9.5,4.31,88.7,0.0,0.6
2022-04-22T19:00:00,-9.5,4.74,92.0,0.0,1.3
2022-04-22T20:00:00,-9.6,4.29,85.4,0.0,0.6
2022-04-22T21:00:00,-9.5,4.79,90.3,0.0,1.4
2022-04-22T22:00:00,-9.2,5.61,92.4,0.0,4.0
2022-04-22T23:00:00,-9.0,6.67,90.7,0.0,10.1
2022-04-23T00:00:00,-8.3,6.42,87.0,0.0,8.6
2022-04-23T01:00:00,-8.3,5.99,89.2,0.0,6.0
2022-04-23T02:00:00,-8.5,5.28,91.0,0.0,2.7
2022-04-23T03:00:00,-8.7,5.76,87.7,0.0,4.5
2022-04-23T04:00:00,-9.1,6.5,90.2,0.0,9.2
2022-04-23T05:00:00,-9.0,7.62,91.1,0.0,18.5
2022-04-23T06:00:00,-8.9,8.46,86.7,0.0,30.6
2022-04-23T07:00:00,-8.9,10.7,89.4,0.0,74.7
2022-04-23T08:00:00,-9.0,11.76,89.9,0.0,105.4
2022-04-23T09:00:00,-9.0,12.68,90.7,6.7,108.5
2022-04-23T10:00:00,-9.1,11.53,90.5,9.8,95.3
2022-04-23T11:00:00,-9.6,10.25,91.1,12.9,60.8
2022-04-23T12:00:00,-12.3,13.71,91.2,15.7,115.6
2022-04-23T13:00:00,-12.9,12.7,92.3,16.6,119.1
2022-04-23T14:00:00,-14.5,9.6,88.2,10.6,51.2
2022-04-23T15:00:00,-15.5,8.86,92.0,5.9,34.6
2022-04-23T16:00:00,-15.6,9.19,92.0,0.0,43.6
2022-04-23T17:00:00,-15.9,9.97,93.1,0.0,58.0
2022-04-23T18:00:00,-16.5,10.04,91.1,0.0,59.6
2022-04-23T19:00:00,-16.5,10.11,89.7,0.0,57.7
2022-04-23T20:00:00,-16.3,10.33,90.6,0.0,68.1
2022-04-23T21:00:00,-16.2,10.47,97.5,0.0,65.6
2022-04-23T22:00:00,-16.2,9.76,94.9,0.0,53.1
2022-04-23T23:00:00,-16.3,8.75,91.3,0.0,33.2
2022-04-24T00:00:00,-14.6,8.24,93.9,0.0,27.6
2022-04-24T01:00:00,-15.7,6.4,93.7,0.0,7.9
2022-04-24T02:00:00,-15.3,6.22,90.7,0.0,7.2
2022-04-24T03:00:00,-14.9,6.54,92.7,0.0,9.5
2022-04-24T04:00:00,-14.8,5.81,94.7,0.0,4.8
2022-04-24T05:00:00,-14.3,5.09,90.8,0.0,2.2
2022-04-24T06:00:00,-13.7,4.88,92.0,0.0,1.7
2022-04-24T07:00:00,-13.1,5.5,90.1,0.0,3.8
2022-04-24T08:00:00,-12.4,6.82,93.8,0.0,11.8
2022-04-24T09:00:00,-12.2,6.91,92.8,4.6,11.8
2022-04-24T10:00:00,-12.1,7.0,92.2,10.4,13.4
2022-04-24T11:00:00,-11.7,7.21,89.4,13.1,14.7
2022-04-24T12:00:00,-12.6,7.94,92.5,16.0,23.4
2022-04-24T13:00:00,-12.4,7.66,90.3,14.5,20.2
2022-04-24T14:00:00,-12.4,7.14,89.6,11.8,13.4
2022-04-24T15:00:00,-13.2,5.02,90.1,5.5,2.0
2022-04-24T16:00:00,-14.2,3.1,90.8,0.0,0.0
2022-04-24T17:00:00,-14.8,1.84,90.7,0.0,0.0
2022-04-24T18:00:00,-14.9,1.6,94.6,0.0,0.0
2022-04-24T19:00:00,-15.2,1.91,91.4,0.0,0.0
2022-04-24T20:00:00,-15.6,1.89,91.5,0.0,0.0
2022-04-24T21:00:00,-16.1,1.68,96.5,0.0,0.0
2022-04-24T22:00:00,-15.9,1.3,91.3,0.0,0.0
2022-04-24T23:00:00,-15.6,1.5,90.4,0.0,0.0
2022-04-25T00:00:00,-15.7,2.28,91.8,0.0,0.0
2022-04-25T01:00:00,-16.7,1.89,93.6,0.0,0.0
2022-04-25T02:00:00,-16.6,2.57,90.8,0.0,0.0
2022-04-25T03:00:00,-17.2,3.16,92.9,0.0,0.0
2022-04-25T04:00:00,-17.4,2.86,93.0,0.0,0.0
2022-04-25T05:00:00,-17.5,2.47,92.2,0.0,0.0
2022-04-25T06:00:00,-17.4,2.4,95.6,0.0,0.0
2022-04-25T07:00:00,-16.9,2.94,89.3,0.0,0.0
2022-04-25T08:00:00,-17.2,3.67,93.0,0.0,0.1
2022-04-25T09:00:00,-17.6,3.92,95.0,3.9,0.2
2022-04-25T10:00:00,-17.4,3.72,97.0,9.3,0.1
2022-04-25T11:00:00,-17.1,3.49,94.9,14.0,0.0
2022-04-25T12:00:00,-17.1,2.01,93.2,16.3,0.0
2022-04-25T13:00:00,-18.1,2.01,93.6,15.1,0.0
2022-04-25T14:00:00,-15.7,0.6,95.1,10.2,0.0
2022-04-25T15:00:00,-15.8,1.71,92.1,4.5,0.0
2022-04-25T16:00:00,-15.9,1.7,91.3,0.0,0.0
2022-04-25T17:00:00,-14.2,1.04,90.1,0.0,0.0
2022-04-25T18:00:00,-13.8,0.22,87.0,0.0,0.0
2022-04-25T19:00:00,-14.6,1.96,90.5,0.0,0.0
2022-04-25T20:00:00,-14.8,4.74,90.6,0.0,1.3
2022-04-25T21:00:00,-13.7,6.01,90.9,0.0,6.0
2022-04-25T22:00:00,-14.2,5.91,91.2,0.0,5.3
2022-04-25T23:00:00,-14.8,5.5,93.5,0.0,3.6
2022-04-26T00:00:00,-15.4,4.16,93.4,0.0,0.4
2022-04-26T01:00:00,-15.1,4.38,91.8,0.0,0.7
2022-04-26T02:00:00,-15.0,4.43,94.5,0.0,0.8
2022-04-26T03:00:00,-14.6,4.41,90.7,0.0,0.7
2022-04-26T04:00:00,-13.6,5.95,92.6,0.0,5.8
2022-04-26T05:00:00,-13.6,5.9,93.0,0.0,5.4
2022-04-26T06:00:00,-13.5,6.06,91.2,0.0,6.5
2022-04-26T07:00:00,-13.6,5.84,94.5,0.0,5.1
2022-04-26T08:00:00,-13.6,5.92,89.2,0.0,5.3
2022-04-26T09:00:00,-13.6,6.05,92.1,4.5,6.2
2022-04-26T10:00:00,-13.2,6.82,93.6,8.9,11.5
2022-04-26T11:00:00,-13.1,7.08,95.1,11.7,13.2
2022-04-26T12:00:00,-14.3,9.08,93.3,16.6,38.1
2022-04-26T13:00:00,-14.6,8.68,93.7,14.2,33.4
2022-04-26T14:00:00,-14.6,8.17,90.5,9.8,26.7
2022-04-26T15:00:00,-14.8,7.53,92.0,3.8,17.1
2022-04-26T16:00:00,-14.9,7.02,91.3,0.0,12.4
2022-04-26T17:00:00,-14.9,6.72,95.4,0.0,11.0
2022-04-26T18:00:00,-14.9,6.58,90.2,0.0,9.2
2022-04-26T19:00:00,-14.8,6.33,91.0,0.0,7.9
2022-04-26T20:00:00,-14.5,6.26,91.7,0.0,7.7
2022-04-26T21:00:00,-14.2,6.45,91.7,0.0,8.3
2022-04-26T22:00:00,-14.4,6.5,91.8,0.0,9.2
2022-04-26T23:00:00,-14.4,6.2,88.5,0.0,6.6
2022-04-27T00:00:00,-14.9,6.75,90.0,0.0,10.9
2022-04-27T01:00:00,-15.0,6.12,94.9,0.0,6.6
2022-04-27T02:00:00,-14.8,6.0,89.9,0.0,5.9
2022-04-27T03:00:00,-15.1,5.9,93.0,0.0,5.2
2022-04-27T04:00:00,-14.5,6.18,92.8,0.0,6.8
2022-04-27T05:00:00,-14.4,6.57,89.8,0.0,9.0
2022-04-27T06:00:00,-13.9,6.65,91.7,0.0,10.3
2022-04-27T07:00:00,-13.5,6.68,91.8,0.0,10.6
2022-04-27T08:00:00,-13.5,6.63,91.9,0.0,10.3
2022-04-27T09:00:00,-13.5,6.53,91.8,2.9,9.1
2022-04-27T10:00:00,-13.7,6.7,94.7,9.7,10.8
2022-04-27T11:00:00,-14.1,7.13,93.0,11.6,14.5
2022-04-27T12:00:00,-16.0,6.15,93.2,12.3,6.9
2022-04-27T13:00:00,-15.8,6.71,92.0,12.7,10.7
2022-04-27T14:00:00,-15.6,7.01,91.4,9.8,12.4
2022-04-27T15:00:00,-15.7,7.0,91.1,2.9,12.4
2022-04-27T16:00:00,-15.8,6.73,93.3,0.0,10.1
2022-04-27T17:00:00,-16.0,6.48,94.0,0.0,8.9
2022-04-27T18:00:00,-15.8,7.78,93.1,0.0,21.3
2022-04-27T19:00:00,-15.6,8.41,92.9,0.0,28.9
2022-04-27T20:00:00,-15.7,8.7,93.7,0.0,33.4
2022-04-27T21:00:00,-15.8,9.0,91.2,0.0,37.7
2022-04-27T22:00:00,-16.0,8.82,92.2,0.0,34.2
2022-04-27T23:00:00,-16.2,8.56,92.1,0.0,31.4
2022-04-28T00:00:00,-16.4,8.6,95.6,0.0,31.8
2022-04-28T01:00:00,-16.3,7.8,95.5,0.0,20.7
2022-04-28T02:00:00,-16.3,7.32,93.2,0.0,15.2
2022-04-28T03:00:00,-16.3,6.68,92.0,0.0,10.6
2022-04-28T04:00:00,-16.2,6.65,93.5,0.0,9.8
2022-04-28T05:00:00,-15.6,6.73,92.1,0.0,10.2
2022-04-28T06:00:00,-16.1,5.54,94.1,0.0,3.7
2022-04-28T07:00:00,-15.7,5.7,95.6,0.0,4.4
2022-04-28T08:00:00,-15.0,6.76,92.6,0.0,10.3
2022-04-28T09:00:00,-15.0,7.49,94.3,2.5,17.1
2022-04-28T10:00:00,-15.3,7.47,93.5,10.2,17.2
2022-04-28T11:00:00,-15.3,7.47,92.8,10.2,17.3
2022-04-28T12:00:00,-15.5,7.06,86.8,12.6,13.3
2022-04-28T13:00:00,-15.1,7.16,90.4,10.6,14.3
2022-04-28T14:00:00,-15.0,7.14,92.3,7.5,13.3
2022-04-28T15:00:00,-15.1,7.06,92.7,2.1,13.2
2022-04-28T16:00:00,-15.3,7.16,92.3,0.0,13.8
2022-04-28T17:00:00,-15.4,7.12,91.8,0.0,14.1
2022-04-28T18:00:00,-15.6,6.99,94.0,0.0,12.3
2022-04-28T19:00:00,-15.7,7.06,90.0,0.0,13.3
2022-04-28T20:00:00,-15.9,6.96,93.4,0.0,11.9
2022-04-28T21:00:00,-16.1,6.69,93.4,0.0,9.9
2022-04-28T22:00:00,-16.3,6.52,95.0,0.0,9.1
2022-04-28T23:00:00,-16.4,6.39,93.0,0.0,8.2
2022-04-29T00:00:00,-16.8,5.77,95.9,0.0,4.8
2022-04-29T01:00:00,-16.1,6.07,95.2,0.0,6.6
2022-04-29T02:00:00,-16.2,5.76,89.7,0.0,4.9
2022-04-29T03:00:00,-16.3,5.56,92.9,0.0,3.9
2022-04-29T04:00:00,-16.3,5.57,92.5,0.0,3.7
2022-04-29T05:00:00,-16.1,5.56,94.0,0.0,3.9
2022-04-29T06:00:00,-16.0,5.45,92.7,0.0,3.2
2022-04-29T07:00:00,-15.9,5.32,92.8,0.0,3.1
2022-04-29T08:00:00,-16.0,5.22,91.3,0.0,2.7
2022-04-29T09:00:00,-16.3,5.11,92.4,1.6,2.2
2022-04-29T10:00:00,-16.5,5.5,92.3,6.8,3.8
2022-04-29T11:00:00,-16.2,6.1,94.2,12.3,6.3
2022-04-29T12:00:00,-18.1,5.33,93.6,12.6,3.0
2022-04-29T13:00:00,-18.0,5.1,95.9,12.1,2.2
2022-04-29T14:00:00,-18.2,4.91,96.0,9.1,1.7
2022-04-29T15:00:00,-18.3,4.77,95.5,1.9,1.5
2022-04-29T16:00:00,-18.3,4.78,95.0,0.0,1.4
2022-04-29T17:00:00,-18.2,4.85,95.0,0.0,1.6
2022-04-29T18:00:00,-18.3,4.84,93.9,0.0,1.7
2022-04-29T19:00:00,-18.7,4.58,91.1,0.0,1.0
2022-04-29T20:00:00,-18.0,5.02,93.9,0.0,2.0
2022-04-29T21:00:00,-17.7,5.22,94.8,0.0,2.7
2022-04-29T22:00:00,-17.9,4.86,95.6,0.0,1.6
2022-04-29T23:00:00,-17.8,4.7,95.8,0.0,1.2
2022-04-30T00:00:00,-18.5,4.95,96.5,0.0,1.9
2022-04-30T01:00:00,-19.0,4.26,94.5,0.0,0.6
2022-04-30T02:00:00,-19.9,3.32,94.6,0.0,0.0
2022-04-30T03:00:00,-19.4,3.9,92.5,0.0,0.2
2022-04-30T04:00:00,-18.4,4.59,94.6,0.0,1.0
2022-04-30T05:00:00,-18.4,4.84,91.4,0.0,1.6
2022-04-30T06:00:00,-17.8,4.97,95.1,0.0,1.8
2022-04-30T07:00:00,-18.5,3.96,97.5,0.0,0.3
2022-04-30T08:00:00,-17.2,4.4,92.4,0.0,0.8
2022-04-30T09:00:00,-18.0,4.1,92.9,0.8,0.4
2022-04-30T10:00:00,-19.2,2.43,94.4,6.7,0.0
2022-04-30T11:00:00,-19.4,2.77,92.1,10.2,0.0
2022-04-30T12:00:00,-20.8,2.69,91.0,12.5,0.0
2022-04-30T13:00:00,-19.0,1.35,92.1,11.8,0.0
2022-04-30T14:00:00,-20.8,3.55,95.1,8.6,0.1
2022-04-30T15:00:00,-20.4,3.76,93.5,0.8,0.1
2022-04-30T16:00:00,-20.0,3.55,96.9,0.0,0.1
2022-04-30T17:00:00,-20.9,3.05,96.1,0.0,0.0
2022-04-30T18:00:00,-20.9,1.98,96.0,0.0,0.0
2022-04-30T19:00:00,-21.2,2.42,97.0,0.0,0.0
2022-04-30T20:00:00,-22.0,2.48,95.7,0.0,0.0
2022-04-30T21:00:00,-23.0,2.48,91.6,0.0,0.0
2022-04-30T22:00:00,-24.0,2.08,98.3,0.0,0.0
2022-04-30T23:00:00,-23.1,1.57,98.0,0.0,0.0
2022-05-01T00:00:00,-23.8,1.58,98.6,0.0,0.0
2022-05-01T01:00:00,-22.5,0.73,96.0,0.0,0.0
2022-05-01T02:00:00,-22.9,1.2,95.0,0.0,0.0
2022-05-01T03:00:00,-23.3,1.75,96.7,0.0,0.0
2022-05-01T04:00:00,-21.7,2.06,96.2,0.0,0.0
2022-05-01T05:00:00,-21.4,2.66,96.6,0.0,0.0
2022-05-01T06:00:00,-20.9,3.19,94.1,0.0,0.0
2022-05-01T07:00:00,-20.6,3.22,98.4,0.0,0.0
2022-05-01T08:00:00,-20.0,3.94,94.1,0.0,0.3
2022-05-01T09:00:00,-19.4,4.07,92.5,0.0,0.4
2022-05-01T10:00:00,-18.6,4.41,94.8,7.7,0.8
2022-05-01T11:00:00,-17.6,5.39,94.3,9.7,3.1
2022-05-01T12:00:00,-14.0,9.83,91.9,11.8,51.9
2022-05-01T13:00:00,-13.9,10.73,91.9,8.9,73.0
2022-05-01T14:00:00,-17.0,5.8,95.2,5.8,4.9
2022-05-01T15:00:00,-20.0,5.81,94.7,0.0,5.0
2022-05-01T16:00:00,-21.2,3.8,93.7,0.0,0.2
2022-05-01T17:00:00,-22.3,3.81,98.8,0.0,0.2
2022-05-01T18:00:00,-23.5,3.77,95.1,0.0,0.2
2022-05-01T19:00:00,-24.4,2.8,97.0,0.0,0.0
2022-05-01T20:00:00,-25.4,1.55,96.3,0.0,0.0
2022-05-01T21:00:00,-24.9,1.34,100.5,0.0,0.0
2022-05-01T22:00:00,-25.2,1.98,97.2,0.0,0.0
2022-05-01T23:00:00,-24.8,2.33,97.4,0.0,0.0
2022-05-02T00:00:00,-22.2,2.75,98.4,0.0,0.0
2022-05-02T01:00:00,-21.5,4.88,93.7,0.0,1.7
2022-05-02T02:00:00,-21.7,3.51,92.9,0.0,0.0
2022-05-02T03:00:00,-22.8,1.5,98.2,0.0,0.0
2022-05-02T04:00:00,-21.7,0.82,97.1,0.0,0.0
2022-05-02T05:00:00,-21.8,1.1,96.9,0.0,0.0
2022-05-02T06:00:00,-21.7,0.95,96.6,0.0,0.0
2022-05-02T07:00:00,-22.8,2.53,96.5,0.0,0.0
2022-05-02T08:00:00,-22.3,3.18,95.5,0.0,0.0
2022-05-02T09:00:00,-22.5,2.83,99.7,0.0,0.0
2022-05-02T10:00:00,-22.9,2.26,94.8,5.3,0.0
2022-05-02T11:00:00,-23.3,1.43,97.0,9.5,0.0
2022-05-02T12:00:00,-24.4,1.22,98.3,11.1,0.0
2022-05-02T13:00:00,-23.8,0.95,93.7,10.1,0.0
2022-05-02T14:00:00,-23.6,1.06,98.2,7.1,0.0
2022-05-02T15:00:00,-23.5,0.64,100.1,0.0,0.0
2022-05-02T16:00:00,-23.5,0.22,97.0,0.0,0.0
2022-05-02T17:00:00,-23.4,0.94,96.4,0.0,0.0
2022-05-02T18:00:00,-23.4,1.64,96.7,0.0,0.0
2022-05-02T19:00:00,-25.4,2.12,97.0,0.0,0.0
2022-05-02T20:00:00,-26.9,2.67,100.8,0.0,0.0
2022-05-02T21:00:00,-27.5,2.88,96.5,0.0,0.0
2022-05-02T22:00:00,-27.4,3.98,97.4,0.0,0.3
2022-05-02T23:00:00,-26.6,4.82,100.8,0.0,1.6
2022-05-03T00:00:00,-27.3,2.51,100.6,0.0,0.0
2022-05-03T01:00:00,-27.2,2.3,97.6,0.0,0.0
2022-05-03T02:00:00,-24.8,1.25,94.3,0.0,0.0
2022-05-03T03:00:00,-28.4,4.03,99.2,0.0,0.3
2022-05-03T04:00:00,-27.2,4.39,97.4,0.0,0.8
2022-05-03T05:00:00,-28.6,3.42,98.7,0.0,0.0
2022-05-03T06:00:00,-27.9,2.72,99.8,0.0,0.0
2022-05-03T07:00:00,-28.2,3.96,104.7,0.0,0.3
2022-05-03T08:00:00,-28.7,3.55,101.3,0.0,0.1
2022-05-03T09:00:00,-28.6,3.11,96.9,0.0,0.0
2022-05-03T10:00:00,-27.9,2.75,101.6,5.7,0.0
2022-05-03T11:00:00,-26.5,2.27,99.5,9.5,0.0
2022-05-03T12:00:00,-25.5,1.3,97.9,9.2,0.0
2022-05-03T13:00:00,-25.7,1.12,97.0,10.0,0.0
2022-05-03T14:00:00,-28.1,2.4,94.8,6.6,0.0
2022-05-03T15:00:00,-31.0,3.11,99.0,0.0,0.0
2022-05-03T16:00:00,-28.7,2.05,96.9,0.0,0.0
2022-05-03T17:00:00,-28.0,1.82,96.6,0.0,0.0
2022-05-03T18:00:00,-32.3,3.03,94.6,0.0,0.0
2022-05-03T19:00:00,-32.6,3.71,99.6,0.0,0.1
2022-05-03T20:00:00,-33.0,3.61,104.1,0.0,0.1
2022-05-03T21:00:00,-33.1,3.58,103.6,0.0,0.1
2022-05-03T22:00:00,-33.4,3.51,100.1,0.0,0.1
2022-05-03T23:00:00,-33.1,3.92,103.6,0.0,0.2
2022-05-04T00:00:00,-33.1,4.38,102.4,0.0,0.7
2022-05-04T01:00:00,-34.1,4.5,101.8,0.0,0.9
2022-05-04T02:00:00,-33.4,4.91,100.1,0.0,1.8
2022-05-04T03:00:00,-33.1,5.08,102.7,0.0,2.2
2022-05-04T04:00:00,-33.4,4.8,106.2,0.0,1.5
2022-05-04T05:00:00,-33.0,4.94,99.8,0.0,1.8
2022-05-04T06:00:00,-32.1,5.35,101.1,0.0,3.0
2022-05-04T07:00:00,-31.6,5.52,104.7,0.0,3.7
2022-05-04T08:00:00,-32.0,5.1,101.1,0.0,2.3
2022-05-04T09:00:00,-32.8,4.77,101.1,0.0,1.5
2022-05-04T10:00:00,-33.4,4.34,104.0,5.0,0.7
2022-05-04T11:00:00,-33.0,2.95,101.3,9.8,0.0
2022-05-04T12:00:00,-30.7,2.2,101.7,11.5,0.0
2022-05-04T13:00:00,-30.1,2.28,99.1,9.3,0.0
2022-05-04T14:00:00,-29.8,2.26,100.8,5.5,0.0
2022-05-04T15:00:00,-29.1,1.42,96.9,0.0,0.0
2022-05-04T16:00:00,-29.1,1.43,101.9,0.0,0.0
2022-05-04T17:00:00,-29.0,1.77,97.7,0.0,0.0
2022-05-04T18:00:00,-28.7,1.73,97.8,0.0,0.0
2022-05-04T19:00:00,-28.4,1.49,100.9,0.0,0.0
2022-05-04T20:00:00,-28.1,1.43,96.5,0.0,0.0
2022-05-04T21:00:00,-27.5,1.08,98.7,0.0,0.0
2022-05-04T22:00:00,-27.1,0.98,98.7,0.0,0.0
2022-05-04T23:00:00,-27.0,1.1,100.3,0.0,0.0
2022-05-05T00:00:00,-27.8,1.14,100.0,0.0,0.0
2022-05-05T01:00:00,-27.1,1.3,100.1,0.0,0.0
2022-05-05T02:00:00,-26.5,1.04,99.9,0.0,0.0
2022-05-05T03:00:00,-26.0,1.43,98.9,0.0,0.0
2022-05-05T04:00:00,-25.4,2.06,100.3,0.0,0.0
2022-05-05T05:00:00,-26.3,2.69,97.8,0.0,0.0
2022-05-05T06:00:00,-26.4,2.8,97.7,0.0,0.0
2022-05-05T07:00:00,-23.3,2.3,96.4,0.0,0.0
2022-05-05T08:00:00,-22.8,2.21,95.4,0.0,0.0
2022-05-05T09:00:00,-22.9,2.41,97.5,0.0,0.0
2022-05-05T10:00:00,-23.8,2.73,94.0,4.6,0.0
2022-05-05T11:00:00,-27.2,3.5,98.9,9.5,0.0
2022-05-05T12:00:00,-25.7,3.01,97.3,10.5,0.0
2022-05-05T13:00:00,-24.4,2.9,96.4,7.6,0.0
2022-05-05T14:00:00,-24.6,3.32,97.4,5.0,0.0
2022-05-05T15:00:00,-23.7,4.24,96.6,0.0,0.5
2022-05-05T16:00:00,-22.1,4.46,93.3,0.0,0.8
2022-05-05T17:00:00,-20.9,4.65,93.3,0.0,1.2
2022-05-05T18:00:00,-20.5,4.22,98.8,0.0,0.5
2022-05-05T19:00:00,-19.3,3.26,97.4,0.0,0.0
2022-05-05T20:00:00,-15.6,2.83,93.2,0.0,0.0
2022-05-05T21:00:00,-14.1,2.96,92.7,0.0,0.0
2022-05-05T22:00:00,-15.9,4.3,93.9,0.0,0.6
2022-05-05T23:00:00,-12.3,6.23,88.0,0.0,7.5
2022-05-06T00:00:00,-11.5,6.5,92.3,0.0,9.0
2022-05-06T01:00:00,-10.0,6.91,92.5,0.0,12.3
2022-05-06T02:00:00,-11.7,4.95,92.3,0.0,1.8
2022-05-06T03:00:00,-12.9,3.47,93.1,0.0,0.0
2022-05-06T04:00:00,-11.6,3.06,90.4,0.0,0.0
2022-05-06T05:00:00,-13.2,3.7,89.5,0.0,0.1
2022-05-06T06:00:00,-12.3,4.43,92.4,0.0,0.8
2022-05-06T07:00:00,-9.0,6.65,90.0,0.0,9.7
2022-05-06T08:00:00,-7.8,8.03,89.8,0.0,23.7
2022-05-06T09:00:00,-11.9,3.2,91.5,0.0,0.0
2022-05-06T10:00:00,-11.1,4.68,90.2,3.3,1.2
2022-05-06T11:00:00,-7.7,7.43,88.1,6.6,16.2
2022-05-06T12:00:00,-6.7,8.59,92.0,10.4,30.2
2022-05-06T13:00:00,-6.4,8.27,89.7,8.2,26.9
2022-05-06T14:00:00,-6.5,8.01,89.6,4.0,23.3
2022-05-06T15:00:00,-6.5,7.98,92.3,0.0,22.3
2022-05-06T16:00:00,-6.5,7.92,89.7,0.0,22.9
2022-05-06T17:00:00,-6.4,9.0,89.3,0.0,37.4
2022-05-06T18:00:00,-6.1,10.61,91.1,0.0,74.1
2022-05-06T19:00:00,-5.9,10.58,89.4,0.0,71.0
2022-05-06T20:00:00,-5.9,9.79,90.7,0.0,53.7
2022-05-06T21:00:00,-5.7,10.51,88.6,0.0,70.7
2022-05-06T22:00:00,-5.7,10.78,87.1,0.0,79.8
2022-05-06T23:00:00,-5.6,11.76,91.0,0.0,103.9
2022-05-07T00:00:00,-4.7,13.34,90.0,0.0,114.5
2022-05-07T01:00:00,-5.4,13.57,93.4,0.0,114.7
2022-05-07T02:00:00,-5.6,11.77,87.8,0.0,106.1
2022-05-07T03:00:00,-6.0,11.81,91.5,0.0,105.5
2022-05-07T04:00:00,-6.3,11.65,90.4,0.0,107.6
2022-05-07T05:00:00,-6.5,11.12,88.7,0.0,83.3
2022-05-07T06:00:00,-6.8,9.47,89.1,0.0,44.6
2022-05-07T07:00:00,-7.1,7.82,93.1,0.0,20.6
2022-05-07T08:00:00,-7.3,6.94,90.5,0.0,11.9
2022-05-07T09:00:00,-7.5,6.11,89.5,0.0,6.3
2022-05-07T10:00:00,-7.8,5.85,89.3,3.1,4.9
2022-05-07T11:00:00,-7.8,6.6,91.2,7.5,9.9
2022-05-07T12:00:00,-8.1,6.65,91.7,7.6,10.3
2022-05-07T13:00:00,-8.4,5.91,89.8,7.5,5.6
2022-05-07T14:00:00,-9.1,5.76,91.5,3.9,4.5
2022-05-07T15:00:00,-9.1,6.5,88.7,0.0,8.9
2022-05-07T16:00:00,-8.8,7.18,90.1,0.0,14.5
2022-05-07T17:00:00,-8.8,7.76,89.3,0.0,21.5
2022-05-07T18:00:00,-8.7,7.99,90.2,0.0,24.4
2022-05-07T19:00:00,-8.8,8.34,90.4,0.0,28.2
2022-05-07T20:00:00,-8.5,8.24,88.4,0.0,25.3
2022-05-07T21:00:00,-7.8,8.55,86.4,0.0,30.2
2022-05-07T22:00:00,-8.2,8.43,93.0,0.0,28.3
2022-05-07T23:00:00,-8.5,8.17,88.5,0.0,24.4
2022-05-08T00:00:00,-7.5,6.71,90.3,0.0,10.7
2022-05-08T01:00:00,-7.1,6.51,93.9,0.0,8.9
2022-05-08T02:00:00,-7.3,6.18,94.8,0.0,6.9
2022-05-08T03:00:00,-7.5,6.24,87.6,0.0,7.1
2022-05-08T04:00:00,-7.6,6.51,87.9,0.0,9.4
2022-05-08T05:00:00,-8.1,6.96,92.6,0.0,12.1
2022-05-08T06:00:00,-8.7,6.9,89.1,0.0,12.0
2022-05-08T07:00:00,-8.8,6.79,89.9,0.0,11.4
2022-05-08T08:00:00,-8.8,6.41,88.6,0.0,8.4
2022-05-08T09:00:00,-9.2,6.06,86.4,0.0,6.5
2022-05-08T10:00:00,-9.4,6.45,88.5,2.8,8.5
2022-05-08T11:00:00,-9.8,6.45,91.1,7.3,8.6
2022-05-08T12:00:00,-9.4,7.71,89.1,8.7,20.1
2022-05-08T13:00:00,-9.3,8.12,93.4,7.0,23.7
2022-05-08T14:00:00,-9.7,8.0,88.2,2.9,22.1
2022-05-08T15:00:00,-10.2,7.53,88.7,0.0,18.6
2022-05-08T16:00:00,-10.8,6.79,88.1,0.0,11.6
2022-05-08T17:00:00,-11.1,6.04,91.0,0.0,5.9
2022-05-08T18:00:00,-11.2,5.62,92.0,0.0,4.1
2022-05-08T19:00:00,-11.4,5.66,94.1,0.0,4.2
2022-05-08T20:00:00,-10.9,5.94,90.2,0.0,5.5
2022-05-08T21:00:00,-11.2,5.81,87.1,0.0,4.8
2022-05-08T22:00:00,-11.6,5.76,89.8,0.0,4.7
2022-05-08T23:00:00,-11.6,5.5,91.2,0.0,3.5
2022-05-09T00:00:00,-12.6,5.41,89.0,0.0,3.4
2022-05-09T01:00:00,-11.8,4.9,90.3,0.0,1.8
2022-05-09T02:00:00,-10.0,5.24,90.4,0.0,2.6
2022-05-09T03:00:00,-9.8,5.56,89.1,0.0,3.6
2022-05-09T04:00:00,-10.6,5.8,90.8,0.0,4.8
2022-05-09T05:00:00,-11.4,5.71,94.7,0.0,4.3
2022-05-09T06:00:00,-12.1,5.0,88.2,0.0,2.1
2022-05-09T07:00:00,-12.6,4.6,89.2,0.0,1.0
2022-05-09T08:00:00,-12.5,4.92,89.4,0.0,1.7
2022-05-09T09:00:00,-12.8,4.92,88.1,0.0,1.8
2022-05-09T10:00:00,-12.9,5.11,93.1,2.4,2.4
2022-05-09T11:00:00,-13.3,4.8,97.0,6.3,1.4
2022-05-09T12:00:00,-13.2,6.05,88.7,8.6,6.0
2022-05-09T13:00:00,-13.2,5.79,91.6,7.2,5.1
2022-05-09T14:00:00,-12.7,5.41,91.0,2.2,3.4
2022-05-09T15:00:00,-13.0,5.12,93.4,0.0,2.3
2022-05-09T16:00:00,-13.7,4.9,91.1,0.0,1.6
2022-05-09T17:00:00,-15.6,3.55,93.8,0.0,0.1
2022-05-09T18:00:00,-15.0,2.19,90.1,0.0,0.0
2022-05-09T19:00:00,-14.9,1.86,92.4,0.0,0.0
2022-05-09T20:00:00,-15.4,2.28,91.0,0.0,0.0
2022-05-09T21:00:00,-15.8,2.42,91.8,0.0,0.0
2022-05-09T22:00:00,-16.0,2.48,96.0,0.0,0.0
2022-05-09T23:00:00,-15.7,1.8,92.0,0.0,0.0
2022-05-10T00:00:00,-14.6,0.81,94.3,0.0,0.0
2022-05-10T01:00:00,-14.7,1.39,93.5,0.0,0.0
2022-05-10T02:00:00,-14.5,1.17,90.7,0.0,0.0
2022-05-10T03:00:00,-14.3,0.73,90.8,0.0,0.0
2022-05-10T04:00:00,-14.2,0.64,91.3,0.0,0.0
2022-05-10T05:00:00,-14.1,1.1,94.0,0.0,0.0
2022-05-10T06:00:00,-15.8,2.01,90.2,0.0,0.0
2022-05-10T07:00:00,-18.2,2.8,93.3,0.0,0.0
2022-05-10T08:00:00,-19.3,3.22,92.7,0.0,0.0
2022-05-10T09:00:00,-19.2,3.91,94.1,0.0,0.2
2022-05-10T10:00:00,-19.7,3.72,97.7,1.5,0.1
2022-05-10T11:00:00,-19.0,3.45,91.6,4.9,0.0
2022-05-10T12:00:00,-17.1,1.17,93.4,6.3,0.0
2022-05-10T13:00:00,-17.0,0.41,94.1,6.1,0.0
2022-05-10T14:00:00,-16.8,0.5,97.1,1.7,0.0
2022-05-10T15:00:00,-17.8,1.7,95.7,0.0,0.0
2022-05-10T16:00:00,-18.8,2.16,94.9,0.0,0.0
2022-05-10T17:00:00,-18.8,2.2,95.7,0.0,0.0
2022-05-10T18:00:00,-19.1,2.42,92.9,0.0,0.0
2022-05-10T19:00:00,-19.6,3.05,94.8,0.0,0.0
2022-05-10T20:00:00,-19.4,3.49,96.3,0.0,0.0
2022-05-10T21:00:00,-19.2,3.71,95.6,0.0,0.1
2022-05-10T22:00:00,-19.5,3.85,94.7,0.0,0.2
2022-05-10T23:00:00,-18.5,4.46,93.4,0.0,0.8
2022-05-11T00:00:00,-19.3,4.53,94.4,0.0,0.9
2022-05-11T01:00:00,-19.7,4.36,96.7,0.0,0.7
2022-05-11T02:00:00,-19.9,3.89,94.1,0.0,0.2
2022-05-11T03:00:00,-19.9,4.24,92.5,0.0,0.6
2022-05-11T04:00:00,-18.7,5.38,94.3,0.0,3.0
2022-05-11T05:00:00,-18.1,5.91,90.4,0.0,5.3
2022-05-11T06:00:00,-17.6,6.3,92.9,0.0,7.9
2022-05-11T07:00:00,-17.1,6.8,95.1,0.0,11.3
2022-05-11T08:00:00,-17.1,7.0,95.2,0.0,13.0
2022-05-11T09:00:00,-17.4,6.92,92.0,0.0,12.3
2022-05-11T10:00:00,-17.4,6.94,94.4,0.8,12.6
2022-05-11T11:00:00,-17.6,6.64,93.8,5.2,9.5
2022-05-11T12:00:00,-19.8,5.71,94.2,7.6,4.5
2022-05-11T13:00:00,-19.4,5.67,96.1,4.9,4.2
2022-05-11T14:00:00,-19.4,5.45,96.2,0.8,3.6
2022-05-11T15:00:00,-19.0,5.41,96.4,0.0,3.3
2022-05-11T16:00:00,-18.5,5.6,97.4,0.0,3.8
2022-05-11T17:00:00,-18.3,5.91,94.7,0.0,5.2
2022-05-11T18:00:00,-18.0,6.01,92.4,0.0,5.6
2022-05-11T19:00:00,-17.6,6.11,95.4,0.0,6.7
2022-05-11T20:00:00,-17.2,6.3,90.7,0.0,8.0
2022-05-11T21:00:00,-17.4,6.33,92.4,0.0,8.1
2022-05-11T22:00:00,-17.2,6.33,92.8,0.0,7.7
2022-05-11T23:00:00,-16.9,6.21,93.0,0.0,7.2
2022-05-12T00:00:00,-15.8,6.82,94.1,0.0,10.7
2022-05-12T01:00:00,-14.8,7.12,91.7,0.0,14.1
2022-05-12T02:00:00,-14.3,7.35,93.9,0.0,16.3
2022-05-12T03:00:00,-14.1,7.35,92.0,0.0,16.4
2022-05-12T04:00:00,-14.1,7.07,90.6,0.0,12.8
2022-05-12T05:00:00,-14.0,7.03,92.7,0.0,13.7
2022-05-12T06:00:00,-13.9,7.13,92.7,0.0,14.1
2022-05-12T07:00:00,-13.8,7.06,98.3,0.0,13.7
2022-05-12T08:00:00,-13.7,6.86,85.3,0.0,11.6
2022-05-12T09:00:00,-13.7,6.79,89.6,0.0,10.8
2022-05-12T10:00:00,-13.8,6.92,95.8,0.0,12.1
2022-05-12T11:00:00,-13.9,6.71,89.1,4.2,10.8
2022-05-12T12:00:00,-14.4,8.08,91.4,6.6,24.5
2022-05-12T13:00:00,-14.1,7.88,91.7,5.3,21.8
2022-05-12T14:00:00,-14.0,7.66,94.4,0.0,19.7
2022-05-12T15:00:00,-13.9,7.85,92.8,0.0,22.5
2022-05-12T16:00:00,-13.9,7.83,92.7,0.0,21.2
2022-05-12T17:00:00,-14.0,7.38,91.6,0.0,17.1
2022-05-12T18:00:00,-14.0,7.42,93.7,0.0,16.5
2022-05-12T19:00:00,-14.1,7.87,92.5,0.0,21.0
2022-05-12T20:00:00,-14.0,8.59,89.3,0.0,32.1
2022-05-12T21:00:00,-13.9,8.07,90.2,0.0,25.0
2022-05-12T22:00:00,-14.4,6.24,92.5,0.0,6.9
2022-05-12T23:00:00,-15.2,4.7,90.0,0.0,1.3
2022-05-13T00:00:00,-15.1,5.48,94.8,0.0,3.5
2022-05-13T01:00:00,-15.8,5.22,89.9,0.0,2.7
2022-05-13T02:00:00,-16.5,4.98,94.9,0.0,2.0
2022-05-13T03:00:00,-16.7,5.24,92.1,0.0,2.6
2022-05-13T04:00:00,-15.5,7.52,91.0,0.0,18.5
2022-05-13T05:00:00,-15.2,8.14,94.1,0.0,26.2
2022-05-13T06:00:00,-15.1,8.29,90.5,0.0,26.5
2022-05-13T07:00:00,-15.2,8.24,92.9,0.0,27.6
2022-05-13T08:00:00,-15.2,7.93,94.3,0.0,22.4
2022-05-13T09:00:00,-15.1,7.51,92.2,0.0,17.9
2022-05-13T10:00:00,-15.0,7.17,90.4,0.0,14.3
2022-05-13T11:00:00,-14.8,7.59,95.2,4.6,18.7
2022-05-13T12:00:00,-14.7,7.13,92.5,5.4,13.3
2022-05-13T13:00:00,-14.4,7.04,89.4,4.4,13.2
2022-05-13T14:00:00,-14.1,6.77,88.9,0.0,10.6
2022-05-13T15:00:00,-13.5,6.79,91.5,0.0,10.5
2022-05-13T16:00:00,-13.0,7.69,91.2,0.0,19.2
2022-05-13T17:00:00,-12.6,8.15,91.2,0.0,25.7
2022-05-13T18:00:00,-12.3,7.37,92.1,0.0,16.2
2022-05-13T19:00:00,-12.3,6.18,94.6,0.0,6.8
2022-05-13T20:00:00,-12.3,6.16,88.6,0.0,6.7
2022-05-13T21:00:00,-12.1,7.64,92.9,0.0,19.0
2022-05-13T22:00:00,-12.0,8.18,90.7,0.0,26.9
2022-05-13T23:00:00,-12.1,8.57,92.2,0.0,31.7
2022-05-14T00:00:00,-12.9,7.71,91.4,0.0,19.8
2022-05-14T01:00:00,-13.4,8.31,90.0,0.0,26.1
2022-05-14T02:00:00,-14.0,8.7,94.0,0.0,32.5
2022-05-14T03:00:00,-14.5,8.4,91.5,0.0,28.4
2022-05-14T04:00:00,-15.0,7.11,92.2,0.0,14.2
2022-05-14T05:00:00,-15.3,6.34,98.0,0.0,8.0
2022-05-14T06:00:00,-15.6,6.04,91.5,0.0,5.8
2022-05-14T07:00:00,-15.2,6.43,95.6,0.0,8.8
2022-05-14T08:00:00,-15.6,6.99,92.7,0.0,12.6
2022-05-14T09:00:00,-16.0,7.38,93.1,0.0,15.7
2022-05-14T10:00:00,-16.2,7.65,92.0,0.0,19.1
2022-05-14T11:00:00,-16.5,7.78,94.9,4.1,20.8
2022-05-14T12:00:00,-17.3,7.22,95.0,5.1,14.4
2022-05-14T13:00:00,-17.5,6.51,94.1,3.6,9.0
2022-05-14T14:00:00,-18.2,5.5,95.4,0.0,3.6
2022-05-14T15:00:00,-18.9,4.9,95.7,0.0,1.8
2022-05-14T16:00:00,-19.3,4.73,96.6,0.0,1.3
2022-05-14T17:00:00,-20.4,3.91,92.8,0.0,0.2
2022-05-14T18:00:00,-20.7,3.81,96.9,0.0,0.2
2022-05-14T19:00:00,-20.6,4.0,94.1,0.0,0.3
2022-05-14T20:00:00,-20.1,4.8,97.0,0.0,1.5
2022-05-14T21:00:00,-19.5,5.93,92.8,0.0,5.5
2022-05-14T22:00:00,-19.5,6.59,94.2,0.0,9.5
2022-05-14T23:00:00,-20.2,5.63,95.1,0.0,4.3
2022-05-15T00:00:00,-19.7,5.54,95.7,0.0,3.7
2022-05-15T01:00:00,-19.9,4.99,93.3,0.0,2.0
2022-05-15T02:00:00,-20.0,5.1,93.6,0.0,2.4
2022-05-15T03:00:00,-19.7,5.22,99.9,0.0,2.6
2022-05-15T04:00:00,-20.1,4.95,95.0,0.0,1.8
2022-05-15T05:00:00,-20.3,4.64,98.4,0.0,1.2
2022-05-15T06:00:00,-20.7,4.6,92.5,0.0,1.1
2022-05-15T07:00:00,-21.0,4.6,98.0,0.0,1.1
2022-05-15T08:00:00,-21.2,4.7,101.7,0.0,1.2
2022-05-15T09:00:00,-21.5,4.5,92.4,0.0,0.9
2022-05-15T10:00:00,-21.9,4.3,95.8,0.0,0.6
2022-05-15T11:00:00,-22.2,4.0,93.3,3.5,0.3
2022-05-15T12:00:00,-23.0,3.85,91.7,4.4,0.2
2022-05-15T13:00:00,-22.1,4.31,96.4,3.0,0.6
2022-05-15T14:00:00,-22.5,3.86,92.9,0.0,0.2
2022-05-15T15:00:00,-21.3,2.87,97.0,0.0,0.0
2022-05-15T16:00:00,-19.4,2.26,93.3,0.0,0.0
2022-05-15T17:00:00,-18.1,2.08,94.6,0.0,0.0
2022-05-15T18:00:00,-17.3,1.5,91.7,0.0,0.0
2022-05-15T19:00:00,-17.5,1.8,97.4,0.0,0.0
2022-05-15T20:00:00,-17.5,1.84,96.9,0.0,0.0
2022-05-15T21:00:00,-17.3,1.84,90.4,0.0,0.0
2022-05-15T22:00:00,-17.1,1.48,93.9,0.0,0.0
2022-05-15T23:00:00,-16.8,1.3,94.2,0.0,0.0
2022-05-16T00:00:00,-17.8,1.12,95.0,0.0,0.0
2022-05-16T01:00:00,-17.7,1.14,92.9,0.0,0.0
2022-05-16T02:00:00,-17.7,1.0,92.8,0.0,0.0
2022-05-16T03:00:00,-17.8,1.61,96.7,0.0,0.0
2022-05-16T04:00:00,-18.0,2.06,92.8,0.0,0.0
2022-05-16T05:00:00,-18.5,2.15,93.8,0.0,0.0
2022-05-16T06:00:00,-18.2,2.12,93.5,0.0,0.0
2022-05-16T07:00:00,-17.9,2.06,94.2,0.0,0.0
2022-05-16T08:00:00,-17.1,1.71,93.3,0.0,0.0
2022-05-16T09:00:00,-16.8,1.93,95.3,0.0,0.0
2022-05-16T10:00:00,-17.3,2.25,94.1,0.0,0.0
2022-05-16T11:00:00,-18.4,2.5,92.6,2.1,0.0
2022-05-16T12:00:00,-16.5,2.19,93.3,4.0,0.0
2022-05-16T13:00:00,-17.0,2.31,94.5,2.9,0.0
2022-05-16T14:00:00,-16.7,2.41,93.2,0.0,0.0
2022-05-16T15:00:00,-16.7,2.3,95.0,0.0,0.0
2022-05-16T16:00:00,-16.3,2.12,93.5,0.0,0.0
2022-05-16T17:00:00,-15.9,1.84,93.2,0.0,0.0
2022-05-16T18:00:00,-15.8,1.7,94.0,0.0,0.0
2022-05-16T19:00:00,-15.8,1.75,89.9,0.0,0.0
2022-05-16T20:00:00,-15.5,1.43,88.8,0.0,0.0
2022-05-16T21:00:00,-15.2,1.33,93.6,0.0,0.0
2022-05-16T22:00:00,-15.0,1.43,93.0,0.0,0.0
2022-05-16T23:00:00,-14.7,1.52,93.5,0.0,0.0
2022-05-17T00:00:00,-14.0,0.85,91.8,0.0,0.0
2022-05-17T01:00:00,-13.7,1.14,92.5,0.0,0.0
2022-05-17T02:00:00,-13.2,1.91,92.7,0.0,0.0
2022-05-17T03:00:00,-14.8,2.62,93.0,0.0,0.0
2022-05-17T04:00:00,-16.6,3.0,95.8,0.0,0.0
2022-05-17T05:00:00,-14.8,2.77,96.4,0.0,0.0
2022-05-17T06:00:00,-16.2,2.83,94.3,0.0,0.0
2022-05-17T07:00:00,-16.7,2.91,95.3,0.0,0.0
2022-05-17T08:00:00,-16.5,2.84,92.0,0.0,0.0
2022-05-17T09:00:00,-16.9,2.97,91.5,0.0,0.0
2022-05-17T10:00:00,-15.6,2.64,93.5,0.0,0.0
2022-05-17T11:00:00,-15.4,2.58,94.1,2.1,0.0
2022-05-17T12:00:00,-19.3,3.3,93.6,3.6,0.0
2022-05-17T13:00:00,-13.5,1.79,94.3,2.3,0.0
2022-05-17T14:00:00,-13.2,2.01,91.1,0.0,0.0
2022-05-17T15:00:00,-13.4,2.04,95.3,0.0,0.0
2022-05-17T16:00:00,-13.9,2.2,94.4,0.0,0.0
2022-05-17T17:00:00,-13.9,1.99,92.2,0.0,0.0
2022-05-17T18:00:00,-14.2,1.97,95.5,0.0,0.0
2022-05-17T19:00:00,-16.2,2.39,95.0,0.0,0.0
2022-05-17T20:00:00,-15.4,1.86,91.5,0.0,0.0
2022-05-17T21:00:00,-18.7,2.53,94.6,0.0,0.0
2022-05-17T22:00:00,-22.0,3.18,96.1,0.0,0.0
2022-05-17T23:00:00,-23.5,3.18,96.2,0.0,0.0
2022-05-18T00:00:00,-21.0,1.98,94.5,0.0,0.0
2022-05-18T01:00:00,-26.9,4.55,96.6,0.0,1.0
2022-05-18T02:00:00,-28.6,3.64,101.2,0.0,0.1
2022-05-18T03:00:00,-28.1,4.61,102.1,0.0,1.0
2022-05-18T04:00:00,-26.8,5.79,96.1,0.0,4.9
2022-05-18T05:00:00,-26.2,6.48,99.5,0.0,9.2
2022-05-18T06:00:00,-26.5,6.65,96.6,0.0,9.9
2022-05-18T07:00:00,-26.7,6.46,100.6,0.0,8.8
2022-05-18T08:00:00,-27.2,6.17,98.4,0.0,6.7
2022-05-18T09:00:00,-27.9,5.55,99.3,0.0,4.0
2022-05-18T10:00:00,-28.8,5.02,98.4,0.0,1.9
2022-05-18T11:00:00,-29.7,4.55,99.4,1.2,1.0
2022-05-18T12:00:00,-24.9,2.12,99.6,3.1,0.0
2022-05-18T13:00:00,-26.1,2.9,99.0,1.3,0.0
2022-05-18T14:00:00,-20.6,2.05,98.2,0.0,0.0
2022-05-18T15:00:00,-20.6,1.13,94.6,0.0,0.0
2022-05-18T16:00:00,-20.1,1.36,94.4,0.0,0.0
2022-05-18T17:00:00,-18.9,1.63,95.1,0.0,0.0
2022-05-18T18:00:00,-21.0,2.5,93.9,0.0,0.0
2022-05-18T19:00:00,-22.6,3.12,96.7,0.0,0.0
2022-05-18T20:00:00,-22.9,3.83,97.5,0.0,0.2
2022-05-18T21:00:00,-22.1,3.33,93.7,0.0,0.0
2022-05-18T22:00:00,-22.8,3.66,96.8,0.0,0.1
2022-05-18T23:00:00,-21.8,5.12,99.3,0.0,2.3
2022-05-19T00:00:00,-21.5,5.56,97.9,0.0,3.9
2022-05-19T01:00:00,-23.2,5.4,95.2,0.0,3.3
2022-05-19T02:00:00,-22.2,6.51,96.6,0.0,9.0
2022-05-19T03:00:00,-21.6,6.58,96.3,0.0,9.4
2022-05-19T04:00:00,-22.1,6.39,97.4,0.0,8.3
2022-05-19T05:00:00,-21.9,6.5,95.7,0.0,8.7
2022-05-19T06:00:00,-22.4,6.28,98.3,0.0,7.6
2022-05-19T07:00:00,-22.9,6.74,95.7,0.0,10.6
2022-05-19T08:00:00,-24.2,7.05,99.5,0.0,13.4
2022-05-19T09:00:00,-25.4,6.23,96.1,0.0,7.3
2022-05-19T10:00:00,-26.5,5.78,95.6,0.0,5.0
2022-05-19T11:00:00,-27.5,5.32,99.5,0.7,2.8
2022-05-19T12:00:00,-31.6,3.16,102.8,2.4,0.0
2022-05-19T13:00:00,-29.8,2.1,99.2,0.7,0.0
2022-05-19T14:00:00,-30.9,2.56,100.2,0.0,0.0
2022-05-19T15:00:00,-32.6,3.22,98.6,0.0,0.0
2022-05-19T16:00:00,-32.0,2.8,100.1,0.0,0.0
2022-05-19T17:00:00,-32.0,2.64,98.2,0.0,0.0
2022-05-19T18:00:00,-31.2,2.41,104.2,0.0,0.0
2022-05-19T19:00:00,-32.2,2.94,105.4,0.0,0.0
2022-05-19T20:00:00,-32.0,3.01,101.0,0.0,0.0
2022-05-19T21:00:00,-29.6,2.42,99.3,0.0,0.0
2022-05-19T22:00:00,-30.5,2.82,101.7,0.0,0.0
2022-05-19T23:00:00,-30.9,3.28,100.0,0.0,0.0
2022-05-20T00:00:00,-27.8,2.48,101.5,0.0,0.0
2022-05-20T01:00:00,-29.6,3.16,100.0,0.0,0.0
2022-05-20T02:00:00,-30.5,4.04,102.5,0.0,0.3
2022-05-20T03:00:00,-29.6,4.53,98.8,0.0,1.0
2022-05-20T04:00:00,-29.4,4.47,98.8,0.0,0.8
2022-05-20T05:00:00,-30.2,4.28,100.4,0.0,0.6
2022-05-20T06:00:00,-30.1,3.83,101.2,0.0,0.2
2022-05-20T07:00:00,-29.7,3.69,101.7,0.0,0.1
2022-05-20T08:00:00,-29.8,3.96,100.2,0.0,0.3
2022-05-20T09:00:00,-29.7,4.32,102.2,0.0,0.6
2022-05-20T10:00:00,-29.6,4.36,100.3,0.0,0.7
2022-05-20T11:00:00,-29.5,3.97,96.4,0.1,0.3
2022-05-20T12:00:00,-28.2,3.61,100.3,2.1,0.1
2022-05-20T13:00:00,-25.4,2.69,99.7,0.1,0.0
2022-05-20T14:00:00,-22.4,1.58,96.5,0.0,0.0
2022-05-20T15:00:00,-22.0,0.36,95.8,0.0,0.0
2022-05-20T16:00:00,-21.5,0.51,95.8,0.0,0.0
2022-05-20T17:00:00,-20.9,0.3,95.7,0.0,0.0
2022-05-20T18:00:00,-20.3,0.22,94.6,0.0,0.0
2022-05-20T19:00:00,-19.7,0.6,94.9,0.0,0.0
2022-05-20T20:00:00,-18.8,1.3,91.5,0.0,0.0
2022-05-20T21:00:00,-18.0,1.43,93.3,0.0,0.0
2022-05-20T22:00:00,-17.4,1.75,92.0,0.0,0.0
2022-05-20T23:00:00,-16.5,1.75,93.1,0.0,0.0
2022-05-21T00:00:00,-16.2,0.58,93.8,0.0,0.0
2022-05-21T01:00:00,-15.3,0.1,92.4,0.0,0.0
2022-05-21T02:00:00,-14.8,0.61,91.3,0.0,0.0
2022-05-21T03:00:00,-14.4,1.8,93.1,0.0,0.0
2022-05-21T04:00:00,-16.2,2.62,97.8,0.0,0.0
2022-05-21T05:00:00,-12.7,2.1,91.7,0.0,0.0
2022-05-21T06:00:00,-11.2,1.44,92.5,0.0,0.0
2022-05-21T07:00:00,-10.2,1.65,87.8,0.0,0.0
2022-05-21T08:00:00,-14.9,3.3,93.4,0.0,0.0
2022-05-21T09:00:00,-15.1,5.14,94.3,0.0,2.5
2022-05-21T10:00:00,-13.7,5.63,89.6,0.0,4.0
2022-05-21T11:00:00,-12.3,6.3,91.8,0.0,7.6
2022-05-21T12:00:00,-9.6,7.22,89.6,1.4,14.3
2022-05-21T13:00:00,-8.7,7.13,91.9,0.0,13.4
2022-05-21T14:00:00,-8.2,7.51,91.7,0.0,18.2
2022-05-21T15:00:00,-8.0,8.41,95.4,0.0,27.4
2022-05-21T16:00:00,-7.7,8.92,83.3,0.0,36.2
2022-05-21T17:00:00,-7.4,9.02,89.2,0.0,38.0
2022-05-21T18:00:00,-6.9,9.32,89.4,0.0,45.2
2022-05-21T19:00:00,-6.6,9.85,93.4,0.0,52.2
2022-05-21T20:00:00,-6.6,9.38,91.3,0.0,47.3
2022-05-21T21:00:00,-6.5,9.22,92.0,0.0,43.0
2022-05-21T22:00:00,-6.3,8.93,87.0,0.0,37.3
2022-05-21T23:00:00,-6.3,8.7,89.7,0.0,34.2
2022-05-22T00:00:00,-6.9,10.09,91.5,0.0,59.2
2022-05-22T01:00:00,-6.1,10.38,90.9,0.0,69.7
2022-05-22T02:00:00,-5.8,8.93,89.1,0.0,38.1
2022-05-22T03:00:00,-5.9,6.79,91.3,0.0,11.1
2022-05-22T04:00:00,-5.9,6.91,90.1,0.0,11.9
2022-05-22T05:00:00,-6.0,7.21,88.0,0.0,15.0
2022-05-22T06:00:00,-6.3,7.5,88.6,0.0,17.7
2022-05-22T07:00:00,-6.2,8.01,87.1,0.0,24.4
2022-05-22T08:00:00,-6.4,8.09,90.1,0.0,25.2
2022-05-22T09:00:00,-6.5,8.18,90.1,0.0,25.5
2022-05-22T10:00:00,-6.8,8.05,90.0,0.0,23.8
2022-05-22T11:00:00,-7.0,8.2,85.7,0.0,24.8
2022-05-22T12:00:00,-7.8,7.71,89.7,0.8,19.6
2022-05-22T13:00:00,-7.9,7.36,89.2,0.0,16.8
2022-05-22T14:00:00,-8.1,7.54,92.4,0.0,18.2
2022-05-22T15:00:00,-8.0,8.18,89.0,0.0,26.4
2022-05-22T16:00:00,-7.6,7.16,92.0,0.0,14.4
2022-05-22T17:00:00,-7.7,7.03,92.0,0.0,13.6
2022-05-22T18:00:00,-7.9,7.03,88.0,0.0,13.2
2022-05-22T19:00:00,-8.0,6.64,91.4,0.0,9.8
2022-05-22T20:00:00,-8.0,5.91,92.4,0.0,5.4
2022-05-22T21:00:00,-8.9,5.6,88.0,0.0,3.8
2022-05-22T22:00:00,-10.8,5.2,91.5,0.0,2.5
2022-05-22T23:00:00,-13.2,3.7,90.5,0.0,0.1
2022-05-23T00:00:00,-11.3,5.25,88.6,0.0,2.6
2022-05-23T01:00:00,-11.4,5.0,92.9,0.0,1.9
2022-05-23T02:00:00,-11.9,4.38,92.9,0.0,0.7
2022-05-23T03:00:00,-10.5,3.19,92.1,0.0,0.0
2022-05-23T04:00:00,-9.7,1.66,88.7,0.0,0.0
2022-05-23T05:00:00,-9.9,1.34,91.6,0.0,0.0
2022-05-23T06:00:00,-10.4,1.5,96.2,0.0,0.0
2022-05-23T07:00:00,-11.0,2.63,91.8,0.0,0.0
2022-05-23T08:00:00,-10.9,2.82,92.1,0.0,0.0
2022-05-23T09:00:00,-11.2,2.61,90.8,0.0,0.0
2022-05-23T10:00:00,-11.4,2.45,91.9,0.0,0.0
2022-05-23T11:00:00,-11.7,2.91,91.1,0.0,0.0
2022-05-23T12:00:00,-12.4,3.61,94.6,0.3,0.1
2022-05-23T13:00:00,-12.4,3.85,91.5,0.0,0.2
2022-05-23T14:00:00,-12.9,3.63,90.8,0.0,0.1
2022-05-23T15:00:00,-14.7,3.4,89.2,0.0,0.0
2022-05-23T16:00:00,-15.1,2.11,90.2,0.0,0.0
2022-05-23T17:00:00,-15.2,2.66,93.2,0.0,0.0
2022-05-23T18:00:00,-16.0,2.42,92.1,0.0,0.0
2022-05-23T19:00:00,-16.1,2.15,92.7,0.0,0.0
2022-05-23T20:00:00,-16.6,3.32,93.8,0.0,0.0
2022-05-23T21:00:00,-17.7,3.76,94.0,0.0,0.1
2022-05-23T22:00:00,-17.6,2.47,95.2,0.0,0.0
2022-05-23T23:00:00,-17.8,2.86,89.1,0.0,0.0
2022-05-24T00:00:00,-18.0,2.83,95.3,0.0,0.0
2022-05-24T01:00:00,-18.1,2.57,90.1,0.0,0.0
2022-05-24T02:00:00,-18.3,3.07,92.4,0.0,0.0
2022-05-24T03:00:00,-18.4,2.62,92.7,0.0,0.0
2022-05-24T04:00:00,-18.1,2.33,99.3,0.0,0.0
2022-05-24T05:00:00,-17.8,2.79,94.5,0.0,0.0
2022-05-24T06:00:00,-17.6,3.01,97.3,0.0,0.0
2022-05-24T07:00:00,-17.3,3.01,93.3,0.0,0.0
2022-05-24T08:00:00,-16.8,3.06,93.0,0.0,0.0
2022-05-24T09:00:00,-16.6,2.67,93.8,0.0,0.0
2022-05-24T10:00:00,-16.6,2.45,93.4,0.0,0.0
2022-05-24T11:00:00,-16.6,2.7,92.7,0.0,0.0
2022-05-24T12:00:00,-17.1,2.31,97.8,0.0,0.0
2022-05-24T13:00:00,-17.0,2.85,90.5,0.0,0.0
2022-05-24T14:00:00,-17.6,3.24,95.9,0.0,0.0
2022-05-24T15:00:00,-17.9,3.51,94.1,0.0,0.0
2022-05-24T16:00:00,-17.3,3.75,91.2,0.0,0.1
2022-05-24T17:00:00,-17.1,3.42,94.7,0.0,0.0
2022-05-24T18:00:00,-17.1,2.47,96.6,0.0,0.0
2022-05-24T19:00:00,-15.4,1.65,94.3,0.0,0.0
2022-05-24T20:00:00,-16.5,1.92,92.9,0.0,0.0
2022-05-24T21:00:00,-14.6,1.34,93.6,0.0,0.0
2022-05-24T22:00:00,-14.3,1.53,91.9,0.0,0.0
2022-05-24T23:00:00,-14.2,1.08,91.2,0.0,0.0
2022-05-25T00:00:00,-15.0,1.28,92.3,0.0,0.0
2022-05-25T01:00:00,-14.5,1.73,93.2,0.0,0.0
2022-05-25T02:00:00,-17.5,2.7,94.5,0.0,0.0
2022-05-25T03:00:00,-19.1,3.41,93.8,0.0,0.0
2022-05-25T04:00:00,-18.9,3.35,95.3,0.0,0.0
2022-05-25T05:00:00,-17.3,2.79,90.5,0.0,0.0
2022-05-25T06:00:00,-17.1,2.82,95.4,0.0,0.0
2022-05-25T07:00:00,-19.0,3.59,95.3,0.0,0.1
2022-05-25T08:00:00,-19.4,4.13,92.8,0.0,0.4
2022-05-25T09:00:00,-18.9,4.6,91.3,0.0,1.1
2022-05-25T10:00:00,-18.2,5.0,95.1,0.0,2.0
2022-05-25T11:00:00,-18.8,4.4,94.2,0.0,0.7
2022-05-25T12:00:00,-19.9,4.3,98.4,0.0,0.6
2022-05-25T13:00:00,-19.8,3.75,90.6,0.0,0.1
2022-05-25T14:00:00,-18.8,4.9,94.4,0.0,1.8
2022-05-25T15:00:00,-17.4,5.52,94.5,0.0,3.7
2022-05-25T16:00:00,-16.8,5.79,93.2,0.0,4.7
2022-05-25T17:00:00,-17.5,5.32,96.4,0.0,2.9
2022-05-25T18:00:00,-17.1,5.79,97.1,0.0,4.7
2022-05-25T19:00:00,-17.3,5.38,87.8,0.0,3.2
2022-05-25T20:00:00,-17.5,5.28,92.8,0.0,2.7
2022-05-25T21:00:00,-17.4,5.26,91.6,0.0,2.6
2022-05-25T22:00:00,-17.5,4.95,91.0,0.0,1.9
2022-05-25T23:00:00,-16.9,4.94,94.2,0.0,1.8
2022-05-26T00:00:00,-18.7,3.42,92.9,0.0,0.0
2022-05-26T01:00:00,-18.4,4.6,92.0,0.0,1.1
2022-05-26T02:00:00,-16.9,4.59,91.7,0.0,1.1
2022-05-26T03:00:00,-18.1,4.08,94.0,0.0,0.4
2022-05-26T04:00:00,-16.9,4.49,93.9,0.0,0.8
2022-05-26T05:00:00,-16.7,4.14,94.2,0.0,0.4
2022-05-26T06:00:00,-15.5,2.69,94.0,0.0,0.0
2022-05-26T07:00:00,-13.9,2.22,91.7,0.0,0.0
2022-05-26T08:00:00,-13.5,2.22,93.4,0.0,0.0
2022-05-26T09:00:00,-14.4,2.6,91.4,0.0,0.0
2022-05-26T10:00:00,-15.7,3.18,95.6,0.0,0.0
2022-05-26T11:00:00,-14.3,2.64,89.1,0.0,0.0
2022-05-26T12:00:00,-11.8,0.42,87.3,0.0,0.0
2022-05-26T13:00:00,-11.2,0.78,91.5,0.0,0.0
2022-05-26T14:00:00,-12.8,2.26,91.0,0.0,0.0
2022-05-26T15:00:00,-14.7,4.47,94.6,0.0,0.9
2022-05-26T16:00:00,-13.5,5.04,89.8,0.0,2.1
2022-05-26T17:00:00,-13.1,5.56,95.2,0.0,4.0
2022-05-26T18:00:00,-12.5,6.06,89.8,0.0,6.5
2022-05-26T19:00:00,-12.3,6.22,88.1,0.0,7.0
2022-05-26T20:00:00,-12.1,6.67,92.5,0.0,10.3
2022-05-26T21:00:00,-12.0,6.61,91.9,0.0,10.2
2022-05-26T22:00:00,-12.2,6.26,88.9,0.0,7.4
2022-05-26T23:00:00,-12.3,6.24,88.4,0.0,6.9
2022-05-27T00:00:00,-11.3,8.19,91.1,0.0,26.6
2022-05-27T01:00:00,-11.7,8.14,92.1,0.0,24.9
2022-05-27T02:00:00,-12.0,7.06,89.4,0.0,13.8
2022-05-27T03:00:00,-12.4,6.41,94.1,0.0,8.2
2022-05-27T04:00:00,-13.4,6.55,91.9,0.0,9.6
2022-05-27T05:00:00,-13.7,6.46,91.9,0.0,8.3
2022-05-27T06:00:00,-13.8,6.41,90.5,0.0,7.9
2022-05-27T07:00:00,-13.3,6.81,93.4,0.0,10.9
2022-05-27T08:00:00,-13.3,6.91,91.4,0.0,12.3
2022-05-27T09:00:00,-13.2,6.7,90.8,0.0,10.6
2022-05-27T10:00:00,-12.5,6.8,90.6,0.0,11.5
2022-05-27T11:00:00,-12.5,7.1,87.8,0.0,13.0
2022-05-27T12:00:00,-12.2,7.81,92.8,0.0,20.3
2022-05-27T13:00:00,-11.4,7.5,88.5,0.0,18.2
2022-05-27T14:00:00,-11.9,5.57,91.2,0.0,3.9
2022-05-27T15:00:00,-9.8,7.38,87.7,0.0,17.1
2022-05-27T16:00:00,-8.7,8.06,89.5,0.0,24.1
2022-05-27T17:00:00,-8.2,7.91,87.6,0.0,21.5
2022-05-27T18:00:00,-7.8,8.38,88.3,0.0,28.3
2022-05-27T19:00:00,-7.8,8.54,88.0,0.0,30.0
2022-05-27T20:00:00,-7.9,8.19,91.3,0.0,26.6
2022-05-27T21:00:00,-7.5,8.99,88.9,0.0,38.3
2022-05-27T22:00:00,-7.2,9.93,93.0,0.0,59.2
2022-05-27T23:00:00,-7.0,10.98,88.8,0.0,81.4
2022-05-28T00:00:00,-7.2,10.44,93.9,0.0,65.5
2022-05-28T01:00:00,-7.6,9.99,90.2,0.0,55.4
2022-05-28T02:00:00,-7.7,9.59,87.9,0.0,49.2
2022-05-28T03:00:00,-7.8,8.45,91.7,0.0,29.7
2022-05-28T04:00:00,-8.0,8.13,90.4,0.0,23.8
2022-05-28T05:00:00,-8.1,8.13,89.9,0.0,24.2
2022-05-28T06:00:00,-8.1,8.19,92.5,0.0,26.9
2022-05-28T07:00:00,-8.2,8.16,86.3,0.0,26.5
2022-05-28T08:00:00,-8.2,8.19,92.0,0.0,24.5
2022-05-28T09:00:00,-8.2,8.51,89.2,0.0,31.6
2022-05-28T10:00:00,-8.5,7.91,88.3,0.0,22.0
2022-05-28T11:00:00,-8.8,7.16,90.8,0.0,13.7
2022-05-28T12:00:00,-8.2,6.93,91.1,0.0,12.0
2022-05-28T13:00:00,-8.5,6.45,89.6,0.0,8.2
2022-05-28T14:00:00,-8.8,6.15,87.3,0.0,6.8
2022-05-28T15:00:00,-8.8,5.85,92.7,0.0,5.2
2022-05-28T16:00:00,-8.5,5.85,92.4,0.0,5.2
2022-05-28T17:00:00,-8.3,5.97,89.1,0.0,6.0
2022-05-28T18:00:00,-8.2,5.95,89.8,0.0,5.4
2022-05-28T19:00:00,-8.0,6.17,88.1,0.0,7.1
2022-05-28T20:00:00,-7.9,6.2,90.6,0.0,7.2
2022-05-28T21:00:00,-7.8,6.43,87.6,0.0,8.2
2022-05-28T22:00:00,-7.9,6.48,92.1,0.0,8.7
2022-05-28T23:00:00,-7.8,6.33,90.1,0.0,8.0
2022-05-29T00:00:00,-8.0,6.58,90.2,0.0,9.3
2022-05-29T01:00:00,-8.1,5.92,91.5,0.0,5.6
2022-05-29T02:00:00,-8.1,5.25,90.2,0.0,2.7
2022-05-29T03:00:00,-8.0,5.18,90.6,0.0,2.6
2022-05-29T04:00:00,-7.8,5.46,87.8,0.0,3.4
2022-05-29T05:00:00,-7.7,5.73,90.7,0.0,4.7
2022-05-29T06:00:00,-7.6,5.79,92.3,0.0,4.9
2022-05-29T07:00:00,-7.6,5.57,90.2,0.0,3.8
2022-05-29T08:00:00,-7.5,5.7,91.2,0.0,4.4
2022-05-29T09:00:00,-7.5,5.79,90.6,0.0,5.0
2022-05-29T10:00:00,-7.4,6.15,91.2,0.0,6.4
2022-05-29T11:00:00,-7.3,6.09,89.7,0.0,6.3
2022-05-29T12:00:00,-7.5,6.46,87.6,0.0,8.6
2022-05-29T13:00:00,-7.5,5.92,92.9,0.0,5.5
2022-05-29T14:00:00,-7.6,5.82,92.7,0.0,5.2
2022-05-29T15:00:00,-7.2,6.14,88.5,0.0,6.9
2022-05-29T16:00:00,-7.2,6.0,91.1,0.0,5.8
2022-05-29T17:00:00,-7.3,5.83,90.0,0.0,5.0
2022-05-29T18:00:00,-7.3,5.79,87.9,0.0,4.8
2022-05-29T19:00:00,-7.4,5.73,92.3,0.0,4.5
2022-05-29T20:00:00,-7.5,5.54,90.9,0.0,3.7
2022-05-29T21:00:00,-7.6,5.3,89.0,0.0,2.7
2022-05-29T22:00:00,-8.2,5.8,91.0,0.0,4.7
2022-05-29T23:00:00,-8.9,6.8,89.6,0.0,11.1
2022-05-30T00:00:00,-8.7,7.96,87.2,0.0,22.5
2022-05-30T01:00:00,-9.6,9.31,90.4,0.0,43.0
2022-05-30T02:00:00,-9.7,9.88,90.0,0.0,55.5
2022-05-30T03:00:00,-9.4,9.59,91.0,0.0,46.7
2022-05-30T04:00:00,-9.0,8.8,92.7,0.0,34.2
2022-05-30T05:00:00,-8.9,8.29,88.2,0.0,27.3
2022-05-30T06:00:00,-9.1,7.74,94.0,0.0,20.3
2022-05-30T07:00:00,-8.8,6.89,92.2,0.0,11.6
2022-05-30T08:00:00,-8.8,6.94,90.3,0.0,12.8
2022-05-30T09:00:00,-8.8,7.25,87.7,0.0,14.9
2022-05-30T10:00:00,-8.9,7.38,90.9,0.0,16.1
2022-05-30T11:00:00,-8.8,7.67,88.3,0.0,19.3
2022-05-30T12:00:00,-9.0,6.96,90.8,0.0,12.3
2022-05-30T13:00:00,-8.8,7.06,89.2,0.0,13.2
2022-05-30T14:00:00,-8.8,6.5,87.0,0.0,9.0
2022-05-30T15:00:00,-8.8,5.76,91.6,0.0,4.5
2022-05-30T16:00:00,-9.0,4.95,90.6,0.0,1.8
2022-05-30T17:00:00,-8.9,4.93,87.6,0.0,1.8
2022-05-30T18:00:00,-8.9,4.9,91.5,0.0,1.7
2022-05-30T19:00:00,-9.0,4.55,91.5,0.0,1.0
2022-05-30T20:00:00,-9.2,4.46,88.3,0.0,0.9
2022-05-30T21:00:00,-9.3,4.22,88.9,0.0,0.5
2022-05-30T22:00:00,-9.3,4.03,89.4,0.0,0.3
2022-05-30T23:00:00,-9.2,4.22,88.4,0.0,0.5
2022-05-31T00:00:00,-9.5,4.78,87.5,0.0,1.5
2022-05-31T01:00:00,-9.6,4.68,88.3,0.0,1.2
2022-05-31T02:00:00,-10.2,4.05,92.6,0.0,0.4
2022-05-31T03:00:00,-10.1,3.3,88.0,0.0,0.0
2022-05-31T04:00:00,-10.0,3.26,92.3,0.0,0.0
2022-05-31T05:00:00,-10.2,3.5,86.7,0.0,0.0
2022-05-31T06:00:00,-10.4,3.18,91.7,0.0,0.0
2022-05-31T07:00:00,-10.3,3.16,91.3,0.0,0.0
2022-05-31T08:00:00,-10.2,3.55,90.5,0.0,0.1
2022-05-31T09:00:00,-10.6,3.5,92.4,0.0,0.0
2022-05-31T10:00:00,-10.8,3.6,86.5,0.0,0.1
2022-05-31T11:00:00,-10.0,5.01,89.3,0.0,2.1
2022-05-31T12:00:00,-10.7,5.38,90.3,0.0,3.3
2022-05-31T13:00:00,-10.5,5.91,90.5,0.0,5.5
2022-05-31T14:00:00,-9.3,6.0,86.4,0.0,5.7
2022-05-31T15:00:00,-8.7,5.1,91.2,0.0,2.3
2022-05-31T16:00:00,-8.4,4.53,89.7,0.0,0.9
2022-05-31T17:00:00,-8.1,4.96,89.7,0.0,1.8
2022-05-31T18:00:00,-7.9,5.05,87.3,0.0,2.0
2022-05-31T19:00:00,-7.8,5.5,92.0,0.0,3.4
2022-05-31T20:00:00,-7.4,6.48,87.5,0.0,8.8
2022-05-31T21:00:00,-7.0,7.83,88.0,0.0,21.5
2022-05-31T22:00:00,-7.5,5.72,90.4,0.0,4.7
2022-05-31T23:00:00,-8.8,3.41,87.7,0.0,0.0
2022-06-01T00:00:00,-7.6,4.9,90.4,0.0,1.7
2022-06-01T01:00:00,-6.9,6.3,90.4,0.0,7.6
2022-06-01T02:00:00,-7.5,4.3,90.2,0.0,0.6
2022-06-01T03:00:00,-7.6,1.3,87.2,0.0,0.0
2022-06-01T04:00:00,-8.9,3.22,86.9,0.0,0.0
2022-06-01T05:00:00,-7.9,5.06,95.6,0.0,2.2
2022-06-01T06:00:00,-8.3,4.65,90.9,0.0,1.2
2022-06-01T07:00:00,-8.2,4.92,90.7,0.0,1.7
2022-06-01T08:00:00,-8.1,5.1,92.4,0.0,2.2
2022-06-01T09:00:00,-8.2,5.01,87.0,0.0,2.1
2022-06-01T10:00:00,-8.5,5.01,90.3,0.0,2.1
2022-06-01T11:00:00,-9.2,3.85,93.2,0.0,0.2
2022-06-01T12:00:00,-9.0,2.0,87.7,0.0,0.0
2022-06-01T13:00:00,-10.5,3.04,91.0,0.0,0.0
2022-06-01T14:00:00,-10.1,4.3,90.3,0.0,0.6
2022-06-01T15:00:00,-9.1,6.1,90.1,0.0,6.4
2022-06-01T16:00:00,-9.6,6.71,93.4,0.0,10.0
2022-06-01T17:00:00,-9.6,7.31,90.1,0.0,15.0
2022-06-01T18:00:00,-9.6,7.9,91.7,0.0,22.4
2022-06-01T19:00:00,-10.0,7.24,89.7,0.0,15.2
2022-06-01T20:00:00,-10.2,6.85,88.2,0.0,11.2
2022-06-01T21:00:00,-10.7,7.12,90.8,0.0,14.4
2022-06-01T22:00:00,-10.9,7.18,89.4,0.0,14.9
2022-06-01T23:00:00,-11.2,7.12,92.0,0.0,13.5
2022-06-02T00:00:00,-12.1,5.22,91.2,0.0,2.6
2022-06-02T01:00:00,-11.2,5.28,89.3,0.0,2.7
2022-06-02T02:00:00,-11.3,5.22,93.3,0.0,2.7
2022-06-02T03:00:00,-12.6,4.59,91.1,0.0,1.1
2022-06-02T04:00:00,-12.7,4.37,91.3,0.0,0.7
2022-06-02T05:00:00,-12.1,4.75,89.0,0.0,1.4
2022-06-02T06:00:00,-13.1,4.5,89.2,0.0,0.9
2022-06-02T07:00:00,-13.2,4.3,93.2,0.0,0.6
2022-06-02T08:00:00,-12.9,3.96,93.2,0.0,0.3
2022-06-02T09:00:00,-12.2,3.91,89.8,0.0,0.2
2022-06-02T10:00:00,-11.7,3.88,92.1,0.0,0.2
2022-06-02T11:00:00,-11.8,3.92,90.7,0.0,0.3
2022-06-02T12:00:00,-13.7,2.94,89.0,0.0,0.0
2022-06-02T13:00:00,-14.2,2.51,91.9,0.0,0.0
2022-06-02T14:00:00,-11.8,0.81,89.7,0.0,0.0
2022-06-02T15:00:00,-11.9,1.0,90.6,0.0,0.0
2022-06-02T16:00:00,-13.7,2.65,92.9,0.0,0.0
2022-06-02T17:00:00,-13.4,4.1,89.6,0.0,0.4
2022-06-02T18:00:00,-13.7,5.12,89.6,0.0,2.2
2022-06-02T19:00:00,-13.4,6.34,93.0,0.0,7.6
2022-06-02T20:00:00,-13.2,7.01,91.7,0.0,12.8
2022-06-02T21:00:00,-13.2,7.2,91.9,0.0,15.1
2022-06-02T22:00:00,-13.1,7.21,90.9,0.0,14.8
2022-06-02T23:00:00,-13.3,7.2,92.0,0.0,14.6
2022-06-03T00:00:00,-14.3,7.33,90.0,0.0,15.3
2022-06-03T01:00:00,-13.7,7.0,93.0,0.0,12.4
2022-06-03T02:00:00,-13.6,6.87,90.7,0.0,11.2
2022-06-03T03:00:00,-13.7,7.07,88.1,0.0,13.8
2022-06-03T04:00:00,-13.9,6.81,89.9,0.0,11.4
2022-06-03T05:00:00,-13.9,6.51,91.0,0.0,9.1
2022-06-03T06:00:00,-14.2,6.51,90.1,0.0,9.3
2022-06-03T07:00:00,-14.2,6.55,94.7,0.0,9.4
2022-06-03T08:00:00,-13.8,6.44,93.6,0.0,8.7
2022-06-03T09:00:00,-13.5,6.55,87.5,0.0,8.9
2022-06-03T10:00:00,-13.2,6.56,90.2,0.0,9.6
2022-06-03T11:00:00,-12.6,6.98,91.7,0.0,13.2
2022-06-03T12:00:00,-14.2,3.8,91.8,0.0,0.2
2022-06-03T13:00:00,-11.7,5.24,88.0,0.0,2.7
2022-06-03T14:00:00,-11.4,5.64,90.6,0.0,4.3
2022-06-03T15:00:00,-10.3,6.46,87.7,0.0,8.7
2022-06-03T16:00:00,-9.4,6.74,89.5,0.0,10.7
2022-06-03T17:00:00,-8.8,8.13,90.6,0.0,23.9
2022-06-03T18:00:00,-8.5,7.68,87.2,0.0,18.9
2022-06-03T19:00:00,-8.2,7.42,91.0,0.0,16.7
2022-06-03T20:00:00,-7.9,7.31,91.9,0.0,16.2
2022-06-03T21:00:00,-7.3,8.21,89.9,0.0,26.0
2022-06-03T22:00:00,-6.7,8.84,88.6,0.0,34.3
2022-06-03T23:00:00,-6.6,9.29,89.9,0.0,42.7
2022-06-04T00:00:00,-6.2,10.26,88.7,0.0,62.1
2022-06-04T01:00:00,-6.4,9.97,88.9,0.0,55.1
2022-06-04T02:00:00,-6.9,8.63,92.1,0.0,31.2
2022-06-04T03:00:00,-7.0,6.62,86.6,0.0,9.4
2022-06-04T04:00:00,-6.2,7.02,90.6,0.0,13.2
2022-06-04T05:00:00,-5.5,11.37,90.6,0.0,96.4
2022-06-04T06:00:00,-5.0,11.01,91.9,0.0,82.9
2022-06-04T07:00:00,-4.7,12.21,90.2,0.0,113.2
2022-06-04T08:00:00,-4.5,12.38,86.3,0.0,111.2
2022-06-04T09:00:00,-4.5,11.18,89.8,0.0,89.6
2022-06-04T10:00:00,-4.7,10.35,88.6,0.0,63.0
2022-06-04T11:00:00,-4.8,9.5,92.1,0.0,46.9
2022-06-04T12:00:00,-4.8,8.13,90.8,0.0,24.7
2022-06-04T13:00:00,-5.2,6.64,89.0,0.0,10.2
2022-06-04T14:00:00,-4.7,7.31,90.1,0.0,15.9
2022-06-04T15:00:00,-4.3,7.19,86.1,0.0,14.9
2022-06-04T16:00:00,-3.7,9.59,90.5,0.0,47.6
2022-06-04T17:00:00,-3.5,10.73,86.8,0.0,72.6
2022-06-04T18:00:00,-3.6,10.11,88.2,0.0,61.3
2022-06-04T19:00:00,-3.8,9.3,88.9,0.0,45.4
2022-06-04T20:00:00,-4.1,8.38,90.7,0.0,29.1
2022-06-04T21:00:00,-3.9,7.93,89.8,0.0,22.9
2022-06-04T22:00:00,-3.6,11.98,89.6,0.0,118.4
2022-06-04T23:00:00,-3.7,11.84,91.5,0.0,112.9
2022-06-05T00:00:00,-4.1,10.74,91.9,0.0,74.2
2022-06-05T01:00:00,-4.0,10.1,88.4,0.0,62.4
2022-06-05T02:00:00,-4.4,8.42,92.1,0.0,28.5
2022-06-05T03:00:00,-4.6,6.76,90.8,0.0,11.3
2022-06-05T04:00:00,-4.5,7.03,89.7,0.0,13.1
2022-06-05T05:00:00,-4.6,6.31,88.1,0.0,7.5
2022-06-05T06:00:00,-4.9,5.52,92.3,0.0,3.7
2022-06-05T07:00:00,-4.9,5.31,92.4,0.0,2.9
2022-06-05T08:00:00,-4.6,6.32,91.4,0.0,7.8
2022-06-05T09:00:00,-4.4,7.74,89.0,0.0,19.5
2022-06-05T10:00:00,-4.3,8.23,89.5,0.0,27.7
2022-06-05T11:00:00,-4.2,8.59,95.8,0.0,30.1
2022-06-05T12:00:00,-5.4,6.07,89.7,0.0,6.3
2022-06-05T13:00:00,-5.3,7.41,88.9,0.0,17.2
2022-06-05T14:00:00,-5.1,7.26,90.5,0.0,15.4
2022-06-05T15:00:00,-4.7,6.9,87.3,0.0,11.5
2022-06-05T16:00:00,-4.4,7.6,93.3,0.0,19.5
2022-06-05T17:00:00,-4.3,8.24,91.4,0.0,25.3
2022-06-05T18:00:00,-4.3,8.29,89.7,0.0,28.2
2022-06-05T19:00:00,-4.3,7.88,88.8,0.0,22.0
2022-06-05T20:00:00,-4.3,7.24,87.0,0.0,15.3
2022-06-05T21:00:00,-4.5,6.4,87.0,0.0,8.5
2022-06-05T22:00:00,-4.7,5.83,89.5,0.0,4.8
2022-06-05T23:00:00,-5.1,5.76,90.7,0.0,4.9
2022-06-06T00:00:00,-6.2,4.34,85.9,0.0,0.6
2022-06-06T01:00:00,-6.6,3.98,92.5,0.0,0.3
2022-06-06T02:00:00,-7.1,4.32,88.0,0.0,0.7
2022-06-06T03:00:00,-7.7,5.12,88.6,0.0,2.3
2022-06-06T04:00:00,-8.0,5.5,89.2,0.0,3.6
2022-06-06T05:00:00,-8.0,5.54,92.0,0.0,3.8
2022-06-06T06:00:00,-7.1,5.59,89.5,0.0,3.9
2022-06-06T07:00:00,-7.6,5.92,91.5,0.0,5.3
2022-06-06T08:00:00,-7.9,5.82,91.5,0.0,5.1
2022-06-06T09:00:00,-7.7,5.74,88.3,0.0,4.8
2022-06-06T10:00:00,-7.5,5.82,92.1,0.0,5.2
2022-06-06T11:00:00,-7.0,5.73,89.7,0.0,4.6
2022-06-06T12:00:00,-5.7,8.4,87.5,0.0,27.4
2022-06-06T13:00:00,-5.7,8.91,90.1,0.0,36.8
2022-06-06T14:00:00,-6.0,8.54,94.5,0.0,32.0
2022-06-06T15:00:00,-6.2,7.81,90.8,0.0,21.7
2022-06-06T16:00:00,-6.6,6.67,89.7,0.0,9.8
2022-06-06T17:00:00,-7.0,5.73,90.6,0.0,4.7
2022-06-06T18:00:00,-7.4,6.04,89.7,0.0,6.3
2022-06-06T19:00:00,-7.0,6.66,92.3,0.0,9.9
2022-06-06T20:00:00,-6.9,7.22,90.7,0.0,14.3
2022-06-06T21:00:00,-6.6,7.71,89.5,0.0,18.8
2022-06-06T22:00:00,-6.3,7.67,92.7,0.0,20.1
2022-06-06T23:00:00,-6.1,7.43,90.3,0.0,16.1
2022-06-07T00:00:00,-6.7,6.69,92.4,0.0,9.9
2022-06-07T01:00:00,-6.5,7.66,89.1,0.0,19.1
2022-06-07T02:00:00,-6.2,9.85,93.2,0.0,52.8
2022-06-07T03:00:00,-6.4,8.91,89.5,0.0,35.4
2022-06-07T04:00:00,-6.7,8.46,93.1,0.0,29.4
2022-06-07T05:00:00,-7.5,6.86,88.2,0.0,11.0
2022-06-07T06:00:00,-8.1,6.52,91.7,0.0,9.3
2022-06-07T07:00:00,-7.3,11.04,93.0,0.0,83.4
2022-06-07T08:00:00,-7.4,13.97,90.2,0.0,116.9
2022-06-07T09:00:00,-7.8,13.43,88.5,0.0,112.7
2022-06-07T10:00:00,-7.9,11.12,87.9,0.0,86.2
2022-06-07T11:00:00,-7.9,8.46,84.5,0.0,30.7
2022-06-07T12:00:00,-7.0,9.73,88.4,0.0,52.0
2022-06-07T13:00:00,-6.6,9.77,92.3,0.0,55.0
2022-06-07T14:00:00,-6.3,10.22,85.1,0.0,62.0
2022-06-07T15:00:00,-6.2,9.48,92.7,0.0,47.1
2022-06-07T16:00:00,-6.0,9.34,92.9,0.0,45.4
2022-06-07T17:00:00,-6.3,10.18,92.6,0.0,59.6
2022-06-07T18:00:00,-6.3,10.26,87.1,0.0,61.0
2022-06-07T19:00:00,-6.6,9.95,88.6,0.0,54.0
2022-06-07T20:00:00,-6.7,9.82,86.9,0.0,53.0
2022-06-07T21:00:00,-7.4,9.92,88.4,0.0,58.4
2022-06-07T22:00:00,-7.8,9.53,88.4,0.0,46.0
2022-06-07T23:00:00,-8.0,8.55,95.7,0.0,31.2
2022-06-08T00:00:00,-8.7,7.91,89.2,0.0,22.5
2022-06-08T01:00:00,-9.2,7.45,92.0,0.0,17.5
2022-06-08T02:00:00,-9.6,7.16,88.5,0.0,13.5
2022-06-08T03:00:00,-9.9,6.77,88.1,0.0,11.0
2022-06-08T04:00:00,-9.9,6.43,90.4,0.0,8.2
2022-06-08T05:00:00,-10.1,6.02,89.7,0.0,6.1
2022-06-08T06:00:00,-9.9,5.76,87.7,0.0,4.6
2022-06-08T07:00:00,-9.7,5.77,88.6,0.0,4.5
2022-06-08T08:00:00,-9.3,6.1,91.3,0.0,6.5
2022-06-08T09:00:00,-9.0,6.86,89.0,0.0,11.0
2022-06-08T10:00:00,-8.3,7.37,90.2,0.0,15.5
2022-06-08T11:00:00,-7.9,7.54,93.1,0.0,18.8
2022-06-08T12:00:00,-7.0,9.9,89.6,0.0,55.2
2022-06-08T13:00:00,-6.9,9.88,86.8,0.0,53.4
2022-06-08T14:00:00,-6.5,9.55,91.5,0.0,48.2
2022-06-08T15:00:00,-6.8,10.48,88.1,0.0,71.2
2022-06-08T16:00:00,-7.0,10.19,91.3,0.0,64.3
2022-06-08T17:00:00,-6.6,10.72,89.4,0.0,73.4
2022-06-08T18:00:00,-6.5,10.9,89.7,0.0,82.7
2022-06-08T19:00:00,-6.7,12.03,91.5,0.0,112.8
2022-06-08T20:00:00,-6.8,11.41,86.5,0.0,92.4
2022-06-08T21:00:00,-6.9,10.5,91.1,0.0,72.7
2022-06-08T22:00:00,-6.7,9.56,90.5,0.0,48.2
2022-06-08T23:00:00,-6.2,9.83,88.5,0.0,52.2
2022-06-09T00:00:00,-5.7,11.17,90.0,0.0,88.1
2022-06-09T01:00:00,-5.4,10.32,93.5,0.0,65.7
2022-06-09T02:00:00,-5.0,10.26,91.2,0.0,63.3
2022-06-09T03:00:00,-4.7,9.84,87.5,0.0,51.9
2022-06-09T04:00:00,-4.0,10.58,86.2,0.0,69.7
2022-06-09T05:00:00,-3.3,8.99,88.6,0.0,37.8
2022-06-09T06:00:00,-2.9,9.12,91.5,0.0,41.0
2022-06-09T07:00:00,-2.9,8.78,91.3,0.0,36.3
2022-06-09T08:00:00,-2.7,10.23,90.1,0.0,64.1
2022-06-09T09:00:00,-2.9,8.82,88.7,0.0,35.3
2022-06-09T10:00:00,-3.4,5.06,89.0,0.0,2.2
2022-06-09T11:00:00,-2.1,8.38,90.1,0.0,27.7
2022-06-09T12:00:00,-3.4,14.28,89.6,0.0,111.6
2022-06-09T13:00:00,-3.2,16.41,87.3,0.0,115.5
2022-06-09T14:00:00,-2.7,15.45,87.1,0.0,110.6
2022-06-09T15:00:00,-2.5,14.74,92.8,0.0,110.6
2022-06-09T16:00:00,-2.7,13.82,91.2,0.0,119.7
2022-06-09T17:00:00,-2.6,12.64,93.0,0.0,112.5
2022-06-09T18:00:00,-3.0,10.76,90.3,0.0,75.2
2022-06-09T19:00:00,-3.1,11.86,91.2,0.0,105.5
2022-06-09T20:00:00,-3.4,12.84,92.3,0.0,109.3
2022-06-09T21:00:00,-3.5,13.57,90.3,0.0,114.9
2022-06-09T22:00:00,-3.8,13.29,90.4,0.0,113.0
2022-06-09T23:00:00,-4.2,13.0,89.1,0.0,118.5
2022-06-10T00:00:00,-3.9,13.67,90.1,0.0,118.3
2022-06-10T01:00:00,-4.0,14.33,92.5,0.0,119.1
2022-06-10T02:00:00,-4.2,15.14,85.5,0.0,113.7
2022-06-10T03:00:00,-4.4,15.37,89.8,0.0,114.7
2022-06-10T04:00:00,-4.3,16.38,96.1,0.0,114.7
2022-06-10T05:00:00,-5.0,15.34,95.4,0.0,109.8
2022-06-10T06:00:00,-4.9,14.01,91.9,0.0,115.8
2022-06-10T07:00:00,-5.1,12.41,90.4,0.0,118.3
2022-06-10T08:00:00,-5.6,11.75,87.2,0.0,105.6
2022-06-10T09:00:00,-6.2,10.87,91.7,0.0,76.4
2022-06-10T10:00:00,-6.5,10.49,88.7,0.0,67.2
2022-06-10T11:00:00,-6.6,9.8,89.0,0.0,52.4
2022-06-10T12:00:00,-7.4,9.96,89.2,0.0,57.5
2022-06-10T13:00:00,-7.7,8.43,88.8,0.0,28.3
2022-06-10T14:00:00,-7.8,8.11,92.1,0.0,23.5
2022-06-10T15:00:00,-8.2,8.2,88.7,0.0,27.0
2022-06-10T16:00:00,-8.9,7.5,88.7,0.0,18.1
2022-06-10T17:00:00,-9.0,7.31,89.8,0.0,14.9
2022-06-10T18:00:00,-9.0,7.6,88.5,0.0,18.0
2022-06-10T19:00:00,-9.5,8.51,91.6,0.0,31.2
2022-06-10T20:00:00,-9.8,8.65,90.4,0.0,32.3
2022-06-10T21:00:00,-9.9,8.98,89.1,0.0,38.7
2022-06-10T22:00:00,-10.3,9.15,91.8,0.0,39.7
2022-06-10T23:00:00,-10.4,9.23,91.7,0.0,41.2
2022-06-11T00:00:00,-10.4,10.22,89.5,0.0,60.0
2022-06-11T01:00:00,-10.5,10.15,91.7,0.0,59.8
2022-06-11T02:00:00,-10.8,9.42,89.9,0.0,47.7
2022-06-11T03:00:00,-10.9,7.98,93.9,0.0,23.6
2022-06-11T04:00:00,-10.6,7.53,87.6,0.0,17.3
2022-06-11T05:00:00,-9.8,8.61,87.6,0.0,33.3
2022-06-11T06:00:00,-9.5,8.71,88.3,0.0,32.5
2022-06-11T07:00:00,-9.2,8.76,92.4,0.0,33.4
2022-06-11T08:00:00,-9.1,9.11,90.6,0.0,40.8
2022-06-11T09:00:00,-8.9,9.35,91.7,0.0,45.4
2022-06-11T10:00:00,-8.6,9.63,90.8,0.0,49.6
2022-06-11T11:00:00,-8.4,9.7,90.9,0.0,52.1
2022-06-11T12:00:00,-9.3,11.03,87.3,0.0,86.2
2022-06-11T13:00:00,-9.0,11.66,89.2,0.0,98.4
2022-06-11T14:00:00,-9.3,9.0,93.1,0.0,38.8
2022-06-11T15:00:00,-9.9,8.3,92.6,0.0,27.1
2022-06-11T16:00:00,-9.7,8.08,88.7,0.0,25.6
2022-06-11T17:00:00,-9.2,7.91,89.9,0.0,22.9
2022-06-11T18:00:00,-8.7,8.4,89.2,0.0,29.1
2022-06-11T19:00:00,-8.5,9.4,91.7,0.0,45.0
2022-06-11T20:00:00,-8.4,9.81,89.3,0.0,56.3
2022-06-11T21:00:00,-8.5,10.0,87.6,0.0,56.2
2022-06-11T22:00:00,-8.7,9.8,87.1,0.0,56.0
2022-06-11T23:00:00,-8.7,10.24,94.8,0.0,64.0
2022-06-12T00:00:00,-8.6,10.8,84.6,0.0,77.9
2022-06-12T01:00:00,-7.9,10.31,90.4,0.0,67.3
2022-06-12T02:00:00,-7.5,9.15,92.3,0.0,40.0
2022-06-12T03:00:00,-6.9,9.16,96.8,0.0,40.1
2022-06-12T04:00:00,-7.0,9.11,88.1,0.0,39.8
2022-06-12T05:00:00,-6.2,10.11,89.4,0.0,57.2
2022-06-12T06:00:00,-5.6,10.41,89.6,0.0,68.3
2022-06-12T07:00:00,-5.1,11.61,88.6,0.0,100.8
2022-06-12T08:00:00,-4.4,12.23,88.6,0.0,118.1
2022-06-12T09:00:00,-4.0,12.02,89.3,0.0,113.8
2022-06-12T10:00:00,-3.7,10.92,92.5,0.0,82.2
2022-06-12T11:00:00,-3.5,9.33,91.6,0.0,43.0
2022-06-12T12:00:00,-2.7,12.03,92.2,0.0,119.4
2022-06-12T13:00:00,-2.3,14.72,93.5,0.0,119.5
2022-06-12T14:00:00,-2.2,14.72,91.0,0.0,113.9
2022-06-12T15:00:00,-2.1,14.45,84.7,0.0,116.1
2022-06-12T16:00:00,-2.1,14.24,89.0,0.0,111.1
2022-06-12T17:00:00,-2.1,14.47,89.8,0.0,110.1
2022-06-12T18:00:00,-2.2,13.84,87.6,0.0,116.3
2022-06-12T19:00:00,-2.3,13.56,91.6,0.0,119.6
2022-06-12T20:00:00,-2.2,13.03,89.7,0.0,111.5
2022-06-12T21:00:00,-2.3,11.96,93.0,0.0,117.9
2022-06-12T22:00:00,-2.5,12.34,90.1,0.0,112.5
2022-06-12T23:00:00,-2.6,12.22,87.9,0.0,118.0
2022-06-13T00:00:00,-3.4,14.05,87.4,0.0,117.8
2022-06-13T01:00:00,-3.2,12.76,88.0,0.0,112.0
2022-06-13T02:00:00,-3.1,11.67,90.7,0.0,101.9
2022-06-13T03:00:00,-3.1,10.85,88.6,0.0,75.3
2022-06-13T04:00:00,-3.0,10.3,94.1,0.0,65.9
2022-06-13T05:00:00,-3.0,9.26,89.2,0.0,40.5
2022-06-13T06:00:00,-3.0,8.68,88.9,0.0,34.6
2022-06-13T07:00:00,-3.2,7.74,87.2,0.0,20.5
2022-06-13T08:00:00,-3.5,6.55,90.1,0.0,9.7
2022-06-13T09:00:00,-3.6,5.95,88.0,0.0,5.7
2022-06-13T10:00:00,-3.6,6.0,92.2,0.0,5.9
2022-06-13T11:00:00,-3.5,6.11,88.2,0.0,6.3
2022-06-13T12:00:00,-3.2,8.15,87.7,0.0,24.8
2022-06-13T13:00:00,-4.1,4.34,88.0,0.0,0.6
2022-06-13T14:00:00,-5.2,2.88,90.5,0.0,0.0
2022-06-13T15:00:00,-4.4,4.0,91.9,0.0,0.3
2022-06-13T16:00:00,-3.2,6.1,87.6,0.0,6.6
2022-06-13T17:00:00,-3.2,5.88,90.4,0.0,5.3
2022-06-13T18:00:00,-3.4,5.0,90.3,0.0,2.1
2022-06-13T19:00:00,-3.4,4.73,91.7,0.0,1.3
2022-06-13T20:00:00,-2.8,5.89,87.9,0.0,5.5
2022-06-13T21:00:00,-2.6,6.68,90.1,0.0,9.7
2022-06-13T22:00:00,-2.7,6.91,92.2,0.0,11.6
2022-06-13T23:00:00,-2.6,7.18,89.2,0.0,13.7
2022-06-14T00:00:00,-2.9,7.83,90.3,0.0,21.2
2022-06-14T01:00:00,-3.2,6.31,90.5,0.0,8.0
2022-06-14T02:00:00,-3.7,5.5,92.7,0.0,3.7
2022-06-14T03:00:00,-4.6,5.15,91.8,0.0,2.5
2022-06-14T04:00:00,-5.8,5.05,92.0,0.0,2.0
2022-06-14T05:00:00,-5.6,6.23,89.5,0.0,7.4
2022-06-14T06:00:00,-5.0,6.99,92.6,0.0,12.6
2022-06-14T07:00:00,-4.9,6.96,89.7,0.0,12.6
2022-06-14T08:00:00,-5.0,6.91,88.1,0.0,12.4
2022-06-14T09:00:00,-5.2,6.93,89.7,0.0,12.7
2022-06-14T10:00:00,-5.6,6.81,88.5,0.0,11.0
2022-06-14T11:00:00,-6.1,6.8,89.8,0.0,10.8
2022-06-14T12:00:00,-5.7,8.5,91.5,0.0,31.6
2022-06-14T13:00:00,-7.8,5.22,87.4,0.0,2.5
2022-06-14T14:00:00,-9.5,2.87,87.2,0.0,0.0
2022-06-14T15:00:00,-9.4,2.8,92.6,0.0,0.0
2022-06-14T16:00:00,-10.4,3.4,90.9,0.0,0.0
2022-06-14T17:00:00,-9.8,3.94,90.9,0.0,0.3
2022-06-14T18:00:00,-7.8,5.61,90.3,0.0,3.9
2022-06-14T19:00:00,-7.3,6.15,90.9,0.0,6.8
2022-06-14T20:00:00,-7.2,6.25,92.0,0.0,7.5
2022-06-14T21:00:00,-8.1,6.55,87.8,0.0,9.1
2022-06-14T22:00:00,-7.7,8.36,92.8,0.0,27.9
2022-06-14T23:00:00,-7.8,9.63,93.3,0.0,49.1
2022-06-15T00:00:00,-8.1,10.16,87.6,0.0,62.2
2022-06-15T01:00:00,-8.3,8.77,94.6,0.0,35.1
2022-06-15T02:00:00,-8.7,7.89,88.6,0.0,22.2
2022-06-15T03:00:00,-8.4,9.59,90.8,0.0,47.5
2022-06-15T04:00:00,-7.8,9.58,89.9,0.0,50.5
2022-06-15T05:00:00,-7.7,8.94,91.2,0.0,36.9
2022-06-15T06:00:00,-8.5,7.3,87.5,0.0,16.1
2022-06-15T07:00:00,-8.5,10.59,91.6,0.0,69.3
2022-06-15T08:00:00,-8.8,10.24,91.6,0.0,66.1
2022-06-15T09:00:00,-8.9,9.12,90.9,0.0,42.3
2022-06-15T10:00:00,-8.5,11.03,94.5,0.0,80.6
2022-06-15T11:00:00,-8.5,11.05,90.5,0.0,82.9
2022-06-15T12:00:00,-9.8,9.41,88.0,0.0,44.5
2022-06-15T13:00:00,-10.1,9.0,92.5,0.0,39.8
2022-06-15T14:00:00,-9.4,9.93,88.1,0.0,56.1
2022-06-15T15:00:00,-9.1,11.58,89.3,0.0,102.0
2022-06-15T16:00:00,-8.9,12.57,90.3,0.0,110.4
2022-06-15T17:00:00,-8.8,12.43,89.8,0.0,118.2
2022-06-15T18:00:00,-8.7,11.6,89.6,0.0,100.1
2022-06-15T19:00:00,-8.6,10.75,93.3,0.0,73.7
2022-06-15T20:00:00,-8.5,9.77,90.9,0.0,53.2
2022-06-15T21:00:00,-8.4,9.59,90.3,0.0,51.3
2022-06-15T22:00:00,-8.1,10.46,89.9,0.0,67.4
2022-06-15T23:00:00,-8.0,10.39,93.3,0.0,64.3
2022-06-16T00:00:00,-7.8,12.06,88.0,0.0,119.6
2022-06-16T01:00:00,-8.0,10.42,90.9,0.0,66.8
2022-06-16T02:00:00,-8.5,9.21,93.3,0.0,40.9
2022-06-16T03:00:00,-8.4,9.41,93.0,0.0,45.6
2022-06-16T04:00:00,-8.1,10.9,91.8,0.0,77.1
2022-06-16T05:00:00,-7.9,10.74,89.5,0.0,73.3
2022-06-16T06:00:00,-8.1,9.93,91.9,0.0,55.0
2022-06-16T07:00:00,-8.3,8.81,92.2,0.0,35.7
2022-06-16T08:00:00,-8.7,8.3,91.1,0.0,28.1
2022-06-16T09:00:00,-8.8,8.14,89.9,0.0,24.9
2022-06-16T10:00:00,-8.9,8.21,91.8,0.0,24.7
2022-06-16T11:00:00,-8.9,8.5,90.5,0.0,29.1
2022-06-16T12:00:00,-8.9,8.88,89.6,0.0,35.6
2022-06-16T13:00:00,-9.1,8.64,90.1,0.0,31.4
2022-06-16T14:00:00,-9.4,8.0,91.2,0.0,24.0
2022-06-16T15:00:00,-9.1,7.2,88.0,0.0,14.9
2022-06-16T16:00:00,-9.4,7.0,89.9,0.0,12.5
2022-06-16T17:00:00,-9.7,6.9,91.0,0.0,11.4
2022-06-16T18:00:00,-9.9,6.85,88.9,0.0,12.0
2022-06-16T19:00:00,-9.7,7.37,91.0,0.0,17.0
2022-06-16T20:00:00,-9.5,7.53,93.0,0.0,18.4
2022-06-16T21:00:00,-9.5,7.7,90.6,0.0,19.3
2022-06-16T22:00:00,-9.7,7.3,89.3,0.0,14.8
2022-06-16T23:00:00,-9.7,7.3,87.6,0.0,16.3
2022-06-17T00:00:00,-8.8,9.59,88.5,0.0,51.7
2022-06-17T01:00:00,-8.9,8.77,91.9,0.0,33.4
2022-06-17T02:00:00,-9.1,7.81,92.8,0.0,20.4
2022-06-17T03:00:00,-9.5,6.82,88.9,0.0,11.1
2022-06-17T04:00:00,-9.8,6.48,91.7,0.0,8.5
2022-06-17T05:00:00,-9.8,6.38,89.4,0.0,7.7
2022-06-17T06:00:00,-10.0,6.32,89.3,0.0,7.6
2022-06-17T07:00:00,-9.8,6.59,88.5,0.0,9.0
2022-06-17T08:00:00,-9.7,6.77,88.6,0.0,10.9
2022-06-17T09:00:00,-9.6,6.87,93.2,0.0,11.2
2022-06-17T10:00:00,-9.3,7.33,91.4,0.0,16.5
2022-06-17T11:00:00,-9.1,7.94,92.0,0.0,21.5
2022-06-17T12:00:00,-9.2,9.7,89.3,0.0,51.2
2022-06-17T13:00:00,-9.8,8.11,88.9,0.0,23.7
2022-06-17T14:00:00,-10.0,8.01,91.8,0.0,23.7
2022-06-17T15:00:00,-9.8,8.14,89.7,0.0,23.8
2022-06-17T16:00:00,-10.0,7.62,92.0,0.0,18.1
2022-06-17T17:00:00,-10.2,7.33,89.7,0.0,15.0
2022-06-17T18:00:00,-10.8,6.72,90.2,0.0,10.4
2022-06-17T19:00:00,-11.4,6.41,89.7,0.0,8.2
2022-06-17T20:00:00,-12.1,5.91,92.3,0.0,5.6
2022-06-17T21:00:00,-13.1,5.51,91.1,0.0,3.6
2022-06-17T22:00:00,-13.0,5.74,90.8,0.0,4.7
2022-06-17T23:00:00,-12.8,6.32,88.1,0.0,8.1
2022-06-18T00:00:00,-15.9,4.65,92.4,0.0,1.1
2022-06-18T01:00:00,-14.0,5.42,95.6,0.0,3.5
2022-06-18T02:00:00,-15.1,4.66,91.9,0.0,1.2
2022-06-18T03:00:00,-13.4,6.63,91.1,0.0,10.2
2022-06-18T04:00:00,-12.8,9.52,89.1,0.0,48.5
2022-06-18T05:00:00,-13.1,12.03,89.3,0.0,111.8
2022-06-18T06:00:00,-13.6,12.53,91.0,0.0,108.0
2022-06-18T07:00:00,-14.2,12.43,92.1,0.0,109.5
2022-06-18T08:00:00,-14.6,12.12,91.4,0.0,112.3
2022-06-18T09:00:00,-15.2,12.43,92.4,0.0,111.7
2022-06-18T10:00:00,-15.7,12.38,91.5,0.0,113.5
2022-06-18T11:00:00,-15.8,11.33,91.5,0.0,89.6
2022-06-18T12:00:00,-17.9,9.52,93.9,0.0,47.4
2022-06-18T13:00:00,-18.5,6.78,93.8,0.0,11.2
2022-06-18T14:00:00,-19.3,5.18,93.6,0.0,2.4
2022-06-18T15:00:00,-18.5,5.41,94.4,0.0,3.3
2022-06-18T16:00:00,-18.5,6.65,95.2,0.0,10.0
2022-06-18T17:00:00,-18.6,8.8,95.2,0.0,33.3
2022-06-18T18:00:00,-18.5,8.91,96.3,0.0,36.1
2022-06-18T19:00:00,-18.1,7.76,93.0,0.0,19.8
2022-06-18T20:00:00,-18.8,6.1,96.2,0.0,6.6
2022-06-18T21:00:00,-18.6,6.11,95.6,0.0,6.5
2022-06-18T22:00:00,-18.2,6.31,91.8,0.0,7.3
2022-06-18T23:00:00,-18.4,6.3,96.8,0.0,7.9
2022-06-19T00:00:00,-17.6,6.94,93.9,0.0,12.0
2022-06-19T01:00:00,-16.9,6.02,92.1,0.0,6.1
2022-06-19T02:00:00,-15.6,6.36,91.4,0.0,8.1
2022-06-19T03:00:00,-14.0,7.61,90.5,0.0,18.3
2022-06-19T04:00:00,-13.4,8.31,90.4,0.0,28.7
2022-06-19T05:00:00,-13.3,8.5,92.1,0.0,29.8
2022-06-19T06:00:00,-12.5,9.0,92.7,0.0,38.7
2022-06-19T07:00:00,-12.5,8.12,95.2,0.0,24.4
2022-06-19T08:00:00,-12.6,7.08,92.5,0.0,12.8
2022-06-19T09:00:00,-11.8,7.83,89.0,0.0,20.8
2022-06-19T10:00:00,-11.0,9.7,89.6,0.0,52.5
2022-06-19T11:00:00,-11.2,9.03,91.8,0.0,39.7
2022-06-19T12:00:00,-12.7,8.32,88.5,0.0,26.2
2022-06-19T13:00:00,-11.7,9.14,91.8,0.0,39.7
2022-06-19T14:00:00,-11.3,9.44,92.9,0.0,48.4
2022-06-19T15:00:00,-11.9,7.5,92.9,0.0,18.1
2022-06-19T16:00:00,-11.8,7.33,90.0,0.0,16.6
2022-06-19T17:00:00,-11.5,7.42,93.0,0.0,16.8
2022-06-19T18:00:00,-12.4,6.79,89.4,0.0,11.0
2022-06-19T19:00:00,-12.0,7.94,95.4,0.0,21.8
2022-06-19T20:00:00,-11.7,8.3,90.3,0.0,28.5
2022-06-19T21:00:00,-11.7,8.59,94.6,0.0,31.3
2022-06-19T22:00:00,-11.8,9.04,91.9,0.0,39.2
2022-06-19T23:00:00,-11.9,9.71,92.1,0.0,51.2
2022-06-20T00:00:00,-14.0,4.1,93.2,0.0,0.4
2022-06-20T01:00:00,-13.0,2.14,93.1,0.0,0.0
2022-06-20T02:00:00,-15.0,4.97,92.8,0.0,1.9
2022-06-20T03:00:00,-11.5,7.79,89.6,0.0,20.4
2022-06-20T04:00:00,-11.2,7.11,91.6,0.0,14.0
2022-06-20T05:00:00,-12.3,4.9,90.9,0.0,1.6
2022-06-20T06:00:00,-13.4,2.76,94.4,0.0,0.0
2022-06-20T07:00:00,-13.8,4.88,92.2,0.0,1.7
2022-06-20T08:00:00,-12.3,7.43,91.5,0.0,16.0
2022-06-20T09:00:00,-12.1,8.18,92.1,0.0,25.8
2022-06-20T10:00:00,-12.2,8.18,87.3,0.0,27.0
2022-06-20T11:00:00,-12.4,8.77,89.2,0.0,34.8
2022-06-20T12:00:00,-11.8,9.65,90.8,0.0,51.6
2022-06-20T13:00:00,-11.2,8.63,87.8,0.0,31.0
2022-06-20T14:00:00,-12.4,8.82,90.3,0.0,35.8
2022-06-20T15:00:00,-13.9,9.38,93.5,0.0,46.6
2022-06-20T16:00:00,-14.5,9.99,94.0,0.0,58.3
2022-06-20T17:00:00,-14.3,10.58,90.5,0.0,74.2
2022-06-20T18:00:00,-14.4,10.56,93.4,0.0,73.1
2022-06-20T19:00:00,-14.4,9.9,93.3,0.0,58.5
2022-06-20T20:00:00,-14.0,9.56,91.7,0.0,49.8
2022-06-20T21:00:00,-13.7,9.62,92.5,0.0,49.4
2022-06-20T22:00:00,-13.5,9.23,87.9,0.0,40.9
2022-06-20T23:00:00,-13.4,9.14,92.1,0.0,40.8
2022-06-21T00:00:00,-13.9,8.7,93.9,0.0,33.4
2022-06-21T01:00:00,-13.9,8.42,91.5,0.0,29.9
2022-06-21T02:00:00,-13.9,8.81,92.5,0.0,34.0
2022-06-21T03:00:00,-13.6,8.19,92.2,0.0,26.0
2022-06-21T04:00:00,-13.5,7.31,88.0,0.0,15.5
2022-06-21T05:00:00,-13.3,8.16,91.2,0.0,26.2
2022-06-21T06:00:00,-13.0,8.07,88.2,0.0,24.2
2022-06-21T07:00:00,-13.0,7.87,88.6,0.0,21.5
2022-06-21T08:00:00,-12.9,7.84,89.1,0.0,22.1
2022-06-21T09:00:00,-13.0,7.43,94.9,0.0,17.4
2022-06-21T10:00:00,-13.2,6.74,90.2,0.0,10.7
2022-06-21T11:00:00,-13.3,6.64,90.3,0.0,9.4
2022-06-21T12:00:00,-13.2,6.42,89.7,0.0,8.5
2022-06-21T13:00:00,-13.1,5.91,89.0,0.0,5.4
2022-06-21T14:00:00,-13.1,5.95,92.4,0.0,5.5
2022-06-21T15:00:00,-12.9,6.3,94.2,0.0,7.9
2022-06-21T16:00:00,-12.9,6.26,91.9,0.0,7.6
2022-06-21T17:00:00,-12.8,6.46,92.1,0.0,9.0
2022-06-21T18:00:00,-13.1,6.09,91.2,0.0,6.7
2022-06-21T19:00:00,-13.7,5.51,94.4,0.0,3.6
2022-06-21T20:00:00,-13.7,5.69,94.5,0.0,4.5
2022-06-21T21:00:00,-13.7,5.8,91.9,0.0,5.0
2022-06-21T22:00:00,-14.3,5.24,90.7,0.0,2.8
2022-06-21T23:00:00,-15.1,4.87,92.8,0.0,1.7
2022-06-22T00:00:00,-16.9,4.18,94.1,0.0,0.5
2022-06-22T01:00:00,-16.5,4.46,93.2,0.0,0.8
2022-06-22T02:00:00,-17.0,4.12,95.0,0.0,0.4
2022-06-22T03:00:00,-17.2,3.69,96.3,0.0,0.1
2022-06-22T04:00:00,-17.3,3.79,95.2,0.0,0.2
2022-06-22T05:00:00,-17.3,3.77,96.5,0.0,0.2
2022-06-22T06:00:00,-16.8,3.61,93.0,0.0,0.1
2022-06-22T07:00:00,-16.6,3.51,91.4,0.0,0.0
2022-06-22T08:00:00,-17.5,4.11,94.0,0.0,0.4
2022-06-22T09:00:00,-17.3,4.21,94.2,0.0,0.5
2022-06-22T10:00:00,-17.5,4.25,91.3,0.0,0.6
2022-06-22T11:00:00,-16.7,4.39,94.2,0.0,0.8
2022-06-22T12:00:00,-18.2,4.05,92.9,0.0,0.3
2022-06-22T13:00:00,-17.3,4.97,93.5,0.0,1.8
2022-06-22T14:00:00,-17.9,4.46,93.5,0.0,0.9
2022-06-22T15:00:00,-17.8,4.25,94.3,0.0,0.6
2022-06-22T16:00:00,-18.1,3.8,95.9,0.0,0.2
2022-06-22T17:00:00,-17.6,3.83,94.4,0.0,0.2
2022-06-22T18:00:00,-16.6,4.88,89.9,0.0,1.6
2022-06-22T19:00:00,-16.9,5.2,95.1,0.0,2.5
2022-06-22T20:00:00,-17.1,4.7,92.8,0.0,1.3
2022-06-22T21:00:00,-18.0,4.25,95.8,0.0,0.6
2022-06-22T22:00:00,-18.5,3.54,94.2,0.0,0.1
2022-06-22T23:00:00,-18.7,2.91,93.6,0.0,0.0
2022-06-23T00:00:00,-18.9,2.9,90.5,0.0,0.0
2022-06-23T01:00:00,-16.0,1.79,91.3,0.0,0.0
2022-06-23T02:00:00,-16.1,0.61,92.6,0.0,0.0
2022-06-23T03:00:00,-16.3,0.41,93.9,0.0,0.0
2022-06-23T04:00:00,-16.7,1.75,92.7,0.0,0.0
2022-06-23T05:00:00,-20.9,3.42,97.7,0.0,0.0
2022-06-23T06:00:00,-20.7,4.63,96.4,0.0,1.1
2022-06-23T07:00:00,-20.9,4.88,96.6,0.0,1.7
2022-06-23T08:00:00,-21.1,4.68,96.7,0.0,1.3
2022-06-23T09:00:00,-20.7,5.15,94.8,0.0,2.5
2022-06-23T10:00:00,-20.0,5.63,95.6,0.0,3.9
2022-06-23T11:00:00,-19.6,5.94,93.8,0.0,5.3
2022-06-23T12:00:00,-20.9,5.9,95.1,0.0,5.3
2022-06-23T13:00:00,-19.5,6.11,91.9,0.0,6.3
2022-06-23T14:00:00,-19.2,6.3,95.8,0.0,7.4
2022-06-23T15:00:00,-19.0,6.36,95.2,0.0,7.9
2022-06-23T16:00:00,-19.0,6.17,94.5,0.0,7.2
2022-06-23T17:00:00,-20.5,5.11,93.1,0.0,2.4
2022-06-23T18:00:00,-20.4,5.25,100.6,0.0,2.6
2022-06-23T19:00:00,-19.2,6.15,96.1,0.0,6.7
2022-06-23T20:00:00,-19.5,5.86,95.6,0.0,5.4
2022-06-23T21:00:00,-19.9,5.59,97.8,0.0,3.9
2022-06-23T22:00:00,-20.3,5.37,94.3,0.0,3.0
2022-06-23T23:00:00,-20.7,5.26,91.7,0.0,2.8
2022-06-24T00:00:00,-21.1,5.39,96.2,0.0,3.2
2022-06-24T01:00:00,-22.0,4.78,99.2,0.0,1.4
2022-06-24T02:00:00,-22.4,4.41,97.9,0.0,0.7
2022-06-24T03:00:00,-22.7,3.89,98.0,0.0,0.2
2022-06-24T04:00:00,-22.5,3.64,94.3,0.0,0.1
2022-06-24T05:00:00,-22.7,4.42,96.6,0.0,0.8
2022-06-24T06:00:00,-21.5,5.4,94.8,0.0,3.1
2022-06-24T07:00:00,-21.0,5.5,94.5,0.0,3.7
2022-06-24T08:00:00,-21.0,5.4,93.7,0.0,3.1
2022-06-24T09:00:00,-21.3,5.31,97.1,0.0,2.7
2022-06-24T10:00:00,-21.6,5.2,100.0,0.0,2.6
2022-06-24T11:00:00,-21.1,5.4,94.0,0.0,3.4
2022-06-24T12:00:00,-20.7,5.68,95.1,0.0,4.2
2022-06-24T13:00:00,-20.3,5.73,95.6,0.0,4.7
2022-06-24T14:00:00,-20.0,5.75,97.6,0.0,4.5
2022-06-24T15:00:00,-20.9,5.04,92.5,0.0,2.0
2022-06-24T16:00:00,-22.6,3.92,95.2,0.0,0.2
2022-06-24T17:00:00,-22.0,3.3,96.3,0.0,0.0
2022-06-24T18:00:00,-22.0,3.42,98.9,0.0,0.0
2022-06-24T19:00:00,-21.8,3.47,92.8,0.0,0.0
2022-06-24T20:00:00,-22.7,3.9,96.4,0.0,0.2
2022-06-24T21:00:00,-22.0,4.64,90.9,0.0,1.1
2022-06-24T22:00:00,-21.8,4.64,95.1,0.0,1.1
2022-06-24T23:00:00,-20.4,4.4,92.6,0.0,0.8
2022-06-25T00:00:00,-21.4,4.46,95.7,0.0,0.9
2022-06-25T01:00:00,-21.8,3.55,93.2,0.0,0.1
2022-06-25T02:00:00,-19.7,2.73,93.6,0.0,0.0
2022-06-25T03:00:00,-17.6,2.11,95.7,0.0,0.0
2022-06-25T04:00:00,-17.1,1.96,93.7,0.0,0.0
2022-06-25T05:00:00,-17.6,2.11,95.0,0.0,0.0
2022-06-25T06:00:00,-16.4,1.9,96.7,0.0,0.0
2022-06-25T07:00:00,-15.4,1.88,92.2,0.0,0.0
2022-06-25T08:00:00,-14.4,1.66,93.4,0.0,0.0
2022-06-25T09:00:00,-14.3,1.58,91.2,0.0,0.0
2022-06-25T10:00:00,-14.1,1.9,90.0,0.0,0.0
2022-06-25T11:00:00,-16.3,2.42,94.5,0.0,0.0
2022-06-25T12:00:00,-18.6,3.01,97.8,0.0,0.0
2022-06-25T13:00:00,-14.1,1.72,91.4,0.0,0.0
2022-06-25T14:00:00,-13.9,1.58,93.9,0.0,0.0
2022-06-25T15:00:00,-13.6,1.71,90.7,0.0,0.0
2022-06-25T16:00:00,-13.4,1.75,94.8,0.0,0.0
2022-06-25T17:00:00,-13.3,1.75,89.8,0.0,0.0
2022-06-25T18:00:00,-17.0,2.75,90.9,0.0,0.0
2022-06-25T19:00:00,-17.7,3.7,92.3,0.0,0.1
2022-06-25T20:00:00,-17.5,4.03,92.1,0.0,0.3
2022-06-25T21:00:00,-17.2,4.14,91.6,0.0,0.4
2022-06-25T22:00:00,-16.6,4.52,94.9,0.0,0.9
2022-06-25T23:00:00,-15.3,5.53,92.7,0.0,3.7
2022-06-26T00:00:00,-13.1,6.51,91.2,0.0,9.1
2022-06-26T01:00:00,-13.2,5.71,89.2,0.0,4.5
2022-06-26T02:00:00,-13.2,5.7,89.8,0.0,4.4
2022-06-26T03:00:00,-12.5,6.04,92.2,0.0,6.3
2022-06-26T04:00:00,-12.4,5.56,93.2,0.0,3.8
2022-06-26T05:00:00,-12.7,5.1,94.7,0.0,2.3
2022-06-26T06:00:00,-12.1,5.79,88.8,0.0,4.8
2022-06-26T07:00:00,-10.9,6.51,92.3,0.0,9.3
2022-06-26T08:00:00,-10.6,6.94,87.4,0.0,12.3
2022-06-26T09:00:00,-10.5,7.1,92.9,0.0,14.1
2022-06-26T10:00:00,-10.1,7.6,88.1,0.0,18.7
2022-06-26T11:00:00,-9.8,8.26,90.3,0.0,25.6
2022-06-26T12:00:00,-9.9,8.24,91.4,0.0,25.6
2022-06-26T13:00:00,-9.2,8.3,91.3,0.0,28.3
2022-06-26T14:00:00,-9.1,7.91,85.6,0.0,21.6
2022-06-26T15:00:00,-9.2,7.86,89.0,0.0,20.5
2022-06-26T16:00:00,-9.0,7.84,88.5,0.0,22.4
2022-06-26T17:00:00,-8.7,7.6,90.3,0.0,18.1
2022-06-26T18:00:00,-8.2,8.61,90.9,0.0,33.4
2022-06-26T19:00:00,-8.0,9.94,86.6,0.0,58.3
2022-06-26T20:00:00,-8.0,10.0,90.2,0.0,56.9
2022-06-26T21:00:00,-7.8,11.41,92.1,0.0,96.8
2022-06-26T22:00:00,-8.0,11.47,91.6,0.0,93.8
2022-06-26T23:00:00,-8.5,9.7,88.4,0.0,52.6
2022-06-27T00:00:00,-9.1,8.13,88.2,0.0,25.0
2022-06-27T01:00:00,-9.5,6.14,87.6,0.0,6.5
2022-06-27T02:00:00,-9.1,6.89,90.5,0.0,12.1
2022-06-27T03:00:00,-8.2,9.53,91.1,0.0,45.8
2022-06-27T04:00:00,-8.0,9.81,93.8,0.0,55.8
2022-06-27T05:00:00,-8.1,9.9,88.0,0.0,58.1
2022-06-27T06:00:00,-8.1,10.22,91.1,0.0,59.7
2022-06-27T07:00:00,-8.2,9.49,90.7,0.0,48.2
2022-06-27T08:00:00,-8.4,9.58,87.5,0.0,50.6
2022-06-27T09:00:00,-8.6,10.03,92.1,0.0,57.8
2022-06-27T10:00:00,-8.9,9.32,92.0,0.0,44.9
2022-06-27T11:00:00,-9.2,9.12,90.5,0.0,40.4
2022-06-27T12:00:00,-9.2,9.71,87.9,0.0,53.9
2022-06-27T13:00:00,-9.4,8.6,90.6,0.0,33.1
2022-06-27T14:00:00,-9.6,7.69,88.7,0.0,19.1
2022-06-27T15:00:00,-9.9,7.48,86.4,0.0,16.8
2022-06-27T16:00:00,-10.2,7.42,91.1,0.0,16.5
2022-06-27T17:00:00,-10.6,7.5,88.7,0.0,18.3
2022-06-27T18:00:00,-10.9,7.7,93.4,0.0,20.2
2022-06-27T19:00:00,-11.3,7.82,90.6,0.0,22.0
2022-06-27T20:00:00,-11.5,8.04,92.0,0.0,23.1
2022-06-27T21:00:00,-11.9,8.39,93.6,0.0,29.1
2022-06-27T22:00:00,-12.2,8.46,92.8,0.0,29.4
2022-06-27T23:00:00,-12.5,8.46,89.8,0.0,30.3
2022-06-28T00:00:00,-12.7,9.45,92.2,0.0,45.1
2022-06-28T01:00:00,-12.6,8.61,90.9,0.0,32.5
2022-06-28T02:00:00,-12.8,7.79,92.3,0.0,21.4
2022-06-28T03:00:00,-13.6,7.11,93.4,0.0,14.4
2022-06-28T04:00:00,-14.4,6.81,91.5,0.0,10.9
2022-06-28T05:00:00,-14.7,6.6,89.8,0.0,9.2
2022-06-28T06:00:00,-14.5,6.6,89.0,0.0,9.4
2022-06-28T07:00:00,-14.1,6.5,94.9,0.0,8.8
2022-06-28T08:00:00,-14.0,6.71,93.2,0.0,9.9
2022-06-28T09:00:00,-14.1,6.41,90.1,0.0,8.1
2022-06-28T10:00:00,-14.7,6.32,95.4,0.0,7.4
2022-06-28T11:00:00,-14.5,6.11,92.4,0.0,6.3
2022-06-28T12:00:00,-14.8,5.54,94.5,0.0,3.8
2022-06-28T13:00:00,-14.1,5.6,91.6,0.0,4.2
2022-06-28T14:00:00,-13.6,5.93,93.1,0.0,5.8
2022-06-28T15:00:00,-13.3,6.12,92.1,0.0,6.4
2022-06-28T16:00:00,-13.3,5.91,89.3,0.0,5.2
2022-06-28T17:00:00,-13.3,5.71,93.0,0.0,4.4
2022-06-28T18:00:00,-13.4,5.2,92.0,0.0,2.6
2022-06-28T19:00:00,-13.6,5.2,94.5,0.0,2.5
2022-06-28T20:00:00,-13.6,5.12,91.7,0.0,2.3
2022-06-28T21:00:00,-13.9,4.87,89.3,0.0,1.6
2022-06-28T22:00:00,-14.4,4.7,89.9,0.0,1.3
2022-06-28T23:00:00,-14.8,4.79,94.4,0.0,1.4
2022-06-29T00:00:00,-15.2,4.05,93.5,0.0,0.4
2022-06-29T01:00:00,-15.9,3.92,92.7,0.0,0.2
2022-06-29T02:00:00,-16.4,4.29,94.2,0.0,0.6
2022-06-29T03:00:00,-16.5,5.08,98.2,0.0,2.1
2022-06-29T04:00:00,-16.6,5.87,96.9,0.0,5.2
2022-06-29T05:00:00,-16.7,6.11,95.0,0.0,6.2
2022-06-29T06:00:00,-16.6,6.29,91.6,0.0,7.9
2022-06-29T07:00:00,-16.6,6.32,92.9,0.0,7.7
2022-06-29T08:00:00,-16.6,6.36,97.0,0.0,8.2
2022-06-29T09:00:00,-16.9,6.39,97.0,0.0,8.0
2022-06-29T10:00:00,-17.4,6.3,93.7,0.0,7.9
2022-06-29T11:00:00,-17.7,6.24,95.4,0.0,7.2
2022-06-29T12:00:00,-16.7,6.36,91.2,0.0,8.2
2022-06-29T13:00:00,-17.3,6.23,90.4,0.0,7.5
2022-06-29T14:00:00,-17.9,6.01,95.6,0.0,5.9
2022-06-29T15:00:00,-18.1,5.85,94.8,0.0,5.1
2022-06-29T16:00:00,-18.1,5.82,95.7,0.0,5.2
2022-06-29T17:00:00,-18.2,5.87,92.7,0.0,5.1
2022-06-29T18:00:00,-18.5,5.68,93.9,0.0,4.3
2022-06-29T19:00:00,-18.8,5.55,90.2,0.0,3.9
2022-06-29T20:00:00,-19.0,5.34,92.2,0.0,2.9
2022-06-29T21:00:00,-19.1,5.12,93.7,0.0,2.3
2022-06-29T22:00:00,-19.3,4.88,94.8,0.0,1.7
2022-06-29T23:00:00,-19.6,4.79,95.3,0.0,1.4
2022-06-30T00:00:00,-20.4,4.8,96.7,0.0,1.5
2022-06-30T01:00:00,-21.2,4.02,95.4,0.0,0.3
2022-06-30T02:00:00,-21.8,3.62,99.6,0.0,0.1
2022-06-30T03:00:00,-21.8,3.2,95.8,0.0,0.0
2022-06-30T04:00:00,-21.9,3.16,94.0,0.0,0.0
2022-06-30T05:00:00,-22.0,3.71,93.3,0.0,0.1
2022-06-30T06:00:00,-21.1,4.64,96.2,0.0,1.2
2022-06-30T07:00:00,-19.8,5.94,93.9,0.0,5.6
2022-06-30T08:00:00,-19.9,5.8,97.2,0.0,4.7
2022-06-30T09:00:00,-20.2,5.35,96.9,0.0,3.0
2022-06-30T10:00:00,-20.3,4.97,93.1,0.0,2.0
2022-06-30T11:00:00,-19.9,5.3,95.5,0.0,3.0
2022-06-30T12:00:00,-20.3,5.69,94.7,0.0,4.2
2022-06-30T13:00:00,-20.9,5.16,94.4,0.0,2.4
2022-06-30T14:00:00,-22.0,4.43,95.8,0.0,0.8
2022-06-30T15:00:00,-22.5,4.53,92.8,0.0,1.0
2022-06-30T16:00:00,-21.6,5.51,95.7,0.0,3.7
2022-06-30T17:00:00,-21.5,5.73,95.4,0.0,4.7
2022-06-30T18:00:00,-21.5,5.77,96.7,0.0,4.6
2022-06-30T19:00:00,-21.3,6.05,92.2,0.0,6.2
2022-06-30T20:00:00,-21.1,6.42,94.6,0.0,8.2
2022-06-30T21:00:00,-20.9,6.9,95.5,0.0,11.6
2022-06-30T22:00:00,-20.9,7.1,93.7,0.0,12.9
2022-06-30T23:00:00,-21.0,7.11,93.3,0.0,13.1
2022-07-01T00:00:00,-22.0,6.95,98.6,0.0,12.9
2022-07-01T01:00:00,-22.1,6.94,96.7,0.0,12.8
2022-07-01T02:00:00,-22.7,5.93,95.9,0.0,5.6
2022-07-01T03:00:00,-23.5,5.22,100.6,0.0,2.7
2022-07-01T04:00:00,-23.8,5.2,96.4,0.0,2.5
2022-07-01T05:00:00,-23.3,5.7,95.0,0.0,4.6
2022-07-01T06:00:00,-22.6,6.53,96.0,0.0,8.9
2022-07-01T07:00:00,-22.2,6.43,94.9,0.0,8.0
2022-07-01T08:00:00,-22.4,6.13,96.3,0.0,6.4
2022-07-01T09:00:00,-22.6,5.81,96.7,0.0,5.1
2022-07-01T10:00:00,-22.4,5.9,98.6,0.0,5.4
2022-07-01T11:00:00,-22.2,6.1,95.4,0.0,6.2
2022-07-01T12:00:00,-23.1,7.32,97.1,0.0,15.6
2022-07-01T13:00:00,-22.8,7.5,97.8,0.0,17.7
2022-07-01T14:00:00,-23.0,6.8,97.8,0.0,11.3
2022-07-01T15:00:00,-23.4,6.24,97.8,0.0,7.1
2022-07-01T16:00:00,-23.7,6.04,98.9,0.0,6.2
2022-07-01T17:00:00,-23.6,5.9,97.2,0.0,5.6
2022-07-01T18:00:00,-23.5,5.4,93.4,0.0,3.1
2022-07-01T19:00:00,-24.1,5.1,97.7,0.0,2.2
2022-07-01T20:00:00,-23.8,5.41,97.7,0.0,3.1
2022-07-01T21:00:00,-23.4,6.0,100.1,0.0,5.6
2022-07-01T22:00:00,-23.1,6.1,96.3,0.0,6.5
2022-07-01T23:00:00,-22.8,6.2,100.8,0.0,7.0
2022-07-02T00:00:00,-23.8,5.63,98.1,0.0,4.2
2022-07-02T01:00:00,-24.7,5.22,95.7,0.0,2.5
2022-07-02T02:00:00,-25.2,4.72,102.0,0.0,1.3
2022-07-02T03:00:00,-26.0,4.5,97.4,0.0,0.9
2022-07-02T04:00:00,-25.5,5.22,94.9,0.0,2.6
2022-07-02T05:00:00,-25.5,5.15,95.7,0.0,2.5
2022-07-02T06:00:00,-25.5,5.16,97.1,0.0,2.4
2022-07-02T07:00:00,-25.2,5.46,99.9,0.0,3.5
2022-07-02T08:00:00,-25.3,5.2,98.6,0.0,2.5
2022-07-02T09:00:00,-25.2,5.4,98.4,0.0,3.3
2022-07-02T10:00:00,-25.0,5.5,96.3,0.0,3.5
2022-07-02T11:00:00,-24.8,5.8,96.8,0.0,4.9
2022-07-02T12:00:00,-25.3,6.0,98.9,0.0,6.2
2022-07-02T13:00:00,-24.8,5.92,97.4,0.0,5.4
2022-07-02T14:00:00,-25.0,5.48,96.9,0.0,3.4
2022-07-02T15:00:00,-24.8,5.6,97.8,0.0,4.0
2022-07-02T16:00:00,-24.2,6.04,94.5,0.0,6.1
2022-07-02T17:00:00,-23.5,6.07,100.0,0.0,6.0
2022-07-02T18:00:00,-23.0,5.96,98.3,0.0,5.8
2022-07-02T19:00:00,-22.8,5.41,96.9,0.0,3.3
2022-07-02T20:00:00,-22.1,5.16,97.3,0.0,2.3
2022-07-02T21:00:00,-21.3,4.94,97.3,0.0,1.8
2022-07-02T22:00:00,-20.9,4.65,95.0,0.0,1.1
2022-07-02T23:00:00,-20.6,4.14,97.5,0.0,0.4
2022-07-03T00:00:00,-21.6,4.31,97.7,0.0,0.6
2022-07-03T01:00:00,-18.7,6.22,91.7,0.0,7.2
2022-07-03T02:00:00,-17.3,6.55,93.2,0.0,9.4
2022-07-03T03:00:00,-16.2,6.68,91.5,0.0,10.6
2022-07-03T04:00:00,-16.2,5.0,92.4,0.0,1.9
2022-07-03T05:00:00,-16.5,4.32,91.6,0.0,0.6
2022-07-03T06:00:00,-15.8,4.97,94.7,0.0,1.8
2022-07-03T07:00:00,-14.5,5.95,91.5,0.0,5.4
2022-07-03T08:00:00,-12.8,8.74,91.7,0.0,34.2
2022-07-03T09:00:00,-12.0,10.77,92.2,0.0,79.3
2022-07-03T10:00:00,-11.6,13.97,90.8,0.0,109.4
2022-07-03T11:00:00,-11.4,15.09,92.4,0.0,115.3
2022-07-03T12:00:00,-10.4,16.07,91.6,0.0,114.0
2022-07-03T13:00:00,-9.8,15.85,90.1,0.0,117.2
2022-07-03T14:00:00,-9.3,16.63,92.4,0.0,116.2
2022-07-03T15:00:00,-9.0,16.06,88.0,0.0,109.6
2022-07-03T16:00:00,-8.5,14.88,92.2,0.0,109.7
2022-07-03T17:00:00,-8.2,14.77,89.3,0.0,108.6
2022-07-03T18:00:00,-8.1,12.3,92.2,0.0,115.3
2022-07-03T19:00:00,-8.3,10.34,91.8,0.0,67.5
2022-07-03T20:00:00,-8.5,9.89,92.1,0.0,58.2
2022-07-03T21:00:00,-8.8,9.55,88.7,0.0,46.0
2022-07-03T22:00:00,-9.0,9.18,89.2,0.0,40.1
2022-07-03T23:00:00,-9.3,8.39,87.7,0.0,28.9
2022-07-04T00:00:00,-10.8,7.65,91.2,0.0,19.3
2022-07-04T01:00:00,-11.6,4.32,92.3,0.0,0.6
2022-07-04T02:00:00,-12.2,3.41,90.9,0.0,0.0
2022-07-04T03:00:00,-11.4,4.58,87.7,0.0,1.1
2022-07-04T04:00:00,-10.8,4.75,89.9,0.0,1.4
2022-07-04T05:00:00,-13.1,3.11,93.2,0.0,0.0
2022-07-04T06:00:00,-10.0,1.22,91.9,0.0,0.0
2022-07-04T07:00:00,-10.0,1.02,92.1,0.0,0.0
2022-07-04T08:00:00,-9.7,1.12,91.8,0.0,0.0
2022-07-04T09:00:00,-13.0,6.12,90.5,0.0,6.2
2022-07-04T10:00:00,-11.1,8.2,94.0,0.0,24.8
2022-07-04T11:00:00,-11.0,7.92,93.0,0.0,21.5
2022-07-04T12:00:00,-13.4,1.94,89.4,0.0,0.0
2022-07-04T13:00:00,-14.5,2.69,95.9,0.0,0.0
2022-07-04T14:00:00,-12.8,6.87,91.9,0.0,12.2
2022-07-04T15:00:00,-13.1,8.16,92.3,0.0,25.3
2022-07-04T16:00:00,-14.2,6.6,89.4,0.0,10.0
2022-07-04T17:00:00,-15.2,5.73,92.5,0.0,4.7
2022-07-04T18:00:00,-15.0,6.18,97.0,0.0,7.1
2022-07-04T19:00:00,-14.2,6.43,88.4,0.0,8.1
2022-07-04T20:00:00,-13.5,6.81,91.5,0.0,11.3
2022-07-04T21:00:00,-13.4,7.16,92.4,0.0,14.6
2022-07-04T22:00:00,-13.4,7.09,87.4,0.0,13.6
2022-07-04T23:00:00,-13.4,6.82,92.7,0.0,11.6
2022-07-05T00:00:00,-12.3,6.75,90.8,0.0,10.8
2022-07-05T01:00:00,-13.2,6.5,92.5,0.0,9.3
2022-07-05T02:00:00,-13.4,6.5,93.0,0.0,9.0
2022-07-05T03:00:00,-13.2,6.31,88.8,0.0,8.0
2022-07-05T04:00:00,-12.8,7.24,89.4,0.0,15.3
2022-07-05T05:00:00,-12.7,8.01,90.9,0.0,22.3
2022-07-05T06:00:00,-12.7,7.84,90.6,0.0,21.9
2022-07-05T07:00:00,-12.5,7.91,89.9,0.0,22.6
2022-07-05T08:00:00,-11.8,7.43,90.8,0.0,16.9
2022-07-05T09:00:00,-12.3,6.69,91.3,0.0,10.5
2022-07-05T10:00:00,-12.4,6.94,90.8,0.0,11.6
2022-07-05T11:00:00,-12.9,6.69,90.5,0.0,10.6
2022-07-05T12:00:00,-12.0,7.11,90.4,0.0,13.5
2022-07-05T13:00:00,-12.4,9.01,91.3,0.0,39.3
2022-07-05T14:00:00,-12.8,8.24,89.3,0.0,27.8
2022-07-05T15:00:00,-13.3,6.45,93.1,0.0,8.8
2022-07-05T16:00:00,-14.7,5.12,90.8,0.0,2.3
2022-07-05T17:00:00,-14.4,5.67,89.0,0.0,4.4
2022-07-05T18:00:00,-13.9,6.14,91.8,0.0,6.8
2022-07-05T19:00:00,-12.8,6.6,88.8,0.0,10.1
2022-07-05T20:00:00,-12.6,8.13,90.8,0.0,24.4
2022-07-05T21:00:00,-12.8,8.03,89.1,0.0,23.6
2022-07-05T22:00:00,-13.3,7.62,90.5,0.0,19.2
2022-07-05T23:00:00,-13.5,7.61,89.4,0.0,18.7
2022-07-06T00:00:00,-13.7,8.39,93.4,0.0,29.2
2022-07-06T01:00:00,-13.4,8.46,87.4,0.0,30.2
2022-07-06T02:00:00,-13.4,7.62,93.6,0.0,18.1
2022-07-06T03:00:00,-13.4,8.22,91.6,0.0,25.7
2022-07-06T04:00:00,-13.6,8.6,91.8,0.0,32.9
2022-07-06T05:00:00,-14.5,7.7,92.3,0.0,19.9
2022-07-06T06:00:00,-15.0,7.0,94.0,0.0,12.4
2022-07-06T07:00:00,-15.5,7.0,94.2,0.0,12.2
2022-07-06T08:00:00,-15.7,6.6,92.1,0.0,9.4
2022-07-06T09:00:00,-15.9,6.4,93.2,0.0,7.9
2022-07-06T10:00:00,-15.9,6.5,91.4,0.0,8.7
2022-07-06T11:00:00,-15.6,6.61,91.4,0.0,9.6
2022-07-06T12:00:00,-13.8,7.45,90.7,0.0,17.4
2022-07-06T13:00:00,-14.1,7.79,94.8,0.0,20.0
2022-07-06T14:00:00,-14.2,7.86,95.9,0.0,20.8
2022-07-06T15:00:00,-14.6,7.79,92.2,0.0,21.4
2022-07-06T16:00:00,-15.1,7.17,87.5,0.0,14.7
2022-07-06T17:00:00,-15.3,7.01,90.6,0.0,12.8
2022-07-06T18:00:00,-15.4,7.1,93.2,0.0,13.5
2022-07-06T19:00:00,-15.2,7.0,92.6,0.0,12.4
2022-07-06T20:00:00,-14.9,6.8,93.9,0.0,11.4
2022-07-06T21:00:00,-14.8,6.71,90.8,0.0,10.9
2022-07-06T22:00:00,-14.9,6.7,94.4,0.0,10.8
2022-07-06T23:00:00,-14.8,6.81,90.7,0.0,11.7
2022-07-07T00:00:00,-15.1,7.53,95.5,0.0,17.3
2022-07-07T01:00:00,-15.6,6.73,95.2,0.0,10.7
2022-07-07T02:00:00,-15.7,6.8,94.0,0.0,11.4
2022-07-07T03:00:00,-15.7,7.12,92.8,0.0,14.5
2022-07-07T04:00:00,-15.6,7.18,92.7,0.0,13.9
2022-07-07T05:00:00,-15.5,7.43,93.5,0.0,17.5
2022-07-07T06:00:00,-15.5,7.27,89.9,0.0,15.3
2022-07-07T07:00:00,-15.7,6.9,93.9,0.0,12.4
2022-07-07T08:00:00,-16.0,6.42,93.6,0.0,8.1
2022-07-07T09:00:00,-16.0,6.58,91.4,0.0,9.2
2022-07-07T10:00:00,-15.8,6.69,95.1,0.0,10.3
2022-07-07T11:00:00,-15.8,6.48,92.1,0.0,8.5
2022-07-07T12:00:00,-15.9,7.07,97.0,0.0,13.0
2022-07-07T13:00:00,-15.8,7.05,94.1,0.0,13.8
2022-07-07T14:00:00,-16.1,6.49,94.1,0.0,8.5
2022-07-07T15:00:00,-16.4,6.16,91.3,0.0,6.8
2022-07-07T16:00:00,-16.6,6.14,93.4,0.0,6.4
2022-07-07T17:00:00,-16.8,6.07,90.4,0.0,6.6
2022-07-07T18:00:00,-17.3,5.57,96.2,0.0,4.0
2022-07-07T19:00:00,-17.8,5.16,94.6,0.0,2.5
2022-07-07T20:00:00,-18.3,4.62,93.6,0.0,1.1
2022-07-07T21:00:00,-19.2,3.92,95.2,0.0,0.3
2022-07-07T22:00:00,-18.7,3.13,88.4,0.0,0.0
2022-07-07T23:00:00,-16.6,2.4,94.6,0.0,0.0
2022-07-08T00:00:00,-18.6,4.8,93.0,0.0,1.5
2022-07-08T01:00:00,-17.9,5.2,95.1,0.0,2.6
2022-07-08T02:00:00,-18.1,5.0,93.1,0.0,2.0
2022-07-08T03:00:00,-17.8,5.23,97.6,0.0,2.6
2022-07-08T04:00:00,-17.5,5.57,93.3,0.0,3.9
2022-07-08T05:00:00,-16.7,6.22,94.2,0.0,7.3
2022-07-08T06:00:00,-16.4,6.33,91.1,0.0,7.4
2022-07-08T07:00:00,-16.0,6.77,94.3,0.0,11.2
2022-07-08T08:00:00,-16.1,6.65,95.6,0.0,9.8
2022-07-08T09:00:00,-16.1,6.87,90.9,0.0,11.8
2022-07-08T10:00:00,-16.2,7.24,94.7,0.0,14.4
2022-07-08T11:00:00,-16.2,7.39,89.4,0.0,17.0
2022-07-08T12:00:00,-16.4,7.84,92.7,0.0,20.6
2022-07-08T13:00:00,-16.6,7.87,95.0,0.0,21.2
2022-07-08T14:00:00,-16.9,8.05,97.7,0.0,24.7
2022-07-08T15:00:00,-17.0,8.34,90.6,0.0,28.4
2022-07-08T16:00:00,-17.1,8.34,95.1,0.0,29.3
2022-07-08T17:00:00,-17.2,8.15,94.4,0.0,25.2
2022-07-08T18:00:00,-17.3,7.88,95.7,0.0,22.6
2022-07-08T19:00:00,-17.4,7.34,92.6,0.0,15.4
2022-07-08T20:00:00,-17.5,7.16,92.4,0.0,14.9
2022-07-08T21:00:00,-17.4,7.96,93.3,0.0,23.3
2022-07-08T22:00:00,-17.4,8.63,92.3,0.0,31.6
2022-07-08T23:00:00,-17.4,9.48,94.2,0.0,47.0
2022-07-09T00:00:00,-17.8,8.5,92.6,0.0,30.2
2022-07-09T01:00:00,-17.9,9.58,97.3,0.0,49.5
2022-07-09T02:00:00,-18.0,10.08,95.3,0.0,62.1
2022-07-09T03:00:00,-18.3,10.41,94.3,0.0,64.7
2022-07-09T04:00:00,-18.4,10.6,94.4,0.0,74.5
2022-07-09T05:00:00,-18.4,10.14,93.9,0.0,60.7
2022-07-09T06:00:00,-18.6,9.71,95.6,0.0,52.2
2022-07-09T07:00:00,-18.6,8.8,95.5,0.0,34.9
2022-07-09T08:00:00,-18.5,7.96,94.2,0.0,23.2
2022-07-09T09:00:00,-18.5,7.78,91.4,0.0,20.7
2022-07-09T10:00:00,-18.6,6.96,96.5,0.0,12.8
2022-07-09T11:00:00,-19.1,5.83,98.0,0.0,5.1
2022-07-09T12:00:00,-17.6,8.44,94.4,0.0,28.4
2022-07-09T13:00:00,-17.8,6.3,94.6,0.0,7.9
2022-07-09T14:00:00,-19.6,4.63,94.2,0.0,1.2
2022-07-09T15:00:00,-19.3,4.84,94.7,0.0,1.6
2022-07-09T16:00:00,-18.6,5.91,91.7,0.0,5.3
2022-07-09T17:00:00,-18.6,5.97,91.6,0.0,6.0
2022-07-09T18:00:00,-18.8,6.53,93.6,0.0,9.2
2022-07-09T19:00:00,-18.8,7.06,98.0,0.0,13.1
2022-07-09T20:00:00,-18.9,7.46,96.2,0.0,17.1
2022-07-09T21:00:00,-19.1,6.96,96.1,0.0,12.2
2022-07-09T22:00:00,-19.9,5.69,96.4,0.0,4.5
2022-07-09T23:00:00,-20.2,5.7,95.7,0.0,4.4
2022-07-10T00:00:00,-18.1,7.23,96.6,0.0,15.5
2022-07-10T01:00:00,-18.5,5.7,94.9,0.0,4.5
2022-07-10T02:00:00,-19.2,5.06,98.2,0.0,2.1
2022-07-10T03:00:00,-19.0,5.64,94.0,0.0,4.1
2022-07-10T04:00:00,-19.1,6.0,92.1,0.0,6.0
2022-07-10T05:00:00,-20.8,4.47,91.3,0.0,0.8
2022-07-10T06:00:00,-21.2,2.52,94.9,0.0,0.0
2022-07-10T07:00:00,-21.9,4.18,98.0,0.0,0.5
2022-07-10T08:00:00,-20.9,4.97,94.7,0.0,1.9
2022-07-10T09:00:00,-20.8,5.41,94.8,0.0,3.2
2022-07-10T10:00:00,-21.0,5.46,96.5,0.0,3.5
2022-07-10T11:00:00,-20.9,5.82,93.9,0.0,5.0
2022-07-10T12:00:00,-22.6,5.2,95.7,0.0,2.6
2022-07-10T13:00:00,-23.0,5.1,97.2,0.0,2.1
2022-07-10T14:00:00,-23.0,5.0,93.8,0.0,2.0
2022-07-10T15:00:00,-23.6,4.7,99.6,0.0,1.3
2022-07-10T16:00:00,-23.9,4.42,101.1,0.0,0.8
2022-07-10T17:00:00,-24.3,4.21,99.3,0.0,0.5
2022-07-10T18:00:00,-24.6,3.3,98.8,0.0,0.0
2022-07-10T19:00:00,-22.4,2.5,92.9,0.0,0.0
2022-07-10T20:00:00,-24.0,3.11,97.9,0.0,0.0
2022-07-10T21:00:00,-24.8,3.4,95.9,0.0,0.0
2022-07-10T22:00:00,-24.1,4.5,92.5,0.0,0.9
2022-07-10T23:00:00,-23.1,5.31,92.8,0.0,3.0
2022-07-11T00:00:00,-25.1,4.11,98.4,0.0,0.4
2022-07-11T01:00:00,-24.9,4.53,95.8,0.0,1.0
2022-07-11T02:00:00,-24.3,4.73,93.7,0.0,1.4
2022-07-11T03:00:00,-24.1,4.75,94.4,0.0,1.3
2022-07-11T04:00:00,-24.0,4.74,98.6,0.0,1.4
2022-07-11T05:00:00,-23.7,4.79,95.8,0.0,1.4
2022-07-11T06:00:00,-23.8,4.53,94.6,0.0,0.9
2022-07-11T07:00:00,-24.2,3.86,97.7,0.0,0.2
2022-07-11T08:00:00,-23.4,4.53,102.3,0.0,1.0
2022-07-11T09:00:00,-21.6,5.66,95.4,0.0,4.1
2022-07-11T10:00:00,-20.7,6.21,96.1,0.0,6.8
2022-07-11T11:00:00,-20.1,6.75,96.3,0.0,10.9
2022-07-11T12:00:00,-21.2,9.19,94.3,0.0,42.5
2022-07-11T13:00:00,-21.8,8.78,96.0,0.0,33.3
2022-07-11T14:00:00,-22.0,7.65,92.7,0.0,19.8
2022-07-11T15:00:00,-22.2,6.17,95.0,0.0,6.5
2022-07-11T16:00:00,-22.6,5.11,97.4,0.0,2.2
2022-07-11T17:00:00,-23.4,4.47,95.0,0.0,0.9
2022-07-11T18:00:00,-24.0,4.18,96.1,0.0,0.5
2022-07-11T19:00:00,-25.2,3.61,98.5,0.0,0.1
2022-07-11T20:00:00,-22.2,2.06,93.6,0.0,0.0
2022-07-11T21:00:00,-24.0,2.42,95.8,0.0,0.0
2022-07-11T22:00:00,-26.2,4.06,101.8,0.0,0.4
2022-07-11T23:00:00,-25.4,3.01,97.0,0.0,0.0
2022-07-12T00:00:00,-24.0,4.02,100.9,0.0,0.3
2022-07-12T01:00:00,-24.9,2.86,98.8,0.0,0.0
2022-07-12T02:00:00,-25.3,3.13,96.3,0.0,0.0
2022-07-12T03:00:00,-23.9,2.5,97.8,0.0,0.0
2022-07-12T04:00:00,-20.5,1.3,93.4,0.0,0.0
2022-07-12T05:00:00,-20.2,0.32,94.2,0.0,0.0
2022-07-12T06:00:00,-21.4,2.12,95.5,0.0,0.0
2022-07-12T07:00:00,-24.4,5.03,94.6,0.0,2.0
2022-07-12T08:00:00,-23.9,5.32,97.7,0.0,3.0
2022-07-12T09:00:00,-24.2,4.87,99.8,0.0,1.6
2022-07-12T10:00:00,-25.1,4.67,98.9,0.0,1.1
2022-07-12T11:00:00,-25.1,4.94,97.7,0.0,1.8
2022-07-12T12:00:00,-26.1,5.0,96.7,0.0,2.0
2022-07-12T13:00:00,-25.1,4.83,97.8,0.0,1.5
2022-07-12T14:00:00,-25.8,4.59,97.1,0.0,1.0
2022-07-12T15:00:00,-26.5,3.94,97.9,0.0,0.2
2022-07-12T16:00:00,-26.4,3.55,100.4,0.0,0.1
2022-07-12T17:00:00,-25.7,3.36,100.9,0.0,0.0
2022-07-12T18:00:00,-25.9,3.61,95.7,0.0,0.1
2022-07-12T19:00:00,-26.3,3.7,98.9,0.0,0.1
2022-07-12T20:00:00,-25.6,3.4,99.8,0.0,0.0
2022-07-12T21:00:00,-24.7,3.11,98.1,0.0,0.0
2022-07-12T22:00:00,-26.0,3.61,97.7,0.0,0.1
2022-07-12T23:00:00,-26.3,3.82,95.6,0.0,0.2
2022-07-13T00:00:00,-25.9,4.94,97.9,0.0,1.9
2022-07-13T01:00:00,-25.0,4.9,98.7,0.0,1.8
2022-07-13T02:00:00,-24.8,5.0,98.0,0.0,2.0
2022-07-13T03:00:00,-25.0,4.7,98.6,0.0,1.3
2022-07-13T04:00:00,-26.2,3.72,99.3,0.0,0.1
2022-07-13T05:00:00,-25.7,3.49,95.2,0.0,0.0
2022-07-13T06:00:00,-25.2,3.37,96.6,0.0,0.0
2022-07-13T07:00:00,-26.2,3.86,94.5,0.0,0.2
2022-07-13T08:00:00,-25.8,4.33,100.3,0.0,0.7
2022-07-13T09:00:00,-25.7,4.5,97.3,0.0,0.9
2022-07-13T10:00:00,-25.2,4.8,95.7,0.0,1.5
2022-07-13T11:00:00,-25.6,4.52,98.0,0.0,0.9
2022-07-13T12:00:00,-25.6,3.52,95.5,0.0,0.0
2022-07-13T13:00:00,-26.3,3.81,97.9,0.0,0.2
2022-07-13T14:00:00,-26.2,3.9,90.7,0.0,0.2
2022-07-13T15:00:00,-25.2,3.42,101.6,0.0,0.0
2022-07-13T16:00:00,-22.9,2.8,97.2,0.0,0.0
2022-07-13T17:00:00,-21.5,2.51,95.1,0.0,0.0
2022-07-13T18:00:00,-19.0,1.87,92.1,0.0,0.0
2022-07-13T19:00:00,-19.2,2.19,93.8,0.0,0.0
2022-07-13T20:00:00,-19.4,2.15,91.2,0.0,0.0
2022-07-13T21:00:00,-18.2,1.79,92.8,0.0,0.0
2022-07-13T22:00:00,-18.0,1.52,91.8,0.0,0.0
2022-07-13T23:00:00,-17.9,1.27,91.7,0.0,0.0
2022-07-14T00:00:00,-18.0,2.21,98.5,0.0,0.0
2022-07-14T01:00:00,-20.5,2.75,96.2,0.0,0.0
2022-07-14T02:00:00,-21.1,2.92,94.2,0.0,0.0
2022-07-14T03:00:00,-23.7,3.74,93.7,0.0,0.1
2022-07-14T04:00:00,-24.7,4.3,98.5,0.0,0.6
2022-07-14T05:00:00,-23.2,3.8,92.3,0.0,0.2
2022-07-14T06:00:00,-24.4,4.52,94.1,0.0,0.9
2022-07-14T07:00:00,-23.0,5.2,93.0,0.0,2.7
2022-07-14T08:00:00,-22.8,4.22,98.9,0.0,0.5
2022-07-14T09:00:00,-20.6,5.4,98.8,0.0,3.3
2022-07-14T10:00:00,-19.3,5.64,93.3,0.0,4.2
2022-07-14T11:00:00,-18.6,5.59,95.5,0.0,4.0
2022-07-14T12:00:00,-15.6,6.31,94.9,0.0,7.5
2022-07-14T13:00:00,-14.3,7.32,92.0,0.0,16.3
2022-07-14T14:00:00,-13.9,6.81,87.3,0.0,11.4
2022-07-14T15:00:00,-14.4,6.09,91.7,0.0,6.5
2022-07-14T16:00:00,-13.9,6.36,92.2,0.0,8.0
2022-07-14T17:00:00,-13.4,7.05,92.9,0.0,13.7
2022-07-14T18:00:00,-12.0,8.18,88.4,0.0,25.4
2022-07-14T19:00:00,-10.9,10.74,89.9,0.0,71.9
2022-07-14T20:00:00,-10.7,11.67,90.1,0.0,98.7
2022-07-14T21:00:00,-10.8,11.67,91.3,0.0,103.7
2022-07-14T22:00:00,-11.1,11.4,89.3,0.0,90.0
2022-07-14T23:00:00,-11.7,12.79,90.3,0.0,111.1
2022-07-15T00:00:00,-11.0,12.73,89.4,0.0,111.8
2022-07-15T01:00:00,-10.7,10.97,91.0,0.0,80.7
2022-07-15T02:00:00,-10.5,9.28,90.2,0.0,41.3
2022-07-15T03:00:00,-10.8,7.55,87.4,0.0,18.0
2022-07-15T04:00:00,-10.7,7.16,91.1,0.0,14.0
2022-07-15T05:00:00,-11.1,6.46,89.8,0.0,8.8
2022-07-15T06:00:00,-11.0,7.02,88.5,0.0,12.8
2022-07-15T07:00:00,-10.2,7.51,89.9,0.0,18.4
2022-07-15T08:00:00,-10.1,7.89,89.5,0.0,21.2
2022-07-15T09:00:00,-9.2,8.95,88.1,0.0,35.4
2022-07-15T10:00:00,-8.4,10.19,90.6,0.0,62.5
2022-07-15T11:00:00,-7.7,11.17,90.4,0.0,87.6
2022-07-15T12:00:00,-7.3,12.08,90.1,0.0,108.4
2022-07-15T13:00:00,-6.5,17.46,89.0,0.0,116.9
2022-07-15T14:00:00,-6.2,15.85,90.6,0.0,108.6
2022-07-15T15:00:00,-5.7,15.97,90.7,0.0,109.9
2022-07-15T16:00:00,-4.7,16.46,91.0,0.0,116.0
2022-07-15T17:00:00,-4.4,19.33,89.3,0.0,118.3
2022-07-15T18:00:00,-4.5,21.38,87.1,0.0,108.8
2022-07-15T19:00:00,-4.8,21.46,89.0,0.0,117.0
2022-07-15T20:00:00,-4.9,20.68,89.0,0.0,108.5
2022-07-15T21:00:00,-5.0,20.42,91.4,0.0,117.6
2022-07-15T22:00:00,-5.1,19.98,90.4,0.0,114.2
2022-07-15T23:00:00,-5.1,19.4,88.8,0.0,113.4
2022-07-16T00:00:00,-5.1,19.16,91.6,0.0,119.7
2022-07-16T01:00:00,-5.1,18.45,90.9,0.0,109.1
2022-07-16T02:00:00,-5.0,18.06,89.7,0.0,114.7
2022-07-16T03:00:00,-4.8,19.04,90.3,0.0,115.0
2022-07-16T04:00:00,-4.6,19.64,90.0,0.0,113.3
2022-07-16T05:00:00,-4.6,18.98,88.2,0.0,109.6
2022-07-16T06:00:00,-4.3,19.32,89.0,0.0,117.3
2022-07-16T07:00:00,-4.4,19.76,91.3,0.0,115.7
2022-07-16T08:00:00,-4.7,18.88,90.9,0.0,114.8
2022-07-16T09:00:00,-6.4,18.16,91.5,0.0,117.6
2022-07-16T10:00:00,-8.0,17.18,88.9,0.0,109.9
2022-07-16T11:00:00,-8.6,17.04,90.9,0.0,119.3
2022-07-16T12:00:00,-6.0,17.59,92.8,0.0,110.7
2022-07-16T13:00:00,-6.1,18.9,87.3,0.0,108.9
2022-07-16T14:00:00,-6.6,17.76,94.4,0.0,113.5
2022-07-16T15:00:00,-6.9,16.34,90.4,0.0,115.9
2022-07-16T16:00:00,-7.0,16.06,88.6,0.0,114.7
2022-07-16T17:00:00,-7.4,15.37,91.2,0.0,115.2
2022-07-16T18:00:00,-7.7,14.84,92.6,0.0,116.2
2022-07-16T19:00:00,-8.0,13.76,89.0,0.0,111.2
2022-07-16T20:00:00,-8.2,13.41,89.6,0.0,108.5
2022-07-16T21:00:00,-8.4,13.01,90.6,0.0,111.3
2022-07-16T22:00:00,-8.8,12.74,90.1,0.0,111.8
2022-07-16T23:00:00,-9.3,11.93,91.6,0.0,113.2
2022-07-17T00:00:00,-8.5,6.44,92.6,0.0,8.1
2022-07-17T01:00:00,-8.9,4.31,89.9,0.0,0.6
2022-07-17T02:00:00,-9.0,3.5,92.1,0.0,0.0
2022-07-17T03:00:00,-8.8,3.03,90.6,0.0,0.0
2022-07-17T04:00:00,-8.0,4.56,92.7,0.0,1.0
2022-07-17T05:00:00,-7.7,7.72,87.8,0.0,19.8
2022-07-17T06:00:00,-7.9,6.26,89.2,0.0,7.0
2022-07-17T07:00:00,-8.3,4.1,89.0,0.0,0.4
2022-07-17T08:00:00,-9.1,2.48,87.2,0.0,0.0
2022-07-17T09:00:00,-9.5,2.51,88.5,0.0,0.0
2022-07-17T10:00:00,-10.0,3.34,87.1,0.0,0.0
2022-07-17T11:00:00,-11.3,5.0,92.1,0.0,1.9
2022-07-17T12:00:00,-10.4,6.41,90.0,0.0,8.6
2022-07-17T13:00:00,-10.6,5.95,91.9,0.0,5.7
2022-07-17T14:00:00,-10.5,6.49,86.7,0.0,8.9
2022-07-17T15:00:00,-10.4,7.01,90.1,0.0,12.5
2022-07-17T16:00:00,-10.8,7.21,87.0,0.0,14.8
2022-07-17T17:00:00,-11.4,7.24,94.1,0.0,15.1
2022-07-17T18:00:00,-12.0,7.02,91.0,0.0,13.0
2022-07-17T19:00:00,-12.6,6.5,89.1,0.0,9.3
2022-07-17T20:00:00,-13.2,6.46,93.9,0.0,9.0
2022-07-17T21:00:00,-13.5,6.65,92.9,0.0,9.7
2022-07-17T22:00:00,-13.8,6.5,92.6,0.0,8.5
2022-07-17T23:00:00,-14.1,6.16,94.1,0.0,7.0
2022-07-18T00:00:00,-14.2,5.87,91.5,0.0,5.1
2022-07-18T01:00:00,-14.3,6.63,96.4,0.0,9.5
2022-07-18T02:00:00,-14.5,6.81,89.3,0.0,10.6
2022-07-18T03:00:00,-14.9,6.38,90.0,0.0,8.4
2022-07-18T04:00:00,-15.4,6.22,91.3,0.0,7.2
2022-07-18T05:00:00,-15.7,6.38,93.5,0.0,8.2
2022-07-18T06:00:00,-16.1,6.4,92.7,0.0,7.8
2022-07-18T07:00:00,-16.5,6.14,96.5,0.0,6.4
2022-07-18T08:00:00,-17.0,5.79,92.8,0.0,4.9
2022-07-18T09:00:00,-17.7,5.25,95.9,0.0,2.7
2022-07-18T10:00:00,-18.3,4.81,93.3,0.0,1.4
2022-07-18T11:00:00,-18.3,5.22,95.0,0.0,2.5
2022-07-18T12:00:00,-18.6,6.55,94.2,0.0,9.5
2022-07-18T13:00:00,-18.9,5.79,94.4,0.0,4.8
2022-07-18T14:00:00,-20.1,4.32,90.9,0.0,0.7
2022-07-18T15:00:00,-21.2,3.72,96.9,0.0,0.1
2022-07-18T16:00:00,-21.0,4.06,96.6,0.0,0.4
2022-07-18T17:00:00,-20.7,4.31,95.1,0.0,0.7
2022-07-18T18:00:00,-21.0,4.2,97.4,0.0,0.5
2022-07-18T19:00:00,-20.7,4.91,93.3,0.0,1.7
2022-07-18T20:00:00,-19.9,6.12,97.6,0.0,6.6
2022-07-18T21:00:00,-19.8,6.41,91.1,0.0,7.9
2022-07-18T22:00:00,-19.9,6.76,92.6,0.0,11.2
2022-07-18T23:00:00,-20.2,6.91,96.4,0.0,11.8
2022-07-19T00:00:00,-21.7,6.33,98.2,0.0,7.5
2022-07-19T01:00:00,-21.7,6.05,98.8,0.0,6.2
2022-07-19T02:00:00,-21.8,5.89,97.8,0.0,5.3
2022-07-19T03:00:00,-22.0,5.43,94.7,0.0,3.3
2022-07-19T04:00:00,-22.7,4.69,95.9,0.0,1.2
2022-07-19T05:00:00,-23.2,4.4,96.9,0.0,0.8
2022-07-19T06:00:00,-21.7,6.04,95.7,0.0,6.3
2022-07-19T07:00:00,-21.0,7.21,98.6,0.0,15.3
2022-07-19T08:00:00,-20.9,7.81,93.6,0.0,22.0
2022-07-19T09:00:00,-20.9,7.41,94.7,0.0,17.0
2022-07-19T10:00:00,-20.9,7.11,97.4,0.0,13.6
2022-07-19T11:00:00,-21.1,6.72,93.7,0.0,10.3
2022-07-19T12:00:00,-20.9,7.2,95.8,0.0,14.7
2022-07-19T13:00:00,-20.6,7.1,95.7,0.0,13.4
2022-07-19T14:00:00,-20.4,6.7,95.0,0.0,10.8
2022-07-19T15:00:00,-20.5,6.75,95.2,0.0,11.0
2022-07-19T16:00:00,-21.2,7.24,94.3,0.0,15.2
2022-07-19T17:00:00,-21.1,7.4,94.9,0.0,17.1
2022-07-19T18:00:00,-21.0,7.38,96.8,0.0,16.7
2022-07-19T19:00:00,-21.0,7.28,95.7,0.0,14.5
2022-07-19T20:00:00,-21.0,7.15,98.3,0.0,14.4
2022-07-19T21:00:00,-21.1,6.93,97.7,0.0,12.7
2022-07-19T22:00:00,-21.1,7.02,94.4,0.0,13.0
2022-07-19T23:00:00,-21.0,7.21,96.4,0.0,15.0
2022-07-20T00:00:00,-21.2,7.32,93.7,0.0,15.6
2022-07-20T01:00:00,-20.9,7.05,94.5,0.0,13.6
2022-07-20T02:00:00,-20.9,6.91,95.9,0.0,12.2
2022-07-20T03:00:00,-21.0,6.84,94.7,0.0,11.3
2022-07-20T04:00:00,-21.0,6.96,95.4,0.0,12.4
2022-07-20T05:00:00,-21.2,6.55,95.8,0.0,9.5
2022-07-20T06:00:00,-21.4,6.26,99.3,0.0,7.6
2022-07-20T07:00:00,-21.6,6.01,95.7,0.0,6.1
2022-07-20T08:00:00,-21.7,5.96,95.6,0.0,5.4
2022-07-20T09:00:00,-21.8,6.09,92.5,0.0,6.3
2022-07-20T10:00:00,-21.9,5.98,95.6,0.0,5.8
2022-07-20T11:00:00,-22.1,5.85,97.8,0.0,5.0
2022-07-20T12:00:00,-22.8,5.82,93.5,0.0,5.0
2022-07-20T13:00:00,-22.4,5.81,101.1,0.0,5.2
2022-07-20T14:00:00,-22.4,5.5,96.7,0.0,3.6
2022-07-20T15:00:00,-22.8,5.01,96.5,0.0,1.9
2022-07-20T16:00:00,-23.0,4.8,96.2,0.0,1.4
2022-07-20T17:00:00,-23.2,4.72,94.2,0.0,1.3
2022-07-20T18:00:00,-22.6,5.3,96.1,0.0,3.0
2022-07-20T19:00:00,-21.5,6.21,96.3,0.0,6.7
2022-07-20T20:00:00,-22.0,5.7,96.0,0.0,4.6
2022-07-20T21:00:00,-22.3,5.5,97.5,0.0,3.5
2022-07-20T22:00:00,-22.1,5.71,95.9,0.0,4.6
2022-07-20T23:00:00,-22.1,5.7,94.8,0.0,4.5
2022-07-21T00:00:00,-23.0,5.7,99.5,0.0,4.6
2022-07-21T01:00:00,-24.8,4.16,100.1,0.0,0.4
2022-07-21T02:00:00,-22.2,2.3,90.7,0.0,0.0
2022-07-21T03:00:00,-20.6,1.63,93.7,0.0,0.0
2022-07-21T04:00:00,-20.6,1.62,91.3,0.0,0.0
2022-07-21T05:00:00,-21.0,2.14,98.3,0.0,0.0
2022-07-21T06:00:00,-24.3,2.85,94.6,0.0,0.0
2022-07-21T07:00:00,-26.0,3.5,98.0,0.0,0.0
2022-07-21T08:00:00,-25.8,3.68,95.8,0.0,0.1
2022-07-21T09:00:00,-25.1,2.88,98.2,0.0,0.0
2022-07-21T10:00:00,-23.5,2.39,97.7,0.0,0.0
2022-07-21T11:00:00,-23.8,2.42,97.3,0.0,0.0
2022-07-21T12:00:00,-21.3,0.42,93.7,0.6,0.0
2022-07-21T13:00:00,-21.0,0.76,93.8,0.0,0.0
2022-07-21T14:00:00,-20.7,0.2,93.1,0.0,0.0
2022-07-21T15:00:00,-20.6,1.56,92.7,0.0,0.0
2022-07-21T16:00:00,-24.3,2.76,98.5,0.0,0.0
2022-07-21T17:00:00,-25.4,3.11,94.8,0.0,0.0
2022-07-21T18:00:00,-25.2,3.11,95.6,0.0,0.0
2022-07-21T19:00:00,-24.8,2.91,97.2,0.0,0.0
2022-07-21T20:00:00,-21.5,2.01,94.0,0.0,0.0
2022-07-21T21:00:00,-20.9,1.49,93.5,0.0,0.0
2022-07-21T22:00:00,-24.7,2.86,97.7,0.0,0.0
2022-07-21T23:00:00,-26.0,3.99,97.0,0.0,0.3
2022-07-22T00:00:00,-23.0,6.18,97.2,0.0,7.1
2022-07-22T01:00:00,-23.8,5.64,96.9,0.0,4.0
2022-07-22T02:00:00,-24.0,5.25,94.4,0.0,2.6
2022-07-22T03:00:00,-25.6,4.56,98.4,0.0,1.0
2022-07-22T04:00:00,-26.4,4.24,97.9,0.0,0.5
2022-07-22T05:00:00,-26.8,3.67,99.3,0.0,0.1
2022-07-22T06:00:00,-26.0,3.35,101.9,0.0,0.0
2022-07-22T07:00:00,-24.9,3.01,96.6,0.0,0.0
2022-07-22T08:00:00,-24.4,2.94,96.8,0.0,0.0
2022-07-22T09:00:00,-23.8,2.81,100.0,0.0,0.0
2022-07-22T10:00:00,-22.4,2.53,94.2,0.0,0.0
2022-07-22T11:00:00,-19.7,1.9,95.2,0.0,0.0
2022-07-22T12:00:00,-21.8,2.12,95.8,1.3,0.0
2022-07-22T13:00:00,-21.0,1.22,95.3,0.0,0.0
2022-07-22T14:00:00,-20.9,0.41,93.3,0.0,0.0
2022-07-22T15:00:00,-20.8,0.71,96.0,0.0,0.0
2022-07-22T16:00:00,-20.6,1.0,94.8,0.0,0.0
2022-07-22T17:00:00,-20.0,1.17,94.7,0.0,0.0
2022-07-22T18:00:00,-19.4,2.01,94.3,0.0,0.0
2022-07-22T19:00:00,-22.1,2.8,96.7,0.0,0.0
2022-07-22T20:00:00,-25.1,3.71,96.6,0.0,0.1
2022-07-22T21:00:00,-25.8,4.55,100.0,0.0,1.0
2022-07-22T22:00:00,-25.2,4.87,95.4,0.0,1.7
2022-07-22T23:00:00,-24.6,5.25,97.4,0.0,2.6
2022-07-23T00:00:00,-24.1,5.3,96.6,0.0,2.7
2022-07-23T01:00:00,-23.7,5.14,98.0,0.0,2.4
2022-07-23T02:00:00,-22.7,5.32,97.6,0.0,2.8
2022-07-23T03:00:00,-22.2,5.7,92.2,0.0,4.5
2022-07-23T04:00:00,-21.5,5.91,95.9,0.0,5.2
2022-07-23T05:00:00,-20.2,6.6,92.8,0.0,9.8
2022-07-23T06:00:00,-19.3,6.9,94.0,0.0,12.3
2022-07-23T07:00:00,-18.5,6.4,91.0,0.0,8.1
2022-07-23T08:00:00,-18.6,6.14,91.1,0.0,6.6
2022-07-23T09:00:00,-18.3,6.14,90.6,0.0,6.8
2022-07-23T10:00:00,-18.1,6.36,93.0,0.0,8.3
2022-07-23T11:00:00,-17.6,6.43,94.3,0.0,8.3
2022-07-23T12:00:00,-16.0,7.08,91.2,1.4,13.7
2022-07-23T13:00:00,-15.4,7.38,92.9,0.0,15.6
2022-07-23T14:00:00,-15.1,7.4,92.8,0.0,16.5
2022-07-23T15:00:00,-15.6,7.62,93.2,0.0,18.2
2022-07-23T16:00:00,-16.0,7.72,94.0,0.0,19.2
2022-07-23T17:00:00,-15.9,7.91,96.1,0.0,21.2
2022-07-23T18:00:00,-15.4,7.31,93.4,0.0,15.1
2022-07-23T19:00:00,-15.2,6.58,92.2,0.0,9.8
2022-07-23T20:00:00,-14.8,6.55,93.7,0.0,9.6
2022-07-23T21:00:00,-14.8,6.04,92.5,0.0,6.2
2022-07-23T22:00:00,-14.8,5.95,91.7,0.0,5.8
2022-07-23T23:00:00,-15.1,5.91,93.0,0.0,5.3
2022-07-24T00:00:00,-14.5,5.77,94.0,0.0,4.6
2022-07-24T01:00:00,-14.4,5.25,92.4,0.0,2.8
2022-07-24T02:00:00,-15.1,5.51,93.3,0.0,3.7
2022-07-24T03:00:00,-14.2,6.26,91.7,0.0,7.1
2022-07-24T04:00:00,-14.7,7.17,92.0,0.0,14.0
2022-07-24T05:00:00,-14.8,7.45,91.2,0.0,16.9
2022-07-24T06:00:00,-14.8,7.21,94.5,0.0,14.2
2022-07-24T07:00:00,-15.4,7.34,96.1,0.0,15.3
2022-07-24T08:00:00,-15.5,7.13,94.7,0.0,14.0
2022-07-24T09:00:00,-15.5,6.84,94.1,0.0,12.0
2022-07-24T10:00:00,-15.6,6.39,88.5,0.0,8.3
2022-07-24T11:00:00,-16.4,5.92,97.1,0.5,5.2
2022-07-24T12:00:00,-19.1,4.66,95.2,2.0,1.2
2022-07-24T13:00:00,-17.5,5.46,98.9,0.5,3.6
2022-07-24T14:00:00,-18.5,4.65,94.0,0.0,1.1
2022-07-24T15:00:00,-19.6,4.26,94.7,0.0,0.5
2022-07-24T16:00:00,-19.6,3.47,95.8,0.0,0.0
2022-07-24T17:00:00,-19.3,4.39,92.3,0.0,0.8
2022-07-24T18:00:00,-18.9,3.71,97.2,0.0,0.1
2022-07-24T19:00:00,-16.4,2.4,96.0,0.0,0.0
2022-07-24T20:00:00,-18.6,3.1,95.2,0.0,0.0
2022-07-24T21:00:00,-19.0,3.61,95.8,0.0,0.1
2022-07-24T22:00:00,-18.5,2.87,93.8,0.0,0.0
2022-07-24T23:00:00,-14.9,1.78,91.3,0.0,0.0
2022-07-25T00:00:00,-19.5,3.05,96.0,0.0,0.0
2022-07-25T01:00:00,-18.8,2.48,95.4,0.0,0.0
2022-07-25T02:00:00,-16.6,1.94,94.6,0.0,0.0
2022-07-25T03:00:00,-19.3,2.36,95.8,0.0,0.0
2022-07-25T04:00:00,-21.0,4.24,96.0,0.0,0.5
2022-07-25T05:00:00,-19.5,5.52,97.8,0.0,3.8
2022-07-25T06:00:00,-19.3,6.9,94.4,0.0,12.1
2022-07-25T07:00:00,-17.9,7.96,94.8,0.0,23.6
2022-07-25T08:00:00,-17.4,7.2,93.7,0.0,14.4
2022-07-25T09:00:00,-18.1,5.98,94.4,0.0,5.5
2022-07-25T10:00:00,-19.1,5.3,91.6,0.0,3.0
2022-07-25T11:00:00,-18.5,5.61,96.3,1.0,4.2
2022-07-25T12:00:00,-17.6,6.13,96.6,2.2,6.3
2022-07-25T13:00:00,-17.7,5.5,96.2,0.9,3.6
2022-07-25T14:00:00,-17.6,5.53,91.6,0.0,3.6
2022-07-25T15:00:00,-17.2,5.89,95.2,0.0,5.3
2022-07-25T16:00:00,-17.0,5.8,93.4,0.0,5.0
2022-07-25T17:00:00,-16.6,6.14,92.7,0.0,6.8
2022-07-25T18:00:00,-16.2,6.29,91.6,0.0,7.9
2022-07-25T19:00:00,-15.9,6.43,93.7,0.0,8.5
2022-07-25T20:00:00,-16.1,6.58,93.8,0.0,9.5
2022-07-25T21:00:00,-16.0,6.58,89.1,0.0,9.1
2022-07-25T22:00:00,-16.0,6.77,96.9,0.0,10.8
2022-07-25T23:00:00,-16.0,6.64,90.4,0.0,10.0
2022-07-26T00:00:00,-15.5,7.12,93.8,0.0,13.2
2022-07-26T01:00:00,-15.2,7.57,93.8,0.0,19.2
2022-07-26T02:00:00,-15.1,7.57,94.6,0.0,19.1
2022-07-26T03:00:00,-15.0,7.82,89.0,0.0,22.1
2022-07-26T04:00:00,-14.7,8.16,93.0,0.0,25.7
2022-07-26T05:00:00,-14.6,7.91,91.4,0.0,21.6
2022-07-26T06:00:00,-14.6,7.72,92.1,0.0,20.4
2022-07-26T07:00:00,-14.6,8.1,91.5,0.0,24.1
2022-07-26T08:00:00,-14.5,8.54,91.5,0.0,31.0
2022-07-26T09:00:00,-14.6,8.67,91.8,0.0,33.1
2022-07-26T10:00:00,-14.8,8.26,89.9,0.0,27.5
2022-07-26T11:00:00,-15.0,7.66,92.8,1.7,19.3
2022-07-26T12:00:00,-16.6,5.79,92.0,3.0,4.6
2022-07-26T13:00:00,-15.7,6.32,93.4,1.7,7.4
2022-07-26T14:00:00,-15.7,5.88,92.5,0.0,5.5
2022-07-26T15:00:00,-15.8,5.63,91.7,0.0,4.3
2022-07-26T16:00:00,-14.8,5.85,93.9,0.0,5.3
2022-07-26T17:00:00,-14.5,5.79,95.3,0.0,4.7
2022-07-26T18:00:00,-15.4,5.1,92.9,0.0,2.2
2022-07-26T19:00:00,-16.1,4.7,93.5,0.0,1.3
2022-07-26T20:00:00,-14.8,5.39,94.2,0.0,3.2
2022-07-26T21:00:00,-12.6,6.96,93.6,0.0,12.3
2022-07-26T22:00:00,-12.2,6.93,88.0,0.0,12.6
2022-07-26T23:00:00,-12.2,6.52,91.0,0.0,9.2
2022-07-27T00:00:00,-10.9,6.58,90.8,0.0,9.7
2022-07-27T01:00:00,-10.2,5.83,92.0,0.0,4.8
2022-07-27T02:00:00,-9.1,6.4,94.1,0.0,8.6
2022-07-27T03:00:00,-8.4,7.34,92.7,0.0,16.6
2022-07-27T04:00:00,-8.1,7.88,89.3,0.0,21.9
2022-07-27T05:00:00,-7.9,8.27,88.7,0.0,27.2
2022-07-27T06:00:00,-6.9,9.27,89.9,0.0,42.3
2022-07-27T07:00:00,-6.6,9.31,93.1,0.0,42.2
2022-07-27T08:00:00,-6.4,8.64,91.6,0.0,31.3
2022-07-27T09:00:00,-6.5,8.56,93.2,0.0,30.3
2022-07-27T10:00:00,-6.9,8.67,90.2,0.0,33.8
2022-07-27T11:00:00,-7.3,8.34,90.9,2.5,26.5
2022-07-27T12:00:00,-6.4,10.44,90.5,3.6,65.4
2022-07-27T13:00:00,-6.3,9.56,92.5,2.1,49.6
2022-07-27T14:00:00,-6.3,9.49,89.5,0.0,49.5
2022-07-27T15:00:00,-6.7,9.28,92.6,0.0,41.7
2022-07-27T16:00:00,-6.7,8.19,93.5,0.0,26.8
2022-07-27T17:00:00,-6.6,8.36,92.1,0.0,28.8
2022-07-27T18:00:00,-6.5,9.56,90.7,0.0,46.7
2022-07-27T19:00:00,-6.7,11.02,87.9,0.0,82.0
2022-07-27T20:00:00,-6.6,11.84,90.2,0.0,112.7
2022-07-27T21:00:00,-6.1,12.92,93.3,0.0,116.1
2022-07-27T22:00:00,-5.5,15.11,86.7,0.0,111.2
2022-07-27T23:00:00,-5.0,15.43,90.8,0.0,114.6
2022-07-28T00:00:00,-5.0,17.8,91.5,0.0,116.6
2022-07-28T01:00:00,-5.0,16.12,92.0,0.0,116.4
2022-07-28T02:00:00,-5.4,14.6,90.1,0.0,119.2
2022-07-28T03:00:00,-5.8,12.82,89.7,0.0,111.1
2022-07-28T04:00:00,-5.6,12.33,95.8,0.0,109.9
2022-07-28T05:00:00,-5.2,12.63,86.9,0.0,109.7
2022-07-28T06:00:00,-5.2,12.91,92.4,0.0,108.3
2022-07-28T07:00:00,-5.3,12.02,86.1,0.0,118.4
2022-07-28T08:00:00,-5.1,11.07,88.9,0.0,87.1
2022-07-28T09:00:00,-4.9,10.52,86.1,0.0,67.5
2022-07-28T10:00:00,-4.7,10.92,88.4,0.0,84.2
2022-07-28T11:00:00,-4.6,10.51,88.9,3.2,70.3
2022-07-28T12:00:00,-5.1,12.37,88.7,4.2,114.3
2022-07-28T13:00:00,-4.7,12.28,88.7,3.2,112.3
2022-07-28T14:00:00,-4.7,10.81,91.3,0.0,81.7
2022-07-28T15:00:00,-5.2,11.81,88.7,0.0,107.8
2022-07-28T16:00:00,-5.2,12.03,87.9,0.0,115.9
2022-07-28T17:00:00,-5.3,11.4,87.7,0.0,91.3
2022-07-28T18:00:00,-5.3,11.33,91.7,0.0,95.2
2022-07-28T19:00:00,-5.6,11.51,90.6,0.0,101.6
2022-07-28T20:00:00,-5.3,11.57,87.1,0.0,102.7
2022-07-28T21:00:00,-5.5,10.79,90.1,0.0,77.0
2022-07-28T22:00:00,-5.5,10.43,90.4,0.0,68.0
2022-07-28T23:00:00,-5.7,10.8,90.2,0.0,73.9
2022-07-29T00:00:00,-6.3,13.74,86.6,0.0,113.8
2022-07-29T01:00:00,-6.2,12.65,89.8,0.0,116.2
2022-07-29T02:00:00,-6.5,11.61,91.1,0.0,101.9
2022-07-29T03:00:00,-6.4,11.32,89.2,0.0,94.9
2022-07-29T04:00:00,-6.1,11.14,93.2,0.0,83.4
2022-07-29T05:00:00,-6.2,10.82,89.9,0.0,78.3
2022-07-29T06:00:00,-6.4,10.34,90.7,0.0,65.1
2022-07-29T07:00:00,-6.5,10.26,90.1,0.0,63.6
2022-07-29T08:00:00,-6.7,10.28,86.9,0.0,61.7
2022-07-29T09:00:00,-6.9,9.88,87.0,0.0,58.0
2022-07-29T10:00:00,-7.2,10.01,90.8,0.0,60.7
2022-07-29T11:00:00,-7.1,11.2,88.3,2.9,88.5
2022-07-29T12:00:00,-6.3,12.45,91.1,5.5,115.4
2022-07-29T13:00:00,-5.9,11.92,95.6,3.8,110.4
2022-07-29T14:00:00,-5.7,10.34,88.9,0.0,64.6
2022-07-29T15:00:00,-5.5,9.18,89.0,0.0,42.3
2022-07-29T16:00:00,-5.4,9.67,90.6,0.0,52.4
2022-07-29T17:00:00,-5.4,10.1,91.4,0.0,58.0
2022-07-29T18:00:00,-5.9,10.31,92.6,0.0,62.0
2022-07-29T19:00:00,-6.9,10.21,88.5,0.0,65.9
2022-07-29T20:00:00,-7.6,9.14,89.2,0.0,40.5
2022-07-29T21:00:00,-7.6,8.75,90.9,0.0,34.2
2022-07-29T22:00:00,-7.5,8.53,90.6,0.0,29.9
2022-07-29T23:00:00,-7.4,8.53,91.2,0.0,29.4
2022-07-30T00:00:00,-8.2,8.6,88.9,0.0,33.3
2022-07-30T01:00:00,-8.0,7.52,90.4,0.0,18.1
2022-07-30T02:00:00,-8.1,7.43,91.9,0.0,17.4
2022-07-30T03:00:00,-8.1,8.42,86.8,0.0,28.9
2022-07-30T04:00:00,-8.2,9.27,87.1,0.0,43.1
2022-07-30T05:00:00,-8.1,9.68,89.4,0.0,50.6
2022-07-30T06:00:00,-7.8,9.74,87.5,0.0,51.7
2022-07-30T07:00:00,-7.5,9.82,92.0,0.0,55.6
2022-07-30T08:00:00,-7.4,10.73,86.7,0.0,74.0
2022-07-30T09:00:00,-7.5,11.76,91.2,0.0,105.7
2022-07-30T10:00:00,-7.7,11.93,89.5,0.0,105.9
2022-07-30T11:00:00,-7.7,11.2,93.0,3.5,92.4
2022-07-30T12:00:00,-7.6,11.49,95.5,5.7,94.4
2022-07-30T13:00:00,-7.8,10.75,87.4,4.3,73.9
2022-07-30T14:00:00,-7.3,10.25,90.7,0.0,65.8
2022-07-30T15:00:00,-6.5,10.7,88.9,0.0,75.5
2022-07-30T16:00:00,-5.4,9.95,91.9,0.0,56.5
2022-07-30T17:00:00,-3.6,11.0,90.9,0.0,83.2
2022-07-30T18:00:00,-2.7,11.41,92.1,0.0,93.7
2022-07-30T19:00:00,-2.0,9.19,89.1,0.0,39.7
2022-07-30T20:00:00,-1.7,10.03,92.4,0.0,56.1
2022-07-30T21:00:00,-1.6,8.77,92.3,0.0,34.3
2022-07-30T22:00:00,-1.7,7.79,90.8,0.0,20.9
2022-07-30T23:00:00,-1.4,7.05,91.4,0.0,13.4
2022-07-31T00:00:00,-0.6,9.66,91.6,0.0,51.6
2022-07-31T01:00:00,-0.7,11.26,89.2,0.0,85.8
2022-07-31T02:00:00,-0.8,12.23,89.7,0.0,113.6
2022-07-31T03:00:00,-0.7,12.9,87.8,0.0,119.3
2022-07-31T04:00:00,-0.8,13.22,90.3,0.0,118.9
2022-07-31T05:00:00,-1.2,13.43,90.2,0.0,116.2
2022-07-31T06:00:00,-1.2,13.83,89.5,0.0,118.5
2022-07-31T07:00:00,-1.4,12.56,90.2,0.0,112.8
2022-07-31T08:00:00,-1.1,16.2,90.2,0.0,115.0
2022-07-31T09:00:00,-1.1,14.59,89.7,0.0,109.5
2022-07-31T10:00:00,-1.3,13.65,87.4,0.0,118.3
2022-07-31T11:00:00,-1.6,13.2,90.9,3.9,111.3
2022-07-31T12:00:00,-1.8,13.26,93.3,6.1,114.2
2022-07-31T13:00:00,-1.7,14.42,89.4,4.1,114.4
2022-07-31T14:00:00,-1.5,14.3,88.2,0.0,108.0
2022-07-31T15:00:00,-1.4,14.28,86.1,0.0,113.6
2022-07-31T16:00:00,-1.5,14.18,89.5,0.0,117.7
2022-07-31T17:00:00,-1.6,14.15,88.6,0.0,111.3
2022-07-31T18:00:00,-1.6,14.6,88.5,0.0,117.9
2022-07-31T19:00:00,-1.7,14.49,92.4,0.0,118.4
2022-07-31T20:00:00,-1.7,14.76,92.2,0.0,118.0
2022-07-31T21:00:00,-1.8,14.43,90.9,0.0,118.0
2022-07-31T22:00:00,-1.8,14.32,92.8,0.0,110.6
2022-07-31T23:00:00,-1.9,15.6,93.2,0.0,113.5
2022-08-01T00:00:00,-2.8,13.56,88.3,0.0,114.7
2022-08-01T01:00:00,-2.9,13.04,89.7,0.0,116.6
2022-08-01T02:00:00,-2.7,13.14,89.0,0.0,119.4
2022-08-01T03:00:00,-2.6,14.26,89.8,0.0,111.3
2022-08-01T04:00:00,-2.6,13.57,92.5,0.0,118.9
2022-08-01T05:00:00,-2.7,14.39,90.6,0.0,114.2
2022-08-01T06:00:00,-2.8,13.59,87.9,0.0,113.9
2022-08-01T07:00:00,-3.0,12.62,88.4,0.0,117.9
2022-08-01T08:00:00,-3.2,12.42,92.4,0.0,118.7
2022-08-01T09:00:00,-3.3,11.8,89.6,0.0,108.9
2022-08-01T10:00:00,-3.4,10.76,90.5,0.5,79.1
2022-08-01T11:00:00,-3.5,10.68,92.0,4.3,72.0
2022-08-01T12:00:00,-3.7,11.99,89.9,6.8,113.9
2022-08-01T13:00:00,-3.9,12.24,89.4,5.1,117.4
2022-08-01T14:00:00,-4.0,11.68,91.2,0.4,102.2
2022-08-01T15:00:00,-4.0,11.09,90.2,0.0,86.5
2022-08-01T16:00:00,-4.0,10.35,90.6,0.0,67.2
2022-08-01T17:00:00,-4.0,8.94,86.5,0.0,36.2
2022-08-01T18:00:00,-4.1,7.54,90.3,0.0,18.5
2022-08-01T19:00:00,-4.2,6.21,93.2,0.0,7.1
2022-08-01T20:00:00,-4.2,5.19,94.1,0.0,2.6
2022-08-01T21:00:00,-4.3,4.34,89.7,0.0,0.7
2022-08-01T22:00:00,-4.4,3.61,89.0,0.0,0.1
2022-08-01T23:00:00,-4.6,3.11,87.7,0.0,0.0
2022-08-02T00:00:00,-4.5,5.11,93.1,0.0,2.2
2022-08-02T01:00:00,-4.9,3.49,90.9,0.0,0.0
2022-08-02T02:00:00,-6.4,1.94,89.0,0.0,0.0
2022-08-02T03:00:00,-6.7,2.8,90.7,0.0,0.0
2022-08-02T04:00:00,-6.3,2.52,89.5,0.0,0.0
2022-08-02T05:00:00,-6.6,2.39,91.9,0.0,0.0
2022-08-02T06:00:00,-6.0,3.0,86.7,0.0,0.0
2022-08-02T07:00:00,-5.1,3.91,91.4,0.0,0.2
2022-08-02T08:00:00,-5.1,4.16,88.9,0.0,0.5
2022-08-02T09:00:00,-5.5,3.67,88.1,0.0,0.1
2022-08-02T10:00:00,-5.6,3.3,91.5,1.0,0.0
2022-08-02T11:00:00,-6.6,3.51,88.2,4.9,0.0
2022-08-02T12:00:00,-5.4,1.78,91.6,7.7,0.0
2022-08-02T13:00:00,-5.4,1.55,89.7,4.7,0.0
2022-08-02T14:00:00,-5.8,3.34,90.3,1.2,0.0
2022-08-02T15:00:00,-6.5,3.77,89.9,0.0,0.2
2022-08-02T16:00:00,-8.0,4.27,90.6,0.0,0.6
2022-08-02T17:00:00,-8.3,3.83,88.5,0.0,0.2
2022-08-02T18:00:00,-8.4,3.08,89.4,0.0,0.0
2022-08-02T19:00:00,-8.1,2.06,90.9,0.0,0.0
2022-08-02T20:00:00,-5.6,1.28,90.8,0.0,0.0
2022-08-02T21:00:00,-6.6,1.6,90.1,0.0,0.0
2022-08-02T22:00:00,-6.9,2.25,90.5,0.0,0.0
2022-08-02T23:00:00,-6.6,1.88,85.5,0.0,0.0
2022-08-03T00:00:00,-8.0,1.91,88.6,0.0,0.0
2022-08-03T01:00:00,-7.8,2.64,90.5,0.0,0.0
2022-08-03T02:00:00,-7.6,1.5,91.3,0.0,0.0
2022-08-03T03:00:00,-8.5,2.69,88.6,0.0,0.0
2022-08-03T04:00:00,-8.3,4.08,92.0,0.0,0.4
2022-08-03T05:00:00,-10.2,3.0,90.3,0.0,0.0
2022-08-03T06:00:00,-10.0,2.56,90.3,0.0,0.0
2022-08-03T07:00:00,-9.7,3.31,92.9,0.0,0.0
2022-08-03T08:00:00,-9.4,3.24,94.8,0.0,0.0
2022-08-03T09:00:00,-10.6,3.86,91.8,0.0,0.2
2022-08-03T10:00:00,-10.3,4.17,88.8,1.5,0.4
2022-08-03T11:00:00,-10.0,4.56,91.4,5.7,1.0
2022-08-03T12:00:00,-8.0,7.62,91.8,7.7,18.0
2022-08-03T13:00:00,-8.5,7.98,90.5,6.1,22.8
2022-08-03T14:00:00,-9.6,5.22,91.6,2.1,2.6
2022-08-03T15:00:00,-10.3,3.88,89.3,0.0,0.2
2022-08-03T16:00:00,-9.9,3.69,88.2,0.0,0.1
2022-08-03T17:00:00,-10.1,3.96,94.5,0.0,0.3
2022-08-03T18:00:00,-10.3,4.11,88.4,0.0,0.4
2022-08-03T19:00:00,-9.4,4.5,88.9,0.0,0.9
2022-08-03T20:00:00,-8.8,4.79,87.8,0.0,1.5
2022-08-03T21:00:00,-8.7,5.46,88.2,0.0,3.3
2022-08-03T22:00:00,-8.4,6.11,89.0,0.0,6.3
2022-08-03T23:00:00,-7.7,6.57,92.4,0.0,9.0
2022-08-04T00:00:00,-6.9,6.51,93.3,0.0,8.6
2022-08-04T01:00:00,-6.1,7.42,90.4,0.0,15.9
2022-08-04T02:00:00,-6.2,6.61,89.7,0.0,9.8
2022-08-04T03:00:00,-6.6,6.0,90.6,0.0,6.0
2022-08-04T04:00:00,-5.9,7.55,90.5,0.0,17.7
2022-08-04T05:00:00,-6.0,7.4,89.2,0.0,17.4
2022-08-04T06:00:00,-5.9,6.7,89.6,0.0,10.5
2022-08-04T07:00:00,-5.8,7.41,90.8,0.0,17.0
2022-08-04T08:00:00,-5.6,9.62,90.0,0.0,50.8
2022-08-04T09:00:00,-5.5,10.85,91.1,0.0,77.8
2022-08-04T10:00:00,-5.4,10.77,90.4,2.4,75.6
2022-08-04T11:00:00,-5.1,11.16,91.2,5.6,83.3
2022-08-04T12:00:00,-4.5,12.61,87.7,8.9,113.8
2022-08-04T13:00:00,-4.8,10.87,92.7,7.1,81.1
2022-08-04T14:00:00,-4.9,9.84,93.0,2.1,52.7
2022-08-04T15:00:00,-5.1,9.32,91.9,0.0,45.2
2022-08-04T16:00:00,-5.1,9.56,94.1,0.0,49.4
2022-08-04T17:00:00,-5.4,9.84,89.6,0.0,52.1
2022-08-04T18:00:00,-6.3,10.36,88.1,0.0,67.1
2022-08-04T19:00:00,-7.2,10.4,91.6,0.0,69.1
2022-08-04T20:00:00,-7.5,9.71,92.2,0.0,51.1
2022-08-04T21:00:00,-7.8,8.85,91.3,0.0,35.5
2022-08-04T22:00:00,-7.9,8.8,92.2,0.0,36.3
2022-08-04T23:00:00,-7.4,8.2,93.3,0.0,26.8
2022-08-05T00:00:00,-8.0,9.86,89.6,0.0,54.6
2022-08-05T01:00:00,-7.5,8.96,90.4,0.0,36.5
2022-08-05T02:00:00,-7.5,7.2,90.0,0.0,14.3
2022-08-05T03:00:00,-7.8,6.95,88.8,0.0,11.9
2022-08-05T04:00:00,-7.7,7.23,92.4,0.0,14.8
2022-08-05T05:00:00,-7.4,7.13,92.6,0.0,13.4
2022-08-05T06:00:00,-7.4,6.84,87.1,0.0,11.4
2022-08-05T07:00:00,-7.6,7.06,88.0,0.0,12.8
2022-08-05T08:00:00,-7.6,7.38,91.9,0.0,15.9
2022-08-05T09:00:00,-8.0,7.28,89.6,0.0,15.9
2022-08-05T10:00:00,-8.3,7.22,90.3,3.2,14.2
2022-08-05T11:00:00,-8.2,7.21,90.5,7.4,14.5
2022-08-05T12:00:00,-8.8,7.89,87.6,8.5,22.3
2022-08-05T13:00:00,-8.6,7.49,91.0,7.7,18.3
2022-08-05T14:00:00,-8.5,6.93,86.2,2.7,12.5
2022-08-05T15:00:00,-8.4,5.94,90.7,0.0,5.4
2022-08-05T16:00:00,-8.6,5.42,86.2,0.0,3.2
2022-08-05T17:00:00,-8.5,5.3,89.9,0.0,2.9
2022-08-05T18:00:00,-8.1,5.61,88.1,0.0,4.0
2022-08-05T19:00:00,-8.1,5.67,88.9,0.0,4.4
2022-08-05T20:00:00,-8.0,5.64,90.3,0.0,4.3
2022-08-05T21:00:00,-8.1,5.61,90.4,0.0,3.9
2022-08-05T22:00:00,-8.1,5.5,88.5,0.0,3.6
2022-08-05T23:00:00,-8.2,5.5,92.7,0.0,3.8
2022-08-06T00:00:00,-8.8,5.56,87.5,0.0,3.8
2022-08-06T01:00:00,-8.7,5.59,89.8,0.0,3.8
2022-08-06T02:00:00,-8.9,5.14,88.0,0.0,2.3
2022-08-06T03:00:00,-9.6,4.85,90.2,0.0,1.6
2022-08-06T04:00:00,-9.7,5.81,91.3,0.0,4.9
2022-08-06T05:00:00,-9.9,6.24,90.3,0.0,7.4
2022-08-06T06:00:00,-10.1,5.85,89.1,0.0,5.0
2022-08-06T07:00:00,-10.5,5.08,89.0,0.0,2.2
2022-08-06T08:00:00,-10.5,4.87,90.3,0.0,1.7
2022-08-06T09:00:00,-10.3,5.45,92.1,0.0,3.4
2022-08-06T10:00:00,-10.9,6.04,91.3,3.1,5.8
2022-08-06T11:00:00,-11.4,6.12,90.7,8.4,6.8
2022-08-06T12:00:00,-12.8,6.09,90.1,8.3,6.1
2022-08-06T13:00:00,-13.0,5.87,90.7,7.6,5.0
2022-08-06T14:00:00,-13.0,5.65,89.3,4.0,4.2
2022-08-06T15:00:00,-13.0,5.14,90.3,0.0,2.3
2022-08-06T16:00:00,-12.8,5.0,89.8,0.0,2.0
2022-08-06T17:00:00,-12.3,5.26,93.9,0.0,2.8
2022-08-06T18:00:00,-12.0,5.53,93.0,0.0,3.6
2022-08-06T19:00:00,-12.0,5.41,94.8,0.0,3.3
2022-08-06T20:00:00,-12.0,5.6,90.6,0.0,3.9
2022-08-06T21:00:00,-12.4,5.8,92.8,0.0,4.8
2022-08-06T22:00:00,-13.4,5.9,92.5,0.0,5.4
2022-08-06T23:00:00,-13.6,5.91,89.8,0.0,5.6
2022-08-07T00:00:00,-15.4,5.31,93.1,0.0,2.9
2022-08-07T01:00:00,-16.2,4.7,95.3,0.0,1.3
2022-08-07T02:00:00,-16.5,4.61,94.5,0.0,1.1
2022-08-07T03:00:00,-16.5,4.63,96.6,0.0,1.1
2022-08-07T04:00:00,-16.7,4.4,92.9,0.0,0.7
2022-08-07T05:00:00,-17.2,3.83,92.3,0.0,0.2
2022-08-07T06:00:00,-17.0,3.96,97.6,0.0,0.3
2022-08-07T07:00:00,-16.4,4.31,94.7,0.0,0.6
2022-08-07T08:00:00,-16.0,4.6,94.8,0.0,1.1
2022-08-07T09:00:00,-16.1,4.7,95.9,0.0,1.2
2022-08-07T10:00:00,-16.1,4.8,96.6,4.1,1.4
2022-08-07T11:00:00,-16.1,4.8,94.3,8.6,1.5
2022-08-07T12:00:00,-16.3,4.9,90.4,8.5,1.7
2022-08-07T13:00:00,-15.8,4.94,94.2,9.2,1.9
2022-08-07T14:00:00,-16.0,4.74,91.6,4.6,1.4
2022-08-07T15:00:00,-15.8,4.92,92.1,0.0,1.8
2022-08-07T16:00:00,-15.6,4.74,92.9,0.0,1.4
2022-08-07T17:00:00,-15.7,3.16,91.7,0.0,0.0
2022-08-07T18:00:00,-17.0,3.93,93.5,0.0,0.2
2022-08-07T19:00:00,-14.1,6.02,88.0,0.0,6.1
2022-08-07T20:00:00,-13.2,5.9,90.4,0.0,5.2
2022-08-07T21:00:00,-12.8,6.62,91.8,0.0,10.0
2022-08-07T22:00:00,-12.4,6.73,90.5,0.0,10.5
2022-08-07T23:00:00,-12.1,7.4,90.1,0.0,15.8
2022-08-08T00:00:00,-12.3,7.89,90.1,0.0,21.3
2022-08-08T01:00:00,-12.3,8.73,91.6,0.0,35.3
2022-08-08T02:00:00,-12.1,8.42,89.5,0.0,28.4
2022-08-08T03:00:00,-11.8,8.9,92.6,0.0,34.8
2022-08-08T04:00:00,-12.1,8.51,87.3,0.0,29.8
2022-08-08T05:00:00,-12.4,7.9,88.5,0.0,21.5
2022-08-08T06:00:00,-12.5,7.62,88.3,0.0,19.7
2022-08-08T07:00:00,-12.4,7.78,92.5,0.0,20.1
2022-08-08T08:00:00,-12.5,7.98,93.2,0.0,23.7
2022-08-08T09:00:00,-12.7,8.49,91.1,0.0,30.2
2022-08-08T10:00:00,-12.9,8.54,92.2,4.7,29.8
2022-08-08T11:00:00,-13.2,8.29,93.2,9.6,26.1
2022-08-08T12:00:00,-12.9,7.68,91.1,9.1,19.8
2022-08-08T13:00:00,-13.6,7.98,93.3,9.1,22.1
2022-08-08T14:00:00,-13.8,9.73,90.2,5.6,54.0
2022-08-08T15:00:00,-14.0,10.62,95.1,0.0,68.9
2022-08-08T16:00:00,-14.0,9.58,90.7,0.0,48.5
2022-08-08T17:00:00,-14.0,8.83,90.2,0.0,35.9
2022-08-08T18:00:00,-13.9,8.13,92.1,0.0,25.3
2022-08-08T19:00:00,-14.2,7.75,90.6,0.0,20.8
2022-08-08T20:00:00,-14.3,7.97,92.2,0.0,23.1
2022-08-08T21:00:00,-14.2,7.89,91.4,0.0,21.1
2022-08-08T22:00:00,-14.1,8.34,92.1,0.0,28.4
2022-08-08T23:00:00,-14.0,8.93,91.4,0.0,37.4
2022-08-09T00:00:00,-14.1,9.42,94.4,0.0,44.2
2022-08-09T01:00:00,-13.9,8.82,91.2,0.0,33.4
2022-08-09T02:00:00,-13.9,7.87,89.8,0.0,21.2
2022-08-09T03:00:00,-14.2,7.52,90.5,0.0,17.5
2022-08-09T04:00:00,-14.5,6.89,90.9,0.0,12.3
2022-08-09T05:00:00,-14.8,6.17,93.5,0.0,7.2
2022-08-09T06:00:00,-13.9,6.48,92.4,0.0,9.0
2022-08-09T07:00:00,-13.4,5.99,91.7,0.0,5.9
2022-08-09T08:00:00,-13.5,5.69,90.4,0.0,4.2
2022-08-09T09:00:00,-13.0,5.53,89.3,0.0,3.6
2022-08-09T10:00:00,-13.2,5.76,93.5,5.5,4.7
2022-08-09T11:00:00,-13.2,5.98,93.8,10.0,5.8
2022-08-09T12:00:00,-13.4,5.41,91.1,10.8,3.4
2022-08-09T13:00:00,-13.6,6.07,92.8,8.0,6.1
2022-08-09T14:00:00,-13.8,5.89,94.9,5.0,5.3
2022-08-09T15:00:00,-14.2,5.67,90.0,0.0,4.1
2022-08-09T16:00:00,-15.0,5.55,95.1,0.0,3.8
2022-08-09T17:00:00,-15.2,5.6,92.8,0.0,3.9
2022-08-09T18:00:00,-15.4,5.66,95.9,0.0,4.2
2022-08-09T19:00:00,-15.6,5.6,93.0,0.0,4.1
2022-08-09T20:00:00,-15.9,5.35,92.5,0.0,3.0
2022-08-09T21:00:00,-16.3,4.81,93.2,0.0,1.5
2022-08-09T22:00:00,-15.8,5.19,90.5,0.0,2.5
2022-08-09T23:00:00,-14.9,5.09,93.6,0.0,2.3
2022-08-10T00:00:00,-17.8,2.97,95.2,0.0,0.0
2022-08-10T01:00:00,-17.0,2.28,94.9,0.0,0.0
2022-08-10T02:00:00,-14.5,1.17,95.0,0.0,0.0
2022-08-10T03:00:00,-15.0,1.22,90.2,0.0,0.0
2022-08-10T04:00:00,-16.1,1.86,90.1,0.0,0.0
2022-08-10T05:00:00,-15.2,2.55,90.9,0.0,0.0
2022-08-10T06:00:00,-14.8,2.73,89.3,0.0,0.0
2022-08-10T07:00:00,-15.5,3.14,93.7,0.0,0.0
2022-08-10T08:00:00,-15.0,3.86,91.5,0.0,0.2
2022-08-10T09:00:00,-14.8,5.08,95.1,0.0,2.3
2022-08-10T10:00:00,-16.4,4.88,93.0,6.3,1.6
2022-08-10T11:00:00,-17.8,4.23,92.3,9.6,0.5
2022-08-10T12:00:00,-18.0,2.47,94.1,11.7,0.0
2022-08-10T13:00:00,-17.3,1.92,95.8,9.1,0.0
2022-08-10T14:00:00,-17.2,2.45,91.0,6.3,0.0
2022-08-10T15:00:00,-17.7,3.59,91.8,0.0,0.1
2022-08-10T16:00:00,-18.4,4.18,96.4,0.0,0.5
2022-08-10T17:00:00,-18.9,3.96,97.2,0.0,0.3
2022-08-10T18:00:00,-18.8,4.03,92.6,0.0,0.3
2022-08-10T19:00:00,-18.9,3.83,99.2,0.0,0.2
2022-08-10T20:00:00,-19.6,3.41,96.0,0.0,0.0
2022-08-10T21:00:00,-20.6,2.77,92.7,0.0,0.0
2022-08-10T22:00:00,-21.3,2.1,96.7,0.0,0.0
2022-08-10T23:00:00,-21.2,2.38,94.3,0.0,0.0
2022-08-11T00:00:00,-20.5,2.06,96.6,0.0,0.0
2022-08-11T01:00:00,-18.8,1.14,93.5,0.0,0.0
2022-08-11T02:00:00,-18.3,0.51,94.4,0.0,0.0
2022-08-11T03:00:00,-17.7,1.35,91.1,0.0,0.0
2022-08-11T04:00:00,-20.2,2.55,97.2,0.0,0.0
2022-08-11T05:00:00,-19.2,3.26,95.0,0.0,0.0
2022-08-11T06:00:00,-18.7,2.69,95.7,0.0,0.0
2022-08-11T07:00:00,-18.7,2.15,98.1,0.0,0.0
2022-08-11T08:00:00,-18.6,2.3,97.0,0.0,0.0
2022-08-11T09:00:00,-18.1,2.19,100.0,0.0,0.0
2022-08-11T10:00:00,-18.1,2.16,95.4,6.6,0.0
2022-08-11T11:00:00,-17.8,2.12,93.5,8.7,0.0
2022-08-11T12:00:00,-15.8,3.47,92.5,10.4,0.0
2022-08-11T13:00:00,-15.0,3.72,94.1,11.1,0.1
2022-08-11T14:00:00,-14.8,3.42,92.8,6.9,0.0
2022-08-11T15:00:00,-14.3,4.05,92.6,0.0,0.3
2022-08-11T16:00:00,-13.8,4.92,93.1,0.0,1.7
2022-08-11T17:00:00,-13.6,5.46,84.9,0.0,3.4
2022-08-11T18:00:00,-13.4,5.74,90.4,0.0,4.7
2022-08-11T19:00:00,-13.1,5.46,91.0,0.0,3.3
2022-08-11T20:00:00,-12.8,5.46,91.1,0.0,3.6
2022-08-11T21:00:00,-12.7,5.26,87.8,0.0,2.7
2022-08-11T22:00:00,-12.5,5.15,86.7,0.0,2.4
2022-08-11T23:00:00,-12.3,5.23,93.9,0.0,2.7
2022-08-12T00:00:00,-12.5,5.0,93.4,0.0,1.9
2022-08-12T01:00:00,-12.2,4.87,93.0,0.0,1.6
2022-08-12T02:00:00,-12.1,4.34,91.4,0.0,0.7
2022-08-12T03:00:00,-12.6,3.13,91.0,0.0,0.0
2022-08-12T04:00:00,-12.6,3.23,93.2,0.0,0.0
2022-08-12T05:00:00,-11.3,4.92,90.7,0.0,1.8
2022-08-12T06:00:00,-11.0,5.52,89.0,0.0,3.8
2022-08-12T07:00:00,-10.9,5.73,93.4,0.0,4.5
2022-08-12T08:00:00,-10.4,6.43,92.7,0.0,8.6
2022-08-12T09:00:00,-10.3,6.11,91.3,0.5,6.5
2022-08-12T10:00:00,-10.4,5.87,92.1,6.6,5.1
2022-08-12T11:00:00,-10.4,6.18,87.2,10.8,7.0
2022-08-12T12:00:00,-10.8,5.64,90.2,12.8,4.2
2022-08-12T13:00:00,-10.8,4.95,91.6,10.2,1.9
2022-08-12T14:00:00,-10.5,5.22,87.0,7.2,2.6
2022-08-12T15:00:00,-10.2,6.24,90.5,0.4,7.5
2022-08-12T16:00:00,-10.1,7.59,88.8,0.0,19.5
2022-08-12T17:00:00,-10.1,6.68,90.2,0.0,10.5
2022-08-12T18:00:00,-10.4,6.3,88.5,0.0,7.5
2022-08-12T19:00:00,-11.0,6.15,91.1,0.0,7.0
2022-08-12T20:00:00,-11.4,5.6,90.6,0.0,3.9
2022-08-12T21:00:00,-12.0,5.3,92.0,0.0,2.8
2022-08-12T22:00:00,-12.3,5.6,91.9,0.0,4.0
2022-08-12T23:00:00,-12.5,5.7,90.8,0.0,4.4
2022-08-13T00:00:00,-13.5,5.92,91.3,0.0,5.7
2022-08-13T01:00:00,-14.0,6.05,90.8,0.0,6.4
2022-08-13T02:00:00,-14.0,6.15,91.3,0.0,6.5
2022-08-13T03:00:00,-14.8,6.04,91.9,0.0,5.9
2022-08-13T04:00:00,-15.5,6.15,94.5,0.0,6.7
2022-08-13T05:00:00,-15.9,5.82,93.5,0.0,4.9
2022-08-13T06:00:00,-16.0,5.34,92.8,0.0,2.9
2022-08-13T07:00:00,-16.4,4.88,94.8,0.0,1.6
2022-08-13T08:00:00,-16.7,4.87,92.4,0.0,1.6
2022-08-13T09:00:00,-16.4,5.92,91.1,1.3,5.4
2022-08-13T10:00:00,-16.9,5.69,93.9,9.0,4.5
2022-08-13T11:00:00,-16.9,6.11,97.1,11.6,6.4
2022-08-13T12:00:00,-17.2,6.3,94.3,14.7,7.8
2022-08-13T13:00:00,-16.7,6.68,94.1,13.1,9.8
2022-08-13T14:00:00,-16.8,5.97,93.4,9.0,5.5
2022-08-13T15:00:00,-16.7,5.7,91.2,1.4,4.6
2022-08-13T16:00:00,-16.7,5.8,93.1,0.0,4.7
2022-08-13T17:00:00,-16.5,5.61,93.5,0.0,4.0
2022-08-13T18:00:00,-16.1,5.32,90.8,0.0,2.9
2022-08-13T19:00:00,-15.9,4.37,93.0,0.0,0.7
2022-08-13T20:00:00,-15.8,3.54,92.4,0.0,0.1
2022-08-13T21:00:00,-15.4,3.72,91.0,0.0,0.1
2022-08-13T22:00:00,-14.5,4.1,90.9,0.0,0.4
2022-08-13T23:00:00,-13.8,4.1,89.2,0.0,0.4
2022-08-14T00:00:00,-11.2,5.22,87.7,0.0,2.5
2022-08-14T01:00:00,-11.3,3.98,91.5,0.0,0.3
2022-08-14T02:00:00,-10.9,3.51,90.2,0.0,0.0
2022-08-14T03:00:00,-11.3,2.73,92.9,0.0,0.0
2022-08-14T04:00:00,-9.8,4.38,91.9,0.0,0.7
2022-08-14T05:00:00,-8.2,6.24,89.0,0.0,7.1
2022-08-14T06:00:00,-7.5,7.03,89.8,0.0,12.6
2022-08-14T07:00:00,-7.3,6.89,89.4,0.0,12.1
2022-08-14T08:00:00,-7.5,5.8,90.0,0.0,5.0
2022-08-14T09:00:00,-8.4,4.24,93.4,2.0,0.5
2022-08-14T10:00:00,-8.1,4.7,89.2,8.4,1.3
2022-08-14T11:00:00,-6.7,7.65,91.0,11.5,18.5
2022-08-14T12:00:00,-7.7,5.24,88.1,13.1,2.6
2022-08-14T13:00:00,-6.3,5.97,89.3,11.7,5.9
2022-08-14T14:00:00,-5.3,10.4,91.6,8.7,70.0
2022-08-14T15:00:00,-5.0,12.3,87.9,2.2,109.2
2022-08-14T16:00:00,-4.9,14.08,90.0,0.0,118.7
2022-08-14T17:00:00,-4.9,14.28,88.9,0.0,116.1
2022-08-14T18:00:00,-5.1,13.52,89.6,0.0,109.8
2022-08-14T19:00:00,-5.2,13.01,90.5,0.0,109.8
2022-08-14T20:00:00,-5.4,12.79,89.5,0.0,111.0
2022-08-14T21:00:00,-5.5,12.58,91.4,0.0,115.9
2022-08-14T22:00:00,-5.6,11.29,89.6,0.0,91.0
2022-08-14T23:00:00,-6.1,9.23,93.7,0.0,42.6
2022-08-15T00:00:00,-6.7,10.04,85.4,0.0,58.5
2022-08-15T01:00:00,-8.4,10.18,90.3,0.0,60.7
2022-08-15T02:00:00,-9.0,9.51,87.9,0.0,48.9
2022-08-15T03:00:00,-9.3,10.28,90.1,0.0,62.1
2022-08-15T04:00:00,-9.5,11.84,88.2,0.0,103.3
2022-08-15T05:00:00,-9.7,12.76,89.2,0.0,119.6
2022-08-15T06:00:00,-9.7,13.16,87.5,0.0,119.8
2022-08-15T07:00:00,-9.8,12.94,90.8,0.0,119.0
2022-08-15T08:00:00,-9.8,12.39,89.4,0.0,108.1
2022-08-15T09:00:00,-9.8,12.13,89.2,3.1,109.4
2022-08-15T10:00:00,-10.0,12.37,88.6,8.1,111.2
2022-08-15T11:00:00,-10.2,12.67,91.6,14.3,113.2
2022-08-15T12:00:00,-10.0,9.31,87.6,11.8,43.1
2022-08-15T13:00:00,-9.4,10.52,87.7,13.1,73.3
2022-08-15T14:00:00,-9.2,11.34,87.8,10.3,88.9
2022-08-15T15:00:00,-9.4,11.76,91.3,2.9,104.1
2022-08-15T16:00:00,-9.6,12.52,90.5,0.0,110.0
2022-08-15T17:00:00,-9.7,12.38,88.1,0.0,116.7
2022-08-15T18:00:00,-9.7,12.51,92.9,0.0,115.6
2022-08-15T19:00:00,-10.0,12.26,88.9,0.0,109.1
2022-08-15T20:00:00,-10.4,12.75,87.6,0.0,117.0
2022-08-15T21:00:00,-10.6,14.01,89.6,0.0,109.7
2022-08-15T22:00:00,-10.7,14.1,93.5,0.0,110.9
2022-08-15T23:00:00,-10.8,13.71,94.2,0.0,111.5
2022-08-16T00:00:00,-10.7,10.88,90.2,0.0,75.8
2022-08-16T01:00:00,-11.1,10.68,91.9,0.0,73.5
2022-08-16T02:00:00,-11.4,9.94,93.5,0.0,57.4
2022-08-16T03:00:00,-11.4,8.96,87.5,0.0,37.6
2022-08-16T04:00:00,-11.5,7.6,90.7,0.0,18.6
2022-08-16T05:00:00,-11.6,6.3,90.2,0.0,8.0
2022-08-16T06:00:00,-11.9,5.01,90.6,0.0,1.9
2022-08-16T07:00:00,-12.3,4.22,91.5,0.0,0.5
2022-08-16T08:00:00,-12.8,3.45,89.6,0.0,0.0
2022-08-16T09:00:00,-13.5,3.31,90.4,4.1,0.0
2022-08-16T10:00:00,-14.0,4.09,93.8,8.1,0.4
2022-08-16T11:00:00,-14.6,4.85,93.2,11.1,1.6
2022-08-16T12:00:00,-13.6,6.7,90.1,13.4,10.2
2022-08-16T13:00:00,-14.1,7.17,92.6,11.6,13.6
2022-08-16T14:00:00,-14.7,6.8,92.0,9.4,11.1
2022-08-16T15:00:00,-14.8,6.5,89.2,3.2,8.7
2022-08-16T16:00:00,-15.2,6.11,91.8,0.0,6.2
2022-08-16T17:00:00,-15.6,5.91,94.6,0.0,5.4
2022-08-16T18:00:00,-15.7,5.61,92.4,0.0,3.9
2022-08-16T19:00:00,-16.6,5.56,95.6,0.0,3.9
2022-08-16T20:00:00,-16.9,5.79,97.1,0.0,4.9
2022-08-16T21:00:00,-17.1,5.73,92.4,0.0,4.7
2022-08-16T22:00:00,-17.3,5.57,95.4,0.0,3.8
2022-08-16T23:00:00,-17.4,5.63,92.8,0.0,4.0
2022-08-17T00:00:00,-17.9,5.91,90.9,0.0,5.7
2022-08-17T01:00:00,-17.9,6.34,88.6,0.0,7.8
2022-08-17T02:00:00,-17.9,6.63,96.7,0.0,9.7
2022-08-17T03:00:00,-17.9,6.1,94.4,0.0,6.3
2022-08-17T04:00:00,-17.9,5.4,95.0,0.0,3.3
2022-08-17T05:00:00,-18.1,5.41,94.9,0.0,3.4
2022-08-17T06:00:00,-18.1,5.5,96.5,0.0,3.4
2022-08-17T07:00:00,-18.0,5.41,94.6,0.0,3.3
2022-08-17T08:00:00,-17.9,5.21,93.7,0.0,2.6
2022-08-17T09:00:00,-17.4,5.0,93.3,4.7,1.9
2022-08-17T10:00:00,-17.5,4.72,92.2,11.4,1.4
2022-08-17T11:00:00,-17.8,4.57,91.5,12.3,1.0
2022-08-17T12:00:00,-19.4,4.04,95.3,15.8,0.3
2022-08-17T13:00:00,-20.1,4.33,97.5,13.0,0.7
2022-08-17T14:00:00,-20.3,4.55,95.4,9.4,1.0
2022-08-17T15:00:00,-20.1,4.3,98.3,3.6,0.6
2022-08-17T16:00:00,-20.2,3.91,92.2,0.0,0.2
2022-08-17T17:00:00,-20.2,3.65,96.1,0.0,0.1
2022-08-17T18:00:00,-19.7,3.55,94.4,0.0,0.1
2022-08-17T19:00:00,-19.8,3.72,94.1,0.0,0.1
2022-08-17T20:00:00,-19.5,4.31,95.0,0.0,0.6
2022-08-17T21:00:00,-19.3,4.9,96.0,0.0,1.7
2022-08-17T22:00:00,-19.5,4.8,95.4,0.0,1.6
2022-08-17T23:00:00,-19.5,4.8,92.6,0.0,1.4
2022-08-18T00:00:00,-19.5,6.25,95.9,0.0,7.1
2022-08-18T01:00:00,-19.4,6.61,92.1,0.0,9.8
2022-08-18T02:00:00,-19.4,6.71,90.9,0.0,10.2
2022-08-18T03:00:00,-19.4,6.3,93.9,0.0,7.9
2022-08-18T04:00:00,-19.7,5.5,96.4,0.0,3.7
2022-08-18T05:00:00,-20.1,5.47,98.9,0.0,3.5
2022-08-18T06:00:00,-20.2,5.28,93.5,0.0,2.9
2022-08-18T07:00:00,-20.1,5.14,90.8,0.0,2.3
2022-08-18T08:00:00,-20.3,4.92,97.1,0.0,1.8
2022-08-18T09:00:00,-20.8,4.62,96.2,4.2,1.2
2022-08-18T10:00:00,-21.3,4.44,90.1,9.6,0.8
2022-08-18T11:00:00,-21.8,4.67,97.1,12.1,1.2
2022-08-18T12:00:00,-22.3,4.72,93.5,16.8,1.3
2022-08-18T13:00:00,-22.6,4.37,96.5,15.2,0.7
2022-08-18T14:00:00,-23.1,4.1,97.2,11.8,0.4
2022-08-18T15:00:00,-23.1,4.3,95.8,4.4,0.6
2022-08-18T16:00:00,-23.2,4.34,98.4,0.0,0.7
2022-08-18T17:00:00,-23.2,4.53,97.1,0.0,1.0
2022-08-18T18:00:00,-23.1,4.74,95.7,0.0,1.3
2022-08-18T19:00:00,-22.8,5.11,94.5,0.0,2.3
2022-08-18T20:00:00,-22.8,5.2,96.5,0.0,2.4
2022-08-18T21:00:00,-22.7,5.31,97.6,0.0,2.8
2022-08-18T22:00:00,-22.7,5.41,95.8,0.0,3.1
2022-08-18T23:00:00,-22.6,5.7,94.4,0.0,4.2
2022-08-19T00:00:00,-22.8,6.53,95.4,0.0,9.0
2022-08-19T01:00:00,-22.7,6.76,96.1,0.0,10.9
2022-08-19T02:00:00,-22.9,6.68,95.0,0.0,9.8
2022-08-19T03:00:00,-23.2,6.63,95.6,0.0,10.1
2022-08-19T04:00:00,-23.3,6.69,99.8,0.0,10.4
2022-08-19T05:00:00,-23.1,6.53,97.0,0.0,9.2
2022-08-19T06:00:00,-23.0,6.1,95.6,0.0,6.7
2022-08-19T07:00:00,-23.1,5.89,97.5,0.0,5.2
2022-08-19T08:00:00,-23.3,5.46,100.2,0.0,3.3
2022-08-19T09:00:00,-23.9,4.95,93.8,6.4,1.9
2022-08-19T10:00:00,-24.8,4.72,100.3,13.0,1.3
2022-08-19T11:00:00,-25.3,4.8,96.8,17.4,1.5
2022-08-19T12:00:00,-26.4,5.65,98.3,15.6,4.1
2022-08-19T13:00:00,-27.4,4.55,97.9,12.2,1.0
2022-08-19T14:00:00,-28.8,3.23,96.3,13.2,0.0
2022-08-19T15:00:00,-26.6,2.33,101.1,4.6,0.0
2022-08-19T16:00:00,-27.1,2.52,99.6,0.0,0.0
2022-08-19T17:00:00,-28.6,3.08,99.9,0.0,0.0
2022-08-19T18:00:00,-28.5,4.26,96.5,0.0,0.6
2022-08-19T19:00:00,-27.9,4.7,101.3,0.0,1.3
2022-08-19T20:00:00,-27.6,4.96,101.9,0.0,1.8
2022-08-19T21:00:00,-27.8,4.73,97.2,0.0,1.3
2022-08-19T22:00:00,-28.6,3.98,102.3,0.0,0.3
2022-08-19T23:00:00,-28.9,3.67,98.3,0.0,0.1
2022-08-20T00:00:00,-27.7,4.53,97.4,0.0,1.0
2022-08-20T01:00:00,-29.4,3.32,99.9,0.0,0.0
2022-08-20T02:00:00,-28.5,2.34,98.2,0.0,0.0
2022-08-20T03:00:00,-29.7,2.81,97.2,0.0,0.0
2022-08-20T04:00:00,-30.2,3.4,98.8,0.0,0.0
2022-08-20T05:00:00,-29.1,3.9,98.8,0.0,0.2
2022-08-20T06:00:00,-28.8,3.81,97.4,0.0,0.2
2022-08-20T07:00:00,-29.0,3.47,100.7,0.0,0.0
2022-08-20T08:00:00,-29.2,3.26,101.2,0.0,0.0
2022-08-20T09:00:00,-29.4,3.31,101.2,5.8,0.0
2022-08-20T10:00:00,-29.3,3.2,102.3,13.7,0.0
2022-08-20T11:00:00,-27.8,2.63,96.1,17.5,0.0
2022-08-20T12:00:00,-25.9,1.0,95.1,18.5,0.0
2022-08-20T13:00:00,-27.7,2.33,98.9,13.4,0.0
2022-08-20T14:00:00,-29.8,2.83,101.4,11.3,0.0
2022-08-20T15:00:00,-29.5,2.64,97.9,7.0,0.0
2022-08-20T16:00:00,-26.3,1.43,99.5,0.0,0.0
2022-08-20T17:00:00,-26.0,0.51,99.1,0.0,0.0
2022-08-20T18:00:00,-25.9,0.2,96.5,0.0,0.0
2022-08-20T19:00:00,-25.7,0.3,100.7,0.0,0.0
2022-08-20T20:00:00,-25.5,0.36,98.7,0.0,0.0
2022-08-20T21:00:00,-25.5,1.28,95.8,0.0,0.0
2022-08-20T22:00:00,-25.2,0.92,98.2,0.0,0.0
2022-08-20T23:00:00,-24.8,1.1,97.5,0.0,0.0
2022-08-21T00:00:00,-26.0,0.98,100.3,0.0,0.0
2022-08-21T01:00:00,-25.9,1.04,99.7,0.0,0.0
2022-08-21T02:00:00,-25.4,0.81,97.1,0.0,0.0
2022-08-21T03:00:00,-24.6,1.12,96.9,0.0,0.0
2022-08-21T04:00:00,-25.8,2.28,99.2,0.0,0.0
2022-08-21T05:00:00,-24.8,2.2,99.2,0.0,0.0
2022-08-21T06:00:00,-22.1,1.61,96.7,0.0,0.0
2022-08-21T07:00:00,-22.0,1.84,93.6,0.0,0.0
2022-08-21T08:00:00,-20.7,1.84,98.0,0.0,0.0
2022-08-21T09:00:00,-18.9,0.32,98.4,7.5,0.0
2022-08-21T10:00:00,-22.1,2.75,96.2,13.6,0.0
2022-08-21T11:00:00,-22.3,3.89,95.5,17.1,0.2
2022-08-21T12:00:00,-21.4,3.76,91.7,18.3,0.1
2022-08-21T13:00:00,-14.9,0.94,90.4,18.3,0.0
2022-08-21T14:00:00,-14.4,0.86,93.2,11.6,0.0
2022-08-21T15:00:00,-13.2,0.67,89.6,6.3,0.0
2022-08-21T16:00:00,-15.3,2.66,94.7,0.0,0.0
2022-08-21T17:00:00,-16.7,4.03,96.3,0.0,0.3
2022-08-21T18:00:00,-16.3,3.05,93.9,0.0,0.0
2022-08-21T19:00:00,-11.2,1.65,89.5,0.0,0.0
2022-08-21T20:00:00,-10.6,0.71,93.0,0.0,0.0
2022-08-21T21:00:00,-10.5,0.3,87.3,0.0,0.0
2022-08-21T22:00:00,-14.7,2.8,90.1,0.0,0.0
2022-08-21T23:00:00,-14.4,5.28,92.9,0.0,2.8
2022-08-22T00:00:00,-9.9,11.76,93.3,0.0,106.3
2022-08-22T01:00:00,-10.2,14.62,94.2,0.0,119.4
2022-08-22T02:00:00,-10.7,16.6,91.6,0.0,119.6
2022-08-22T03:00:00,-11.0,16.21,88.7,0.0,119.9
2022-08-22T04:00:00,-11.4,16.05,92.0,0.0,109.1
2022-08-22T05:00:00,-11.9,16.62,90.8,0.0,114.4
2022-08-22T06:00:00,-12.4,15.28,91.9,0.0,110.8
2022-08-22T07:00:00,-12.6,15.16,88.7,0.0,116.7
2022-08-22T08:00:00,-12.7,14.46,91.3,0.0,117.6
2022-08-22T09:00:00,-12.9,14.26,92.0,8.1,113.7
2022-08-22T10:00:00,-13.0,13.82,89.1,11.5,112.1
2022-08-22T11:00:00,-13.0,12.8,90.7,16.1,116.3
2022-08-22T12:00:00,-12.9,8.37,91.8,19.8,29.3
2022-08-22T13:00:00,-12.3,9.64,88.5,19.1,48.9
2022-08-22T14:00:00,-12.1,10.82,92.0,13.0,77.9
2022-08-22T15:00:00,-12.0,11.14,90.2,8.5,90.9
2022-08-22T16:00:00,-12.2,10.73,90.4,0.0,75.7
2022-08-22T17:00:00,-12.3,10.6,93.8,0.0,74.9
2022-08-22T18:00:00,-12.4,10.32,93.0,0.0,62.3
2022-08-22T19:00:00,-12.6,10.31,90.0,0.0,65.6
2022-08-22T20:00:00,-12.8,9.46,93.0,0.0,44.4
2022-08-22T21:00:00,-13.0,7.98,92.3,0.0,22.5
2022-08-22T22:00:00,-13.2,5.87,95.3,0.0,5.4
2022-08-22T23:00:00,-13.8,3.81,93.8,0.0,0.2
2022-08-23T00:00:00,-12.7,6.62,94.8,0.0,10.2
2022-08-23T01:00:00,-13.7,4.13,91.4,0.0,0.4
2022-08-23T02:00:00,-13.8,4.3,93.6,0.0,0.6
2022-08-23T03:00:00,-13.6,4.49,91.5,0.0,0.9
2022-08-23T04:00:00,-13.6,4.65,89.9,0.0,1.2
2022-08-23T05:00:00,-13.3,4.55,91.4,0.0,1.0
2022-08-23T06:00:00,-13.2,4.12,94.5,0.0,0.4
2022-08-23T07:00:00,-13.2,3.81,93.1,0.0,0.2
2022-08-23T08:00:00,-13.1,3.91,91.5,0.0,0.2
2022-08-23T09:00:00,-13.2,4.31,92.9,8.2,0.6
2022-08-23T10:00:00,-13.4,4.91,94.5,15.7,1.7
2022-08-23T11:00:00,-13.5,5.61,93.1,17.5,4.0
2022-08-23T12:00:00,-14.3,4.03,93.4,16.8,0.3
2022-08-23T13:00:00,-13.7,5.08,88.9,17.6,2.2
2022-08-23T14:00:00,-13.4,5.41,89.5,15.5,3.3
2022-08-23T15:00:00,-13.4,5.3,91.0,7.7,2.8
2022-08-23T16:00:00,-13.5,5.42,90.5,0.0,3.3
2022-08-23T17:00:00,-13.5,5.89,95.6,0.0,5.1
2022-08-23T18:00:00,-13.6,5.82,95.1,0.0,5.0
2022-08-23T19:00:00,-13.9,5.77,90.5,0.0,4.9
2022-08-23T20:00:00,-14.3,6.01,92.8,0.0,6.0
2022-08-23T21:00:00,-14.6,6.3,93.3,0.0,7.6
2022-08-23T22:00:00,-15.1,6.61,93.8,0.0,10.1
2022-08-23T23:00:00,-15.4,7.03,91.7,0.0,13.1
2022-08-24T00:00:00,-15.1,6.01,92.0,0.0,5.9
2022-08-24T01:00:00,-15.8,6.85,93.3,0.0,11.7
2022-08-24T02:00:00,-15.9,7.86,91.2,0.0,22.4
2022-08-24T03:00:00,-15.8,7.52,89.7,0.0,17.6
2022-08-24T04:00:00,-15.8,7.0,94.1,0.0,13.1
2022-08-24T05:00:00,-15.5,6.77,93.8,0.0,10.4
2022-08-24T06:00:00,-15.4,7.18,92.5,0.0,14.0
2022-08-24T07:00:00,-15.4,6.9,90.3,0.0,11.6
2022-08-24T08:00:00,-15.3,6.36,94.2,0.0,8.3
2022-08-24T09:00:00,-15.4,5.95,90.4,7.9,5.7
2022-08-24T10:00:00,-15.7,5.81,94.6,16.3,4.8
2022-08-24T11:00:00,-16.0,5.9,92.3,18.9,5.1
2022-08-24T12:00:00,-16.5,4.55,93.4,18.5,1.0
2022-08-24T13:00:00,-17.3,4.92,95.6,18.3,1.7
2022-08-24T14:00:00,-17.5,5.11,94.1,13.1,2.4
2022-08-24T15:00:00,-17.3,4.49,94.6,10.2,0.9
2022-08-24T16:00:00,-17.3,4.31,92.7,0.0,0.6
2022-08-24T17:00:00,-17.0,4.88,95.7,0.0,1.6
2022-08-24T18:00:00,-17.4,4.88,93.6,0.0,1.6
2022-08-24T19:00:00,-17.3,4.44,91.1,0.0,0.8
2022-08-24T20:00:00,-18.1,3.21,89.9,0.0,0.0
2022-08-24T21:00:00,-18.3,3.77,91.8,0.0,0.1
2022-08-24T22:00:00,-18.5,4.04,96.3,0.0,0.3
2022-08-24T23:00:00,-18.6,4.55,99.4,0.0,1.0
2022-08-25T00:00:00,-19.0,3.82,96.4,0.0,0.2
2022-08-25T01:00:00,-19.9,4.4,95.3,0.0,0.8
2022-08-25T02:00:00,-20.8,4.9,95.5,0.0,1.8
2022-08-25T03:00:00,-21.0,4.6,96.5,0.0,1.1
2022-08-25T04:00:00,-21.6,3.8,96.9,0.0,0.2
2022-08-25T05:00:00,-21.3,3.2,96.5,0.0,0.0
2022-08-25T06:00:00,-21.8,2.5,94.2,0.0,0.0
2022-08-25T07:00:00,-20.4,1.8,94.7,0.0,0.0
2022-08-25T08:00:00,-20.0,1.7,96.3,0.9,0.0
2022-08-25T09:00:00,-21.8,3.72,97.1,9.5,0.1
2022-08-25T10:00:00,-21.5,4.65,100.1,16.3,1.2
2022-08-25T11:00:00,-21.3,4.59,95.9,17.0,1.1
2022-08-25T12:00:00,-22.1,5.61,100.3,18.4,4.0
2022-08-25T13:00:00,-21.6,5.85,99.0,19.9,5.1
2022-08-25T14:00:00,-21.7,5.81,96.0,14.6,5.0
2022-08-25T15:00:00,-22.2,5.47,95.6,8.5,3.3
2022-08-25T16:00:00,-22.6,5.1,100.4,0.9,2.1
2022-08-25T17:00:00,-22.9,5.01,95.1,0.0,2.1
2022-08-25T18:00:00,-23.0,5.21,96.6,0.0,2.5
2022-08-25T19:00:00,-23.3,5.3,96.8,0.0,2.9
2022-08-25T20:00:00,-23.2,5.61,96.9,0.0,4.2
2022-08-25T21:00:00,-23.2,5.66,94.3,0.0,4.1
2022-08-25T22:00:00,-23.2,5.63,95.6,0.0,4.3
2022-08-25T23:00:00,-23.1,5.77,98.2,0.0,4.7
2022-08-26T00:00:00,-22.2,6.52,94.6,0.0,9.0
2022-08-26T01:00:00,-22.2,6.15,92.7,0.0,6.5
2022-08-26T02:00:00,-22.7,5.61,98.1,0.0,3.9
2022-08-26T03:00:00,-23.3,4.79,99.0,0.0,1.5
2022-08-26T04:00:00,-23.7,4.03,99.4,0.0,0.3
2022-08-26T05:00:00,-23.4,3.89,97.3,0.0,0.2
2022-08-26T06:00:00,-23.2,3.69,95.0,0.0,0.1
2022-08-26T07:00:00,-23.1,3.26,97.6,0.0,0.0
2022-08-26T08:00:00,-23.3,3.12,97.8,2.1,0.0
2022-08-26T09:00:00,-22.7,3.77,92.3,8.5,0.1
2022-08-26T10:00:00,-22.1,5.19,94.2,18.0,2.5
2022-08-26T11:00:00,-21.6,6.24,92.8,16.5,7.0
2022-08-26T12:00:00,-22.1,6.51,94.1,19.7,9.3
2022-08-26T13:00:00,-21.6,6.61,95.8,16.4,9.7
2022-08-26T14:00:00,-21.7,6.05,96.2,16.1,5.8
2022-08-26T15:00:00,-21.8,5.79,95.6,9.4,4.6
2022-08-26T16:00:00,-22.1,5.6,96.7,1.7,3.8
2022-08-26T17:00:00,-22.2,6.02,94.0,0.0,6.2
2022-08-26T18:00:00,-22.0,6.4,97.6,0.0,8.6
2022-08-26T19:00:00,-21.5,6.31,95.0,0.0,7.8
2022-08-26T20:00:00,-21.2,6.13,94.7,0.0,6.6
2022-08-26T21:00:00,-20.6,6.05,93.1,0.0,6.3
2022-08-26T22:00:00,-20.7,5.72,95.6,0.0,4.6
2022-08-26T23:00:00,-21.0,5.98,95.1,0.0,5.9
2022-08-27T00:00:00,-21.4,6.43,94.5,0.0,8.0
2022-08-27T01:00:00,-20.8,6.87,92.9,0.0,11.4
2022-08-27T02:00:00,-20.3,7.28,94.6,0.0,15.0
2022-08-27T03:00:00,-20.0,6.71,94.5,0.0,10.1
2022-08-27T04:00:00,-19.5,6.07,95.4,0.0,6.0
2022-08-27T05:00:00,-19.2,5.51,93.0,0.0,3.8
2022-08-27T06:00:00,-18.7,5.08,96.9,0.0,2.1
2022-08-27T07:00:00,-18.4,5.0,95.6,0.0,2.0
2022-08-27T08:00:00,-17.6,5.49,91.4,2.8,3.4
2022-08-27T09:00:00,-16.9,6.79,94.2,10.7,10.6
2022-08-27T10:00:00,-16.6,7.22,93.6,15.0,15.3
2022-08-27T11:00:00,-16.4,8.04,96.6,21.0,23.4
2022-08-27T12:00:00,-15.7,7.17,91.6,24.0,14.5
2022-08-27T13:00:00,-16.2,6.61,94.9,22.1,9.7
2022-08-27T14:00:00,-16.2,6.53,91.2,18.2,8.9
2022-08-27T15:00:00,-16.2,6.96,92.8,9.1,13.0
2022-08-27T16:00:00,-16.2,6.6,92.8,2.3,9.9
2022-08-27T17:00:00,-16.0,7.1,91.6,0.0,13.9
2022-08-27T18:00:00,-15.5,7.91,88.7,0.0,23.1
2022-08-27T19:00:00,-15.6,7.94,92.1,0.0,23.2
2022-08-27T20:00:00,-16.1,8.71,94.2,0.0,33.5
2022-08-27T21:00:00,-16.3,8.46,91.4,0.0,28.8
2022-08-27T22:00:00,-16.5,8.24,92.5,0.0,26.6
2022-08-27T23:00:00,-16.9,9.14,94.1,0.0,42.0
2022-08-28T00:00:00,-16.3,9.4,90.7,0.0,43.4
2022-08-28T01:00:00,-16.0,9.54,92.5,0.0,46.1
2022-08-28T02:00:00,-17.0,9.08,90.1,0.0,38.5
2022-08-28T03:00:00,-17.7,9.77,93.5,0.0,53.4
2022-08-28T04:00:00,-17.8,9.49,94.1,0.0,46.2
2022-08-28T05:00:00,-17.4,7.42,94.7,0.0,16.0
2022-08-28T06:00:00,-17.3,6.59,94.4,0.0,9.4
2022-08-28T07:00:00,-17.2,7.32,96.9,0.0,16.4
2022-08-28T08:00:00,-17.5,6.6,98.0,3.3,10.0
2022-08-28T09:00:00,-17.7,6.74,94.5,10.6,10.9
2022-08-28T10:00:00,-18.2,6.79,94.4,18.2,11.3
2022-08-28T11:00:00,-18.7,7.16,94.3,18.7,14.7
2022-08-28T12:00:00,-18.1,7.9,91.3,17.7,21.5
2022-08-28T13:00:00,-18.2,7.85,92.4,16.7,22.2
2022-08-28T14:00:00,-18.3,7.43,95.0,16.0,16.7
2022-08-28T15:00:00,-19.3,6.96,89.8,12.3,12.2
2022-08-28T16:00:00,-19.7,6.52,90.7,3.1,8.6
2022-08-28T17:00:00,-19.9,5.59,94.6,0.0,4.1
2022-08-28T18:00:00,-20.1,5.89,93.9,0.0,5.4
2022-08-28T19:00:00,-20.1,6.0,95.5,0.0,5.9
2022-08-28T20:00:00,-20.3,5.74,95.9,0.0,4.8
2022-08-28T21:00:00,-20.1,5.97,95.7,0.0,5.8
2022-08-28T22:00:00,-20.1,6.18,96.2,0.0,6.6
2022-08-28T23:00:00,-20.3,6.26,94.1,0.0,7.3
2022-08-29T00:00:00,-19.6,4.8,94.5,0.0,1.4
2022-08-29T01:00:00,-20.0,5.74,91.5,0.0,4.5
2022-08-29T02:00:00,-20.0,6.21,92.3,0.0,6.9
2022-08-29T03:00:00,-19.6,6.01,93.3,0.0,6.1
2022-08-29T04:00:00,-18.9,6.1,95.2,0.0,6.7
2022-08-29T05:00:00,-18.5,6.14,95.3,0.0,6.4
2022-08-29T06:00:00,-18.1,6.1,95.7,0.0,6.7
2022-08-29T07:00:00,-17.9,5.33,94.9,0.0,3.1
2022-08-29T08:00:00,-17.9,4.57,95.8,4.5,1.0
2022-08-29T09:00:00,-17.8,4.97,94.6,13.6,1.9
2022-08-29T10:00:00,-17.7,5.28,93.7,18.3,2.9
2022-08-29T11:00:00,-18.1,4.38,97.3,23.2,0.8
2022-08-29T12:00:00,-17.9,5.39,91.9,21.6,3.2
2022-08-29T13:00:00,-17.8,5.22,92.1,22.8,2.5
2022-08-29T14:00:00,-19.8,4.03,95.0,18.6,0.3
2022-08-29T15:00:00,-21.2,2.55,98.5,13.6,0.0
2022-08-29T16:00:00,-21.9,3.06,95.5,3.8,0.0
2022-08-29T17:00:00,-22.8,3.05,93.5,0.0,0.0
2022-08-29T18:00:00,-23.7,3.49,90.9,0.0,0.0
2022-08-29T19:00:00,-24.7,4.24,98.9,0.0,0.6
2022-08-29T20:00:00,-26.0,3.6,100.1,0.0,0.1
2022-08-29T21:00:00,-26.7,2.6,98.1,0.0,0.0
2022-08-29T22:00:00,-27.4,2.41,99.7,0.0,0.0
2022-08-29T23:00:00,-27.9,2.62,100.1,0.0,0.0
2022-08-30T00:00:00,-29.5,2.4,102.3,0.0,0.0
2022-08-30T01:00:00,-29.2,2.05,97.6,0.0,0.0
2022-08-30T02:00:00,-27.9,1.91,102.8,0.0,0.0
2022-08-30T03:00:00,-28.4,2.02,96.7,0.0,0.0
2022-08-30T04:00:00,-28.2,2.06,99.8,0.0,0.0
2022-08-30T05:00:00,-27.0,1.7,100.3,0.0,0.0
2022-08-30T06:00:00,-28.1,2.06,97.1,0.0,0.0
2022-08-30T07:00:00,-27.9,2.14,99.1,0.0,0.0
2022-08-30T08:00:00,-27.2,1.91,97.6,4.6,0.0
2022-08-30T09:00:00,-27.8,2.27,101.2,14.4,0.0
2022-08-30T10:00:00,-28.2,2.52,99.1,15.9,0.0
2022-08-30T11:00:00,-27.0,2.06,97.2,18.9,0.0
2022-08-30T12:00:00,-26.9,1.66,96.8,22.0,0.0
2022-08-30T13:00:00,-26.2,1.7,96.7,24.2,0.0
2022-08-30T14:00:00,-27.6,2.05,98.8,18.0,0.0
2022-08-30T15:00:00,-25.8,1.51,100.5,13.0,0.0
2022-08-30T16:00:00,-25.0,0.45,95.5,4.7,0.0
2022-08-30T17:00:00,-25.0,1.28,95.8,0.0,0.0
2022-08-30T18:00:00,-24.9,1.77,99.2,0.0,0.0
2022-08-30T19:00:00,-27.2,2.39,98.7,0.0,0.0
2022-08-30T20:00:00,-26.9,2.28,99.8,0.0,0.0
2022-08-30T21:00:00,-25.0,2.06,99.9,0.0,0.0
2022-08-30T22:00:00,-28.0,2.59,99.4,0.0,0.0
2022-08-30T23:00:00,-24.6,1.9,96.2,0.0,0.0
2022-08-31T00:00:00,-22.8,1.2,96.0,0.0,0.0
2022-08-31T01:00:00,-23.9,2.19,95.9,0.0,0.0
2022-08-31T02:00:00,-20.5,1.53,97.9,0.0,0.0
2022-08-31T03:00:00,-21.0,2.25,96.3,0.0,0.0
2022-08-31T04:00:00,-22.8,3.31,97.6,0.0,0.0
2022-08-31T05:00:00,-22.4,4.11,92.4,0.0,0.4
2022-08-31T06:00:00,-21.3,4.84,94.5,0.0,1.6
2022-08-31T07:00:00,-20.5,4.4,96.9,0.0,0.7
2022-08-31T08:00:00,-21.0,3.7,93.6,6.1,0.1
2022-08-31T09:00:00,-18.8,2.82,95.3,12.9,0.0
2022-08-31T10:00:00,-15.4,2.1,95.3,20.5,0.0
2022-08-31T11:00:00,-14.1,1.58,91.0,22.9,0.0
2022-08-31T12:00:00,-14.7,1.91,91.5,23.3,0.0
2022-08-31T13:00:00,-18.0,4.65,95.0,23.5,1.2
2022-08-31T14:00:00,-17.5,5.39,91.9,21.8,3.1
2022-08-31T15:00:00,-16.9,5.54,94.8,12.6,3.8
2022-08-31T16:00:00,-16.7,5.8,95.7,5.9,4.9
2022-08-31T17:00:00,-16.5,6.32,96.9,0.0,7.5
2022-08-31T18:00:00,-17.0,6.2,96.3,0.0,7.2
2022-08-31T19:00:00,-17.7,5.79,94.1,0.0,4.8
2022-08-31T20:00:00,-17.8,5.87,93.4,0.0,5.2
2022-08-31T21:00:00,-17.8,6.11,94.2,0.0,6.5
2022-08-31T22:00:00,-18.1,6.2,92.7,0.0,7.4
2022-08-31T23:00:00,-17.9,6.4,95.4,0.0,8.2
2022-09-01T00:00:00,-17.7,6.14,89.1,0.0,6.4
2022-09-01T01:00:00,-17.4,6.17,88.3,0.0,7.1
2022-09-01T02:00:00,-16.3,6.21,92.1,0.0,7.0
2022-09-01T03:00:00,-16.2,6.12,93.5,0.0,6.6
2022-09-01T04:00:00,-15.9,6.66,97.1,0.0,10.0
2022-09-01T05:00:00,-15.7,7.11,94.7,0.0,13.2
2022-09-01T06:00:00,-15.3,7.56,94.8,0.0,17.5
2022-09-01T07:00:00,-15.0,8.5,93.5,0.0,31.4
2022-09-01T08:00:00,-14.7,9.76,92.5,7.3,52.2
2022-09-01T09:00:00,-14.6,10.07,92.5,15.5,61.9
2022-09-01T10:00:00,-14.8,9.76,92.2,21.0,50.3
2022-09-01T11:00:00,-14.9,9.4,90.9,22.4,45.0
2022-09-01T12:00:00,-17.2,7.71,94.6,22.8,20.5
2022-09-01T13:00:00,-16.3,7.93,91.7,19.4,21.9
2022-09-01T14:00:00,-15.4,8.4,90.8,20.6,29.8
2022-09-01T15:00:00,-14.8,9.32,90.1,11.5,42.2
2022-09-01T16:00:00,-14.6,9.13,88.6,5.9,39.2
2022-09-01T17:00:00,-14.5,8.79,93.0,0.0,34.7
2022-09-01T18:00:00,-14.6,7.9,92.3,0.0,22.0
2022-09-01T19:00:00,-14.7,6.57,94.3,0.0,9.0
2022-09-01T20:00:00,-14.8,5.69,92.6,0.0,4.4
2022-09-01T21:00:00,-14.9,4.88,91.6,0.0,1.7
2022-09-01T22:00:00,-15.4,4.06,94.6,0.0,0.3
2022-09-01T23:00:00,-15.7,3.99,94.7,0.0,0.3
2022-09-02T00:00:00,-16.8,3.18,91.5,0.0,0.0
2022-09-02T01:00:00,-15.7,4.17,92.4,0.0,0.5
2022-09-02T02:00:00,-15.9,3.09,92.0,0.0,0.0
2022-09-02T03:00:00,-17.2,2.91,91.9,0.0,0.0
2022-09-02T04:00:00,-17.4,3.14,94.4,0.0,0.0
2022-09-02T05:00:00,-16.6,3.34,95.0,0.0,0.0
2022-09-02T06:00:00,-16.0,3.63,90.6,0.0,0.1
2022-09-02T07:00:00,-15.2,4.25,89.1,0.0,0.6
2022-09-02T08:00:00,-15.2,4.61,92.6,6.6,1.1
2022-09-02T09:00:00,-15.0,5.35,93.9,13.3,3.2
2022-09-02T10:00:00,-14.7,6.36,92.3,23.3,7.7
2022-09-02T11:00:00,-14.5,7.28,91.0,20.2,15.7
2022-09-02T12:00:00,-14.0,6.8,91.9,22.0,10.8
2022-09-02T13:00:00,-13.4,7.61,91.9,24.8,19.7
2022-09-02T14:00:00,-13.4,9.19,92.4,22.6,43.3
2022-09-02T15:00:00,-13.1,9.84,91.5,12.5,54.7
2022-09-02T16:00:00,-13.1,10.47,90.7,7.5,70.9
2022-09-02T17:00:00,-13.1,10.44,91.6,0.0,66.9
2022-09-02T18:00:00,-13.1,10.25,93.4,0.0,66.5
2022-09-02T19:00:00,-13.1,10.1,89.2,0.0,58.5
2022-09-02T20:00:00,-12.8,10.5,93.1,0.0,68.5
2022-09-02T21:00:00,-12.2,10.55,89.0,0.0,70.9
2022-09-02T22:00:00,-11.5,10.96,91.2,0.0,78.4
2022-09-02T23:00:00,-10.9,10.83,89.1,0.0,78.5
2022-09-03T00:00:00,-10.0,13.62,85.1,0.0,110.8
2022-09-03T01:00:00,-9.9,12.34,91.4,0.0,109.1
2022-09-03T02:00:00,-9.0,13.26,93.8,0.0,108.3
2022-09-03T03:00:00,-8.6,16.89,86.9,0.0,110.5
2022-09-03T04:00:00,-8.1,16.89,91.1,0.0,114.3
2022-09-03T05:00:00,-7.7,18.99,92.0,0.0,110.4
2022-09-03T06:00:00,-7.0,17.44,90.6,0.0,113.3
2022-09-03T07:00:00,-6.2,14.5,87.6,0.0,117.8
2022-09-03T08:00:00,-6.2,12.13,93.5,8.1,114.4
2022-09-03T09:00:00,-7.5,12.18,91.7,14.9,110.8
2022-09-03T10:00:00,-9.0,12.01,91.7,23.6,113.3
2022-09-03T11:00:00,-10.4,11.67,90.3,25.2,100.6
2022-09-03T12:00:00,-9.9,13.71,90.0,24.7,116.8
2022-09-03T13:00:00,-8.8,21.31,91.4,26.9,110.4
2022-09-03T14:00:00,-10.8,21.1,89.3,17.7,115.4
2022-09-03T15:00:00,-11.8,20.22,90.3,15.8,118.4
2022-09-03T16:00:00,-11.2,18.46,92.6,8.2,115.6
2022-09-03T17:00:00,-11.3,15.29,90.5,0.0,116.0
2022-09-03T18:00:00,-10.3,13.71,92.6,0.0,112.7
2022-09-03T19:00:00,-9.5,13.96,90.9,0.0,114.5
2022-09-03T20:00:00,-9.7,12.87,93.5,0.0,118.2
2022-09-03T21:00:00,-9.6,11.34,88.1,0.0,96.9
2022-09-03T22:00:00,-9.0,10.69,92.3,0.0,72.8
2022-09-03T23:00:00,-8.0,12.08,86.6,0.0,119.5
2022-09-04T00:00:00,-7.5,11.87,91.0,0.0,111.7
2022-09-04T01:00:00,-7.7,11.89,88.9,0.0,108.0
2022-09-04T02:00:00,-7.3,11.36,90.6,0.0,95.8
2022-09-04T03:00:00,-7.1,9.44,92.9,0.0,45.4
2022-09-04T04:00:00,-7.1,7.25,86.7,0.0,15.5
2022-09-04T05:00:00,-7.2,5.64,87.9,0.0,4.2
2022-09-04T06:00:00,-6.2,7.75,88.9,0.0,19.4
2022-09-04T07:00:00,-5.7,9.3,92.0,0.0,45.1
2022-09-04T08:00:00,-5.4,9.95,89.9,9.6,54.3
2022-09-04T09:00:00,-5.3,9.96,87.5,14.8,55.5
2022-09-04T10:00:00,-5.5,9.54,89.2,18.2,49.9
2022-09-04T11:00:00,-5.6,10.27,89.6,24.6,61.7
2022-09-04T12:00:00,-6.3,9.62,92.9,22.9,48.8
2022-09-04T13:00:00,-6.8,10.58,90.3,27.3,70.0
2022-09-04T14:00:00,-7.4,10.93,89.7,24.0,84.5
2022-09-04T15:00:00,-7.9,11.66,89.7,17.3,100.1
2022-09-04T16:00:00,-8.3,10.76,92.8,8.5,76.4
2022-09-04T17:00:00,-8.6,9.55,90.6,0.0,47.3
2022-09-04T18:00:00,-8.7,9.8,90.7,0.0,52.1
2022-09-04T19:00:00,-8.7,11.8,90.7,0.0,104.9
2022-09-04T20:00:00,-9.3,13.62,89.4,0.0,109.2
2022-09-04T21:00:00,-11.4,14.5,91.7,0.0,109.2
2022-09-04T22:00:00,-11.0,14.87,88.3,0.0,109.6
2022-09-04T23:00:00,-12.8,17.53,91.6,0.0,112.8
2022-09-05T00:00:00,-14.5,18.43,88.9,0.0,112.9
2022-09-05T01:00:00,-14.7,16.73,94.1,0.0,112.4
2022-09-05T02:00:00,-15.3,16.2,90.9,0.0,108.6
2022-09-05T03:00:00,-15.7,15.4,93.1,0.0,118.0
2022-09-05T04:00:00,-15.7,14.88,94.4,0.0,113.6
2022-09-05T05:00:00,-15.9,13.05,90.6,0.0,118.5
2022-09-05T06:00:00,-16.1,11.27,94.8,0.0,88.1
2022-09-05T07:00:00,-16.0,11.04,91.7,0.0,83.1
2022-09-05T08:00:00,-15.9,10.38,94.3,8.2,66.5
2022-09-05T09:00:00,-15.8,8.96,94.1,19.1,37.1
2022-09-05T10:00:00,-15.7,8.51,92.7,18.9,30.1
2022-09-05T11:00:00,-15.8,7.51,94.0,29.2,18.3
2022-09-05T12:00:00,-15.3,5.8,91.7,29.2,4.9
2022-09-05T13:00:00,-15.1,5.1,92.3,25.1,2.1
2022-09-05T14:00:00,-14.8,4.34,91.3,18.7,0.7
2022-09-05T15:00:00,-14.4,4.81,94.3,14.0,1.6
2022-09-05T16:00:00,-14.2,6.94,92.9,10.0,11.7
2022-09-05T17:00:00,-14.3,7.81,88.8,0.0,21.0
2022-09-05T18:00:00,-14.6,7.65,90.4,0.0,19.6
2022-09-05T19:00:00,-15.3,7.12,91.9,0.0,13.8
2022-09-05T20:00:00,-15.4,6.3,93.3,0.0,7.7
2022-09-05T21:00:00,-15.3,5.41,91.4,0.0,3.2
2022-09-05T22:00:00,-16.0,5.07,91.5,0.0,2.2
2022-09-05T23:00:00,-16.8,4.97,92.0,0.0,1.8
2022-09-06T00:00:00,-15.9,5.44,94.0,0.0,3.5
2022-09-06T01:00:00,-16.3,5.46,95.2,0.0,3.5
2022-09-06T02:00:00,-16.5,5.88,95.0,0.0,5.0
2022-09-06T03:00:00,-16.7,5.78,95.1,0.0,4.8
2022-09-06T04:00:00,-16.4,5.41,92.3,0.0,3.4
2022-09-06T05:00:00,-15.9,4.94,91.5,0.0,1.9
2022-09-06T06:00:00,-16.1,4.33,94.7,0.0,0.7
2022-09-06T07:00:00,-16.7,3.38,93.3,0.0,0.0
2022-09-06T08:00:00,-17.4,2.68,90.6,11.1,0.0
2022-09-06T09:00:00,-17.6,2.28,94.5,19.3,0.0
2022-09-06T10:00:00,-18.0,2.33,92.8,19.0,0.0
2022-09-06T11:00:00,-19.1,2.78,96.6,27.4,0.0
2022-09-06T12:00:00,-19.7,4.12,94.4,23.5,0.4
2022-09-06T13:00:00,-19.3,4.65,94.6,24.5,1.2
2022-09-06T14:00:00,-19.1,5.08,94.2,22.6,2.2
2022-09-06T15:00:00,-19.2,5.28,98.0,15.9,2.8
2022-09-06T16:00:00,-19.3,5.38,92.0,10.5,3.2
2022-09-06T17:00:00,-19.5,5.28,95.2,0.0,2.7
2022-09-06T18:00:00,-19.7,5.14,93.4,0.0,2.4
2022-09-06T19:00:00,-20.1,5.04,92.4,0.0,2.2
2022-09-06T20:00:00,-20.2,5.1,93.1,0.0,2.1
2022-09-06T21:00:00,-20.2,5.26,97.1,0.0,2.7
2022-09-06T22:00:00,-20.3,5.36,93.4,0.0,3.2
2022-09-06T23:00:00,-20.5,5.26,94.2,0.0,2.7
2022-09-07T00:00:00,-21.1,5.29,95.5,0.0,2.9
2022-09-07T01:00:00,-21.2,5.29,94.0,0.0,2.7
2022-09-07T02:00:00,-21.4,5.12,96.6,0.0,2.3
2022-09-07T03:00:00,-21.5,4.81,95.8,0.0,1.5
2022-09-07T04:00:00,-21.2,4.49,96.5,0.0,0.9
2022-09-07T05:00:00,-21.4,3.81,96.9,0.0,0.2
2022-09-07T06:00:00,-21.7,3.14,97.3,0.0,0.0
2022-09-07T07:00:00,-21.5,2.26,94.3,0.6,0.0
2022-09-07T08:00:00,-20.5,1.91,97.0,10.5,0.0
2022-09-07T09:00:00,-21.1,2.19,99.6,18.2,0.0
2022-09-07T10:00:00,-22.7,3.11,96.6,25.3,0.0
2022-09-07T11:00:00,-23.1,3.66,93.4,24.3,0.1
2022-09-07T12:00:00,-25.1,3.61,96.9,22.7,0.1
2022-09-07T13:00:00,-24.7,2.52,102.0,27.9,0.0
2022-09-07T14:00:00,-25.5,2.93,96.6,26.1,0.0
2022-09-07T15:00:00,-25.6,3.01,99.7,17.3,0.0
2022-09-07T16:00:00,-25.8,3.81,96.0,11.5,0.2
2022-09-07T17:00:00,-25.0,4.62,98.1,0.5,1.1
2022-09-07T18:00:00,-24.9,4.74,100.5,0.0,1.3
2022-09-07T19:00:00,-25.0,4.69,96.6,0.0,1.2
2022-09-07T20:00:00,-25.0,4.79,97.7,0.0,1.4
2022-09-07T21:00:00,-24.9,4.92,97.6,0.0,1.7
2022-09-07T22:00:00,-25.0,4.8,94.9,0.0,1.5
2022-09-07T23:00:00,-26.0,4.01,100.7,0.0,0.3
2022-09-08T00:00:00,-27.2,3.42,100.7,0.0,0.0
2022-09-08T01:00:00,-26.3,3.52,99.1,0.0,0.1
2022-09-08T02:00:00,-25.2,2.55,96.9,0.0,0.0
2022-09-08T03:00:00,-22.7,1.73,99.9,0.0,0.0
2022-09-08T04:00:00,-23.9,1.9,95.3,0.0,0.0
2022-09-08T05:00:00,-22.2,1.39,97.3,0.0,0.0
2022-09-08T06:00:00,-22.1,1.03,96.4,0.0,0.0
2022-09-08T07:00:00,-24.4,2.59,98.1,1.4,0.0
2022-09-08T08:00:00,-24.4,3.76,92.7,12.5,0.1
2022-09-08T09:00:00,-25.0,3.76,99.1,16.4,0.1
2022-09-08T10:00:00,-26.7,3.18,103.0,23.4,0.0
2022-09-08T11:00:00,-27.6,3.4,99.0,29.3,0.0
2022-09-08T12:00:00,-23.0,1.12,95.5,28.9,0.0
2022-09-08T13:00:00,-23.3,1.63,97.6,23.0,0.0
2022-09-08T14:00:00,-23.8,1.78,98.3,27.0,0.0
2022-09-08T15:00:00,-23.3,1.35,96.1,21.0,0.0
2022-09-08T16:00:00,-25.8,2.45,100.3,10.4,0.0
2022-09-08T17:00:00,-27.7,3.31,100.9,1.7,0.0
2022-09-08T18:00:00,-26.9,3.98,95.7,0.0,0.3
2022-09-08T19:00:00,-26.7,3.0,96.9,0.0,0.0
2022-09-08T20:00:00,-26.2,4.31,98.4,0.0,0.6
2022-09-08T21:00:00,-24.6,3.47,96.9,0.0,0.0
2022-09-08T22:00:00,-25.1,2.62,100.3,0.0,0.0
2022-09-08T23:00:00,-24.6,3.28,96.5,0.0,0.0
2022-09-09T00:00:00,-24.6,5.1,103.5,0.0,2.2
2022-09-09T01:00:00,-24.9,5.24,96.9,0.0,2.6
2022-09-09T02:00:00,-24.3,5.14,100.8,0.0,2.3
2022-09-09T03:00:00,-24.4,4.4,99.0,0.0,0.7
2022-09-09T04:00:00,-24.1,4.03,96.6,0.0,0.3
2022-09-09T05:00:00,-24.1,3.42,97.1,0.0,0.0
2022-09-09T06:00:00,-23.5,3.11,97.1,0.0,0.0
2022-09-09T07:00:00,-23.0,3.4,97.0,2.4,0.0
2022-09-09T08:00:00,-23.2,3.36,94.7,13.3,0.0
2022-09-09T09:00:00,-23.5,2.44,96.5,16.7,0.0
2022-09-09T10:00:00,-20.9,0.82,96.2,27.0,0.0
2022-09-09T11:00:00,-20.6,0.32,97.5,22.9,0.0
2022-09-09T12:00:00,-20.5,0.76,95.7,26.1,0.0
2022-09-09T13:00:00,-19.9,0.9,95.8,25.7,0.0
2022-09-09T14:00:00,-20.4,1.4,96.6,23.7,0.0
2022-09-09T15:00:00,-19.7,0.98,100.2,18.0,0.0
2022-09-09T16:00:00,-19.5,0.72,96.2,11.1,0.0
2022-09-09T17:00:00,-19.3,0.42,96.4,2.1,0.0
2022-09-09T18:00:00,-21.6,2.28,95.3,0.0,0.0
2022-09-09T19:00:00,-21.9,3.61,94.9,0.0,0.1
2022-09-09T20:00:00,-22.1,2.42,98.1,0.0,0.0
2022-09-09T21:00:00,-18.8,1.39,98.4,0.0,0.0
2022-09-09T22:00:00,-18.3,1.41,93.9,0.0,0.0
2022-09-09T23:00:00,-17.7,1.34,93.5,0.0,0.0
2022-09-10T00:00:00,-16.6,0.64,91.7,0.0,0.0
2022-09-10T01:00:00,-15.9,0.92,89.3,0.0,0.0
2022-09-10T02:00:00,-14.7,1.21,90.3,0.0,0.0
2022-09-10T03:00:00,-16.2,3.84,96.2,0.0,0.2
2022-09-10T04:00:00,-14.3,5.03,90.6,0.0,2.0
2022-09-10T05:00:00,-15.6,2.12,93.7,0.0,0.0
2022-09-10T06:00:00,-13.3,1.36,88.4,0.0,0.0
2022-09-10T07:00:00,-15.2,3.74,94.5,3.2,0.1
2022-09-10T08:00:00,-15.3,3.2,94.5,14.0,0.0
2022-09-10T09:00:00,-14.1,1.9,92.7,19.3,0.0
2022-09-10T10:00:00,-13.4,1.81,91.5,24.8,0.0
2022-09-10T11:00:00,-15.8,3.44,93.3,24.0,0.0
2022-09-10T12:00:00,-15.6,2.71,91.8,29.4,0.0
2022-09-10T13:00:00,-14.3,2.12,92.2,31.3,0.0
2022-09-10T14:00:00,-12.0,1.6,89.1,27.2,0.0
2022-09-10T15:00:00,-12.1,1.73,88.6,20.8,0.0
2022-09-10T16:00:00,-11.7,1.48,94.0,12.1,0.0
2022-09-10T17:00:00,-13.8,2.31,95.4,3.2,0.0
2022-09-10T18:00:00,-14.8,3.71,91.5,0.0,0.1
2022-09-10T19:00:00,-13.3,4.4,92.3,0.0,0.8
2022-09-10T20:00:00,-12.3,4.7,87.5,0.0,1.3
2022-09-10T21:00:00,-11.8,5.1,93.5,0.0,2.3
2022-09-10T22:00:00,-11.1,5.6,91.3,0.0,4.1
2022-09-10T23:00:00,-10.7,6.0,90.9,0.0,6.1
2022-09-11T00:00:00,-9.6,7.5,93.4,0.0,16.6
2022-09-11T01:00:00,-9.0,7.41,91.6,0.0,16.1
2022-09-11T02:00:00,-8.2,8.7,89.9,0.0,33.0
2022-09-11T03:00:00,-8.0,9.02,86.4,0.0,38.9
2022-09-11T04:00:00,-7.7,8.31,89.3,0.0,27.2
2022-09-11T05:00:00,-7.7,7.26,86.8,0.0,15.0
2022-09-11T06:00:00,-7.8,7.28,89.1,0.0,16.0
2022-09-11T07:00:00,-7.9,6.89,91.0,4.6,11.4
2022-09-11T08:00:00,-8.1,7.23,86.4,12.1,14.6
2022-09-11T09:00:00,-8.0,8.78,92.3,21.7,35.6
2022-09-11T10:00:00,-8.1,9.3,88.6,26.2,43.5
2022-09-11T11:00:00,-8.8,8.13,88.6,29.2,25.5
2022-09-11T12:00:00,-8.9,6.93,93.3,33.8,12.2
2022-09-11T13:00:00,-9.0,5.92,87.4,25.9,5.5
2022-09-11T14:00:00,-10.7,3.4,90.2,21.1,0.0
2022-09-11T15:00:00,-10.9,3.61,91.3,20.8,0.1
2022-09-11T16:00:00,-11.4,3.14,89.0,12.0,0.0
2022-09-11T17:00:00,-11.2,3.13,91.7,3.8,0.0
2022-09-11T18:00:00,-11.5,2.94,89.9,0.0,0.0
2022-09-11T19:00:00,-11.4,3.37,91.9,0.0,0.0
2022-09-11T20:00:00,-11.2,4.11,89.8,0.0,0.4
2022-09-11T21:00:00,-10.8,5.41,93.1,0.0,3.2
2022-09-11T22:00:00,-10.5,7.18,94.8,0.0,13.8
2022-09-11T23:00:00,-10.5,7.96,88.7,0.0,23.2
2022-09-12T00:00:00,-10.2,9.1,89.7,0.0,39.4
2022-09-12T01:00:00,-10.1,9.29,89.2,0.0,45.0
2022-09-12T02:00:00,-10.2,8.68,91.8,0.0,32.9
2022-09-12T03:00:00,-10.4,8.57,87.7,0.0,31.4
2022-09-12T04:00:00,-10.3,8.6,91.1,0.0,31.4
2022-09-12T05:00:00,-10.2,8.13,90.7,0.0,26.2
2022-09-12T06:00:00,-10.1,7.28,89.5,0.0,14.6
2022-09-12T07:00:00,-10.1,6.3,90.3,4.2,7.2
2022-09-12T08:00:00,-10.1,5.51,89.4,12.8,3.6
2022-09-12T09:00:00,-10.5,5.02,89.7,22.3,1.9
2022-09-12T10:00:00,-11.1,5.12,91.0,22.3,2.3
2022-09-12T11:00:00,-11.6,5.5,92.7,30.4,3.5
2022-09-12T12:00:00,-11.1,4.82,91.9,27.6,1.6
2022-09-12T13:00:00,-10.9,5.43,87.8,29.1,3.4
2022-09-12T14:00:00,-11.3,6.11,91.4,25.5,6.3
2022-09-12T15:00:00,-10.9,6.24,89.1,20.4,7.6
2022-09-12T16:00:00,-10.4,6.71,88.4,15.2,10.0
2022-09-12T17:00:00,-9.4,7.52,89.5,5.1,17.4
2022-09-12T18:00:00,-8.8,7.48,89.2,0.0,18.0
2022-09-12T19:00:00,-8.2,8.58,93.7,0.0,31.9
2022-09-12T20:00:00,-7.8,9.05,88.6,0.0,38.1
2022-09-12T21:00:00,-7.7,10.22,85.5,0.0,64.7
2022-09-12T22:00:00,-7.6,11.68,91.7,0.0,100.9
2022-09-12T23:00:00,-7.2,12.82,89.7,0.0,109.9
2022-09-13T00:00:00,-6.9,16.81,90.6,0.0,114.3
2022-09-13T01:00:00,-7.0,17.9,89.2,0.0,111.9
2022-09-13T02:00:00,-7.0,17.81,90.1,0.0,108.2
2022-09-13T03:00:00,-7.1,17.02,87.0,0.0,115.2
2022-09-13T04:00:00,-7.4,14.85,90.6,0.0,112.5
2022-09-13T05:00:00,-7.7,12.43,90.7,0.0,117.4
2022-09-13T06:00:00,-8.0,11.88,86.2,0.0,109.7
2022-09-13T07:00:00,-8.4,12.54,89.3,6.2,115.2
2022-09-13T08:00:00,-8.7,13.4,90.5,15.5,117.2
2022-09-13T09:00:00,-9.0,13.94,90.0,24.2,109.3
2022-09-13T10:00:00,-9.4,13.88,89.8,26.8,119.5
2022-09-13T11:00:00,-9.6,13.95,92.6,30.7,117.5
2022-09-13T12:00:00,-10.3,13.06,86.6,29.3,109.3
2022-09-13T13:00:00,-10.3,13.54,90.4,33.9,119.0
2022-09-13T14:00:00,-10.5,14.3,89.7,28.1,113.4
2022-09-13T15:00:00,-10.7,15.12,88.8,21.6,108.1
2022-09-13T16:00:00,-10.9,13.16,90.2,12.4,114.9
2022-09-13T17:00:00,-11.0,13.47,92.1,5.3,111.9
2022-09-13T18:00:00,-11.0,13.19,88.9,0.0,113.8
2022-09-13T19:00:00,-11.0,13.1,93.5,0.0,111.3
2022-09-13T20:00:00,-10.9,12.53,89.8,0.0,111.7
2022-09-13T21:00:00,-10.8,12.44,89.0,0.0,108.1
2022-09-13T22:00:00,-10.8,12.4,88.0,0.0,112.3
2022-09-13T23:00:00,-10.8,12.63,88.5,0.0,108.7
2022-09-14T00:00:00,-10.5,10.77,84.2,0.0,79.7
2022-09-14T01:00:00,-10.5,11.07,87.2,0.0,88.6
2022-09-14T02:00:00,-10.5,10.9,91.2,0.0,83.4
2022-09-14T03:00:00,-10.4,10.75,89.9,0.0,73.1
2022-09-14T04:00:00,-10.2,10.66,88.8,0.0,71.0
2022-09-14T05:00:00,-10.1,10.32,90.9,0.0,68.7
2022-09-14T06:00:00,-10.0,9.4,90.0,0.0,43.6
2022-09-14T07:00:00,-9.9,8.99,88.9,5.4,39.2
2022-09-14T08:00:00,-9.9,8.79,92.1,16.0,33.9
2022-09-14T09:00:00,-9.9,8.42,90.4,22.0,30.2
2022-09-14T10:00:00,-10.1,7.52,90.0,24.6,18.0
2022-09-14T11:00:00,-10.0,6.68,92.4,29.1,10.2
2022-09-14T12:00:00,-9.9,7.43,94.2,34.8,16.5
2022-09-14T13:00:00,-9.8,8.01,90.9,32.8,23.0
2022-09-14T14:00:00,-9.6,8.08,91.2,30.8,24.7
2022-09-14T15:00:00,-9.9,6.26,88.2,25.5,7.7
2022-09-14T16:00:00,-9.9,4.79,91.8,16.1,1.5
2022-09-14T17:00:00,-10.0,5.04,88.6,7.0,2.2
2022-09-14T18:00:00,-9.9,5.61,89.9,0.0,3.9
2022-09-14T19:00:00,-9.7,6.03,91.0,0.0,6.1
2022-09-14T20:00:00,-9.7,6.12,85.3,0.0,6.8
2022-09-14T21:00:00,-9.8,6.87,92.6,0.0,12.3
2022-09-14T22:00:00,-9.9,7.18,89.9,0.0,14.0
2022-09-14T23:00:00,-9.9,7.07,87.8,0.0,13.9
2022-09-15T00:00:00,-10.8,8.44,93.9,0.0,28.3
2022-09-15T01:00:00,-9.9,7.76,89.3,0.0,19.7
2022-09-15T02:00:00,-10.5,7.27,87.5,0.0,15.8
2022-09-15T03:00:00,-10.4,6.74,91.8,0.0,10.7
2022-09-15T04:00:00,-9.7,8.04,89.1,0.0,24.4
2022-09-15T05:00:00,-9.9,10.63,88.2,0.0,73.1
2022-09-15T06:00:00,-10.4,10.87,91.2,0.0,83.5
2022-09-15T07:00:00,-10.8,9.21,90.8,6.1,40.1
2022-09-15T08:00:00,-11.1,7.26,88.0,14.8,15.6
2022-09-15T09:00:00,-11.5,5.98,89.5,20.8,6.0
2022-09-15T10:00:00,-11.7,4.6,89.3,28.0,1.1
2022-09-15T11:00:00,-11.9,3.89,92.0,36.0,0.2
2022-09-15T12:00:00,-12.8,4.01,90.8,28.9,0.3
2022-09-15T13:00:00,-13.3,4.41,92.6,25.9,0.8
2022-09-15T14:00:00,-14.4,4.81,92.3,26.4,1.5
2022-09-15T15:00:00,-14.9,4.43,97.5,18.7,0.8
2022-09-15T16:00:00,-15.1,4.33,91.8,18.0,0.6
2022-09-15T17:00:00,-15.7,4.43,90.9,7.3,0.8
2022-09-15T18:00:00,-16.0,4.3,91.7,0.0,0.6
2022-09-15T19:00:00,-16.3,4.12,93.9,0.0,0.4
2022-09-15T20:00:00,-16.6,3.58,90.2,0.0,0.1
2022-09-15T21:00:00,-16.2,3.52,93.5,0.0,0.0
2022-09-15T22:00:00,-15.1,4.31,93.2,0.0,0.6
2022-09-15T23:00:00,-13.2,5.71,89.8,0.0,4.3
2022-09-16T00:00:00,-16.0,3.9,91.6,0.0,0.2
2022-09-16T01:00:00,-13.0,5.62,94.0,0.0,4.3
2022-09-16T02:00:00,-11.9,6.62,88.3,0.0,9.7
2022-09-16T03:00:00,-11.6,6.92,88.9,0.0,11.5
2022-09-16T04:00:00,-11.2,7.09,90.4,0.0,12.9
2022-09-16T05:00:00,-10.6,6.96,89.4,0.0,12.1
2022-09-16T06:00:00,-10.1,6.86,88.2,0.0,12.1
2022-09-16T07:00:00,-9.8,6.75,85.6,8.9,10.7
2022-09-16T08:00:00,-9.8,6.55,86.9,18.2,9.7
2022-09-16T09:00:00,-10.0,6.73,89.1,21.5,10.3
2022-09-16T10:00:00,-10.2,7.1,89.0,23.4,13.9
2022-09-16T11:00:00,-10.8,7.21,93.0,31.3,14.3
2022-09-16T12:00:00,-11.0,7.26,90.9,31.7,15.0
2022-09-16T13:00:00,-11.6,7.5,86.7,29.2,17.1
2022-09-16T14:00:00,-12.1,7.32,91.2,31.6,16.4
2022-09-16T15:00:00,-12.2,7.58,90.0,25.6,17.8
2022-09-16T16:00:00,-12.3,7.24,96.0,18.6,15.2
2022-09-16T17:00:00,-12.4,6.83,95.9,7.5,10.8
2022-09-16T18:00:00,-12.9,6.1,92.2,0.0,6.6
2022-09-16T19:00:00,-13.3,5.42,94.6,0.0,3.1
2022-09-16T20:00:00,-14.0,4.83,92.3,0.0,1.6
2022-09-16T21:00:00,-14.4,4.51,91.3,0.0,0.9
2022-09-16T22:00:00,-14.6,4.41,91.4,0.0,0.8
2022-09-16T23:00:00,-14.4,4.51,93.3,0.0,0.9
2022-09-17T00:00:00,-14.9,4.62,94.6,0.0,1.1
2022-09-17T01:00:00,-13.5,4.5,92.2,0.0,0.9
2022-09-17T02:00:00,-13.7,3.9,91.8,0.0,0.2
2022-09-17T03:00:00,-13.5,3.4,92.4,0.0,0.0
2022-09-17T04:00:00,-13.0,3.22,86.8,0.0,0.0
2022-09-17T05:00:00,-13.2,2.28,91.0,0.0,0.0
2022-09-17T06:00:00,-12.0,1.06,92.8,0.0,0.0
2022-09-17T07:00:00,-12.7,0.2,91.8,9.7,0.0
2022-09-17T08:00:00,-13.1,0.41,89.8,19.4,0.0
2022-09-17T09:00:00,-13.5,0.6,90.7,21.0,0.0
2022-09-17T10:00:00,-14.2,0.5,90.5,27.6,0.0
2022-09-17T11:00:00,-15.8,1.36,92.1,32.3,0.0
2022-09-17T12:00:00,-16.7,1.24,93.1,35.0,0.0
2022-09-17T13:00:00,-20.3,3.0,96.3,34.2,0.0
2022-09-17T14:00:00,-19.2,3.78,96.7,33.8,0.1
2022-09-17T15:00:00,-19.2,3.77,94.3,23.8,0.1
2022-09-17T16:00:00,-19.6,3.58,95.3,16.9,0.1
2022-09-17T17:00:00,-18.7,3.89,96.9,9.5,0.2
2022-09-17T18:00:00,-17.3,4.39,94.3,0.0,0.7
2022-09-17T19:00:00,-18.2,4.2,92.9,0.0,0.5
2022-09-17T20:00:00,-18.3,3.68,92.4,0.0,0.1
2022-09-17T21:00:00,-18.3,3.68,97.1,0.0,0.1
2022-09-17T22:00:00,-19.3,2.95,95.1,0.0,0.0
2022-09-17T23:00:00,-18.9,1.84,91.4,0.0,0.0
2022-09-18T00:00:00,-16.8,5.22,88.2,0.0,2.5
2022-09-18T01:00:00,-18.3,4.86,95.9,0.0,1.7
2022-09-18T02:00:00,-17.9,4.68,96.6,0.0,1.3
2022-09-18T03:00:00,-17.0,4.18,96.7,0.0,0.5
2022-09-18T04:00:00,-18.0,2.97,93.9,0.0,0.0
2022-09-18T05:00:00,-14.6,1.5,91.9,0.0,0.0
2022-09-18T06:00:00,-13.7,0.51,91.4,0.0,0.0
2022-09-18T07:00:00,-13.1,0.81,92.3,9.9,0.0
2022-09-18T08:00:00,-12.8,0.89,92.6,16.1,0.0
2022-09-18T09:00:00,-12.9,0.4,93.5,21.8,0.0
2022-09-18T10:00:00,-12.7,1.14,93.4,24.4,0.0
2022-09-18T11:00:00,-15.0,2.42,87.2,28.0,0.0
2022-09-18T12:00:00,-17.4,3.4,97.9,32.4,0.0
2022-09-18T13:00:00,-15.3,5.12,94.3,36.9,2.4
2022-09-18T14:00:00,-14.6,6.01,93.6,32.7,6.0
2022-09-18T15:00:00,-14.5,6.35,94.9,23.4,8.0
2022-09-18T16:00:00,-14.2,6.73,93.4,17.0,10.9
2022-09-18T17:00:00,-14.2,6.91,95.2,10.4,12.1
2022-09-18T18:00:00,-14.3,6.63,92.9,0.0,9.4
2022-09-18T19:00:00,-14.3,6.11,93.5,0.0,6.6
2022-09-18T20:00:00,-14.6,5.82,93.3,0.0,4.9
2022-09-18T21:00:00,-14.6,5.89,90.6,0.0,5.3
2022-09-18T22:00:00,-14.8,6.24,92.1,0.0,7.3
2022-09-18T23:00:00,-14.7,6.41,96.3,0.0,8.2
2022-09-19T00:00:00,-14.7,6.26,89.2,0.0,7.3
2022-09-19T01:00:00,-14.3,6.75,93.7,0.0,10.6
2022-09-19T02:00:00,-14.0,6.51,91.9,0.0,8.8
2022-09-19T03:00:00,-13.7,6.51,92.5,0.0,9.1
2022-09-19T04:00:00,-13.3,6.43,90.1,0.0,8.7
2022-09-19T05:00:00,-12.8,6.1,92.8,0.0,6.7
2022-09-19T06:00:00,-12.6,5.45,90.9,0.0,3.3
2022-09-19T07:00:00,-12.5,4.83,90.5,11.2,1.6
2022-09-19T08:00:00,-12.8,4.24,87.5,18.5,0.5
2022-09-19T09:00:00,-13.5,3.71,91.8,29.1,0.1
2022-09-19T10:00:00,-14.3,3.79,92.9,31.3,0.2
2022-09-19T11:00:00,-14.8,4.27,91.1,31.1,0.6
2022-09-19T12:00:00,-16.7,4.25,93.8,34.7,0.5
2022-09-19T13:00:00,-16.6,4.52,95.8,36.9,1.0
2022-09-19T14:00:00,-16.8,4.43,92.1,26.0,0.8
2022-09-19T15:00:00,-16.7,4.54,90.2,23.5,1.0
2022-09-19T16:00:00,-16.4,5.06,90.9,17.3,2.1
2022-09-19T17:00:00,-16.4,5.15,89.8,10.6,2.3
2022-09-19T18:00:00,-16.6,5.04,92.2,0.0,2.1
2022-09-19T19:00:00,-16.8,4.92,97.0,0.0,1.8
2022-09-19T20:00:00,-17.2,4.8,92.3,0.0,1.5
2022-09-19T21:00:00,-17.5,4.5,89.9,0.0,0.9
2022-09-19T22:00:00,-17.6,4.5,95.3,0.0,0.9
2022-09-19T23:00:00,-17.7,4.51,94.7,0.0,0.9
2022-09-20T00:00:00,-18.0,5.7,93.5,0.0,4.4
2022-09-20T01:00:00,-18.2,5.61,92.9,0.0,4.0
2022-09-20T02:00:00,-18.9,4.48,90.0,0.0,0.9
2022-09-20T03:00:00,-18.7,2.26,95.7,0.0,0.0
2022-09-20T04:00:00,-17.6,1.53,95.9,0.0,0.0
2022-09-20T05:00:00,-18.5,2.42,91.9,0.0,0.0
2022-09-20T06:00:00,-18.0,3.31,91.4,0.0,0.0
2022-09-20T07:00:00,-17.7,3.68,90.1,9.6,0.1
2022-09-20T08:00:00,-18.2,3.89,94.7,20.4,0.2
2022-09-20T09:00:00,-18.8,3.18,92.8,28.1,0.0
2022-09-20T10:00:00,-19.6,3.32,98.1,27.2,0.0
2022-09-20T11:00:00,-19.7,4.36,93.3,34.2,0.7
2022-09-20T12:00:00,-19.9,6.45,95.9,36.6,8.7
2022-09-20T13:00:00,-19.9,5.87,97.3,35.2,5.3
2022-09-20T14:00:00,-20.2,5.69,97.7,26.9,4.2
2022-09-20T15:00:00,-20.7,5.54,96.9,22.0,3.6
2022-09-20T16:00:00,-20.9,4.81,98.9,16.4,1.4
2022-09-20T17:00:00,-21.2,4.56,94.6,8.8,1.0
2022-09-20T18:00:00,-20.9,4.5,95.9,0.0,0.9
2022-09-20T19:00:00,-20.9,4.77,96.4,0.0,1.3
2022-09-20T20:00:00,-21.1,4.74,96.7,0.0,1.3
2022-09-20T21:00:00,-20.7,5.39,95.4,0.0,3.0
2022-09-20T22:00:00,-20.4,5.66,94.0,0.0,4.1
2022-09-20T23:00:00,-20.3,5.44,92.5,0.0,3.5
2022-09-21T00:00:00,-20.0,5.73,93.7,0.0,4.4
2022-09-21T01:00:00,-21.2,4.61,94.0,0.0,1.1
2022-09-21T02:00:00,-21.8,3.58,93.3,0.0,0.1
2022-09-21T03:00:00,-20.9,2.37,97.2,0.0,0.0
2022-09-21T04:00:00,-17.6,0.78,91.6,0.0,0.0
2022-09-21T05:00:00,-17.4,1.34,92.4,0.0,0.0
2022-09-21T06:00:00,-19.9,2.77,97.3,0.7,0.0
2022-09-21T07:00:00,-19.2,3.26,92.8,12.3,0.0
2022-09-21T08:00:00,-19.1,3.05,90.4,20.6,0.0
2022-09-21T09:00:00,-18.9,2.33,97.2,25.3,0.0
2022-09-21T10:00:00,-16.9,1.71,91.8,30.6,0.0
2022-09-21T11:00:00,-16.7,1.75,96.1,35.0,0.0
2022-09-21T12:00:00,-17.4,1.44,94.7,41.3,0.0
2022-09-21T13:00:00,-17.3,0.89,92.8,37.8,0.0
2022-09-21T14:00:00,-16.9,0.67,93.7,32.8,0.0
2022-09-21T15:00:00,-16.6,1.03,94.4,26.5,0.0
2022-09-21T16:00:00,-16.4,1.2,95.2,16.3,0.0
2022-09-21T17:00:00,-16.0,1.2,93.6,9.6,0.0
2022-09-21T18:00:00,-16.6,2.1,96.7,0.6,0.0
2022-09-21T19:00:00,-20.0,2.96,93.0,0.0,0.0
2022-09-21T20:00:00,-20.5,3.2,97.7,0.0,0.0
2022-09-21T21:00:00,-20.2,3.16,94.5,0.0,0.0
2022-09-21T22:00:00,-19.4,2.85,95.0,0.0,0.0
2022-09-21T23:00:00,-21.1,3.35,97.1,0.0,0.0
2022-09-22T00:00:00,-19.7,5.55,97.1,0.0,3.8
2022-09-22T01:00:00,-20.1,4.91,93.3,0.0,1.8
2022-09-22T02:00:00,-19.7,4.44,91.8,0.0,0.8
2022-09-22T03:00:00,-18.1,5.13,94.6,0.0,2.3
2022-09-22T04:00:00,-18.0,5.1,96.3,0.0,2.2
2022-09-22T05:00:00,-18.3,5.02,97.2,0.0,2.1
2022-09-22T06:00:00,-18.2,4.76,94.7,1.8,1.5
2022-09-22T07:00:00,-17.8,4.53,95.9,9.9,0.9
2022-09-22T08:00:00,-17.2,4.94,91.4,16.8,1.9
2022-09-22T09:00:00,-16.3,5.42,92.0,25.4,3.3
2022-09-22T10:00:00,-15.9,5.54,90.7,29.4,3.7
2022-09-22T11:00:00,-16.2,5.27,93.2,40.1,2.6
2022-09-22T12:00:00,-15.6,6.95,91.0,38.3,13.0
2022-09-22T13:00:00,-15.9,6.05,95.3,31.2,6.4
2022-09-22T14:00:00,-16.5,5.19,89.1,32.8,2.5
2022-09-22T15:00:00,-17.3,4.22,93.0,28.1,0.5
2022-09-22T16:00:00,-17.3,3.77,95.0,19.5,0.1
2022-09-22T17:00:00,-17.1,3.4,91.7,11.3,0.0
2022-09-22T18:00:00,-16.9,3.0,90.9,1.5,0.0
2022-09-22T19:00:00,-16.5,3.01,92.6,0.0,0.0
2022-09-22T20:00:00,-15.6,3.74,93.6,0.0,0.1
2022-09-22T21:00:00,-14.3,4.85,90.7,0.0,1.5
2022-09-22T22:00:00,-13.6,5.85,92.6,0.0,5.0
2022-09-22T23:00:00,-13.2,6.48,91.4,0.0,9.0
2022-09-23T00:00:00,-12.6,7.45,94.0,0.0,16.2
2022-09-23T01:00:00,-11.8,8.78,88.2,0.0,34.4
2022-09-23T02:00:00,-11.3,8.86,94.3,0.0,34.5
2022-09-23T03:00:00,-11.1,8.61,89.1,0.0,33.2
2022-09-23T04:00:00,-11.1,8.66,90.4,0.0,32.8
2022-09-23T05:00:00,-11.2,8.11,88.6,0.0,25.3
2022-09-23T06:00:00,-11.1,7.66,92.6,3.0,20.0
2022-09-23T07:00:00,-11.2,7.24,91.7,13.1,15.3
2022-09-23T08:00:00,-11.2,7.17,94.0,21.3,15.0
2022-09-23T09:00:00,-11.3,7.03,92.4,26.3,13.4
2022-09-23T10:00:00,-11.3,6.85,90.7,37.7,11.0
2022-09-23T11:00:00,-11.6,6.8,89.2,40.4,10.5
2022-09-23T12:00:00,-11.7,6.3,94.4,37.6,7.3
2022-09-23T13:00:00,-11.9,6.85,92.8,37.9,11.9
2022-09-23T14:00:00,-12.0,7.52,91.4,31.3,16.9
2022-09-23T15:00:00,-12.1,8.36,92.2,25.9,27.7
2022-09-23T16:00:00,-12.2,8.55,86.0,17.7,31.2
2022-09-23T17:00:00,-12.3,8.05,88.2,13.4,24.6
2022-09-23T18:00:00,-12.4,8.08,90.4,2.3,24.0
2022-09-23T19:00:00,-12.5,8.02,90.8,0.0,23.9
2022-09-23T20:00:00,-12.5,7.71,90.2,0.0,19.9
2022-09-23T21:00:00,-12.6,7.41,89.6,0.0,16.6
2022-09-23T22:00:00,-12.9,7.05,92.8,0.0,12.9
2022-09-23T23:00:00,-13.1,7.12,88.3,0.0,14.3
2022-09-24T00:00:00,-12.8,9.45,92.4,0.0,45.3
2022-09-24T01:00:00,-13.1,8.19,91.6,0.0,25.4
2022-09-24T02:00:00,-13.3,8.01,89.4,0.0,22.9
2022-09-24T03:00:00,-13.4,8.15,94.5,0.0,25.8
2022-09-24T04:00:00,-13.4,7.94,91.4,0.0,23.5
2022-09-24T05:00:00,-13.4,7.14,91.9,0.0,14.2
2022-09-24T06:00:00,-13.5,6.29,90.2,3.1,7.2
2022-09-24T07:00:00,-14.0,4.77,92.9,14.5,1.5
2022-09-24T08:00:00,-14.6,3.14,96.3,25.1,0.0
2022-09-24T09:00:00,-15.5,2.19,92.6,23.5,0.0
2022-09-24T10:00:00,-16.4,1.98,94.9,32.5,0.0
2022-09-24T11:00:00,-17.4,1.58,94.4,33.5,0.0
2022-09-24T12:00:00,-17.0,2.79,94.7,40.9,0.0
2022-09-24T13:00:00,-19.2,2.75,91.0,39.7,0.0
2022-09-24T14:00:00,-19.2,3.33,97.4,31.1,0.0
2022-09-24T15:00:00,-17.5,3.83,94.0,31.1,0.2
2022-09-24T16:00:00,-17.0,3.91,94.1,20.6,0.2
2022-09-24T17:00:00,-18.0,2.87,93.9,11.5,0.0
2022-09-24T18:00:00,-17.4,1.43,94.4,3.9,0.0
2022-09-24T19:00:00,-17.7,0.36,93.3,0.0,0.0
2022-09-24T20:00:00,-18.7,1.2,94.9,0.0,0.0
2022-09-24T21:00:00,-20.3,1.48,98.1,0.0,0.0
2022-09-24T22:00:00,-21.9,1.73,99.1,0.0,0.0
2022-09-24T23:00:00,-23.1,3.04,95.1,0.0,0.0
2022-09-25T00:00:00,-22.4,2.63,97.3,0.0,0.0
2022-09-25T01:00:00,-22.4,2.75,95.2,0.0,0.0
2022-09-25T02:00:00,-22.3,2.83,96.3,0.0,0.0
2022-09-25T03:00:00,-21.7,3.86,97.7,0.0,0.2
2022-09-25T04:00:00,-21.6,4.1,95.2,0.0,0.4
2022-09-25T05:00:00,-21.3,4.14,99.8,0.0,0.4
2022-09-25T06:00:00,-20.9,4.47,95.0,4.6,0.9
2022-09-25T07:00:00,-20.7,4.48,96.1,13.5,0.8
2022-09-25T08:00:00,-21.0,4.05,97.9,21.2,0.4
2022-09-25T09:00:00,-21.3,3.73,94.0,32.6,0.1
2022-09-25T10:00:00,-21.2,3.44,95.9,27.9,0.0
2022-09-25T11:00:00,-21.5,3.72,93.8,40.4,0.1
2022-09-25T12:00:00,-22.9,5.06,99.1,38.0,2.1
2022-09-25T13:00:00,-23.5,4.53,95.4,41.9,0.9
2022-09-25T14:00:00,-24.1,4.11,94.3,37.1,0.4
2022-09-25T15:00:00,-24.8,3.47,98.3,26.4,0.0
2022-09-25T16:00:00,-25.5,3.05,101.1,21.6,0.0
2022-09-25T17:00:00,-25.8,2.76,99.2,14.1,0.0
2022-09-25T18:00:00,-25.7,2.56,97.6,4.6,0.0
2022-09-25T19:00:00,-23.9,1.84,95.1,0.0,0.0
2022-09-25T20:00:00,-23.0,1.77,96.4,0.0,0.0
2022-09-25T21:00:00,-22.1,1.49,99.0,0.0,0.0
2022-09-25T22:00:00,-21.9,0.82,98.6,0.0,0.0
2022-09-25T23:00:00,-21.0,1.35,96.2,0.0,0.0
2022-09-26T00:00:00,-22.5,1.3,98.9,0.0,0.0
2022-09-26T01:00:00,-21.7,1.49,94.9,0.0,0.0
2022-09-26T02:00:00,-22.5,2.1,94.9,0.0,0.0
2022-09-26T03:00:00,-20.0,1.14,94.6,0.0,0.0
2022-09-26T04:00:00,-19.6,0.36,93.0,0.0,0.0
2022-09-26T05:00:00,-19.3,1.24,96.3,0.0,0.0
2022-09-26T06:00:00,-18.6,1.12,92.4,5.5,0.0
2022-09-26T07:00:00,-18.3,1.36,94.9,15.9,0.0
2022-09-26T08:00:00,-18.6,1.8,93.0,22.3,0.0
2022-09-26T09:00:00,-18.0,2.0,94.9,28.2,0.0
2022-09-26T10:00:00,-17.1,2.15,96.1,34.3,0.0
2022-09-26T11:00:00,-16.3,2.19,90.0,39.6,0.0
2022-09-26T12:00:00,-16.1,1.97,94.9,40.3,0.0
2022-09-26T13:00:00,-16.1,2.19,94.0,30.7,0.0
2022-09-26T14:00:00,-17.8,2.94,94.3,30.7,0.0
2022-09-26T15:00:00,-16.8,4.05,92.9,28.9,0.4
2022-09-26T16:00:00,-15.5,5.0,91.3,25.3,2.1
2022-09-26T17:00:00,-15.1,5.71,90.5,15.0,4.6
2022-09-26T18:00:00,-14.9,5.84,93.0,4.4,4.9
2022-09-26T19:00:00,-14.2,6.15,93.9,0.0,6.6
2022-09-26T20:00:00,-14.2,6.76,93.2,0.0,10.6
2022-09-26T21:00:00,-14.2,6.85,94.5,0.0,11.1
2022-09-26T22:00:00,-14.1,6.84,91.2,0.0,11.3
2022-09-26T23:00:00,-14.5,6.74,96.7,0.0,10.5
2022-09-27T00:00:00,-14.1,6.92,94.2,0.0,11.8
2022-09-27T01:00:00,-13.0,7.8,86.7,0.0,19.9
2022-09-27T02:00:00,-13.1,7.52,89.2,0.0,17.3
2022-09-27T03:00:00,-12.9,7.2,88.5,0.0,14.4
2022-09-27T04:00:00,-12.6,7.22,91.8,0.0,14.8
2022-09-27T05:00:00,-12.3,6.55,88.3,0.0,9.7
2022-09-27T06:00:00,-12.2,5.61,93.9,5.8,4.0
2022-09-27T07:00:00,-12.2,5.1,89.8,15.7,2.3
2022-09-27T08:00:00,-12.0,5.38,90.7,23.7,3.0
2022-09-27T09:00:00,-11.6,5.67,91.8,26.4,4.1
2022-09-27T10:00:00,-12.0,5.79,89.3,39.0,4.7
2022-09-27T11:00:00,-12.5,6.22,91.3,40.6,7.4
2022-09-27T12:00:00,-12.8,8.41,88.9,40.0,27.8
2022-09-27T13:00:00,-13.1,8.16,86.9,31.6,25.1
2022-09-27T14:00:00,-13.8,8.68,89.4,32.8,33.1
2022-09-27T15:00:00,-13.8,8.66,93.2,33.0,33.2
2022-09-27T16:00:00,-13.7,7.92,92.7,22.0,22.5
2022-09-27T17:00:00,-13.4,7.79,87.6,13.6,21.4
2022-09-27T18:00:00,-13.4,7.62,95.4,4.8,19.8
2022-09-27T19:00:00,-13.3,7.47,93.5,0.0,17.9
2022-09-27T20:00:00,-13.0,7.0,95.2,0.0,12.9
2022-09-27T21:00:00,-12.2,6.6,92.1,0.0,9.5
2022-09-27T22:00:00,-11.4,6.73,93.3,0.0,10.7
2022-09-27T23:00:00,-11.0,7.22,85.5,0.0,14.6
2022-09-28T00:00:00,-12.4,7.72,88.3,0.0,19.1
2022-09-28T01:00:00,-11.1,7.18,90.8,0.0,14.0
2022-09-28T02:00:00,-10.2,8.35,91.0,0.0,28.1
2022-09-28T03:00:00,-9.8,7.62,87.8,0.0,17.9
2022-09-28T04:00:00,-9.4,8.04,86.2,0.0,24.8
2022-09-28T05:00:00,-9.2,7.38,88.3,0.0,15.6
2022-09-28T06:00:00,-9.0,6.89,89.8,5.4,11.3
2022-09-28T07:00:00,-9.0,6.66,90.7,15.4,9.8
2022-09-28T08:00:00,-9.1,5.9,91.5,20.0,5.6
2022-09-28T09:00:00,-9.3,5.3,88.7,26.1,2.8
2022-09-28T10:00:00,-10.1,4.88,91.3,36.5,1.6
2022-09-28T11:00:00,-11.2,5.15,91.0,34.0,2.3
2022-09-28T12:00:00,-11.2,6.71,89.4,33.9,10.5
2022-09-28T13:00:00,-11.4,7.67,94.7,39.9,18.5
2022-09-28T14:00:00,-12.1,8.99,91.7,41.2,39.0
2022-09-28T15:00:00,-12.6,9.39,95.4,33.4,43.2
2022-09-28T16:00:00,-13.0,9.99,88.8,25.5,59.1
2022-09-28T17:00:00,-13.3,10.31,92.1,15.2,62.2
2022-09-28T18:00:00,-13.8,11.09,91.1,6.6,89.9
2022-09-28T19:00:00,-14.1,11.94,94.8,0.0,113.7
2022-09-28T20:00:00,-14.4,12.99,98.1,0.0,109.1
2022-09-28T21:00:00,-14.6,13.62,94.8,0.0,109.0
2022-09-28T22:00:00,-14.8,13.51,93.7,0.0,119.3
2022-09-28T23:00:00,-14.8,12.97,94.4,0.0,117.5
2022-09-29T00:00:00,-14.7,10.16,91.5,0.0,62.6
2022-09-29T01:00:00,-14.5,10.75,91.9,0.0,75.0
2022-09-29T02:00:00,-14.3,10.4,90.1,0.0,68.0
2022-09-29T03:00:00,-13.8,9.47,87.6,0.0,46.9
2022-09-29T04:00:00,-13.3,7.78,87.6,0.0,20.3
2022-09-29T05:00:00,-13.0,5.69,95.2,0.0,4.5
2022-09-29T06:00:00,-13.3,4.27,94.0,7.9,0.6
2022-09-29T07:00:00,-13.4,3.77,91.6,18.6,0.1
2022-09-29T08:00:00,-13.4,3.7,90.4,25.8,0.1
2022-09-29T09:00:00,-13.8,3.35,93.3,30.3,0.0
2022-09-29T10:00:00,-14.4,3.36,91.1,31.0,0.0
2022-09-29T11:00:00,-14.7,4.02,92.1,36.7,0.3
2022-09-29T12:00:00,-15.8,4.24,93.5,40.9,0.5
2022-09-29T13:00:00,-14.2,5.87,91.9,34.6,5.5
2022-09-29T14:00:00,-14.1,6.53,89.7,30.8,8.8
2022-09-29T15:00:00,-14.4,6.62,92.2,33.4,9.4
2022-09-29T16:00:00,-14.3,6.65,95.5,24.4,9.7
2022-09-29T17:00:00,-14.5,6.71,95.1,19.2,10.3
2022-09-29T18:00:00,-14.6,6.83,92.1,7.9,11.8
2022-09-29T19:00:00,-14.7,6.83,93.8,0.0,11.8
2022-09-29T20:00:00,-14.3,7.12,90.5,0.0,14.5
2022-09-29T21:00:00,-14.2,7.28,91.1,0.0,15.2
2022-09-29T22:00:00,-14.1,7.2,88.4,0.0,14.7
2022-09-29T23:00:00,-14.3,6.73,95.0,0.0,10.7
2022-09-30T00:00:00,-16.0,5.0,92.5,0.0,2.0
2022-09-30T01:00:00,-15.2,5.04,92.4,0.0,2.2
2022-09-30T02:00:00,-14.5,5.22,90.2,0.0,2.7
2022-09-30T03:00:00,-13.8,5.2,91.7,0.0,2.4
2022-09-30T04:00:00,-13.7,4.62,94.7,0.0,1.1
2022-09-30T05:00:00,-13.3,4.22,93.8,0.0,0.5
2022-09-30T06:00:00,-13.3,4.02,95.3,9.2,0.3
2022-09-30T07:00:00,-13.0,4.61,90.9,15.5,1.1
2022-09-30T08:00:00,-13.0,4.7,93.8,21.1,1.3
2022-09-30T09:00:00,-13.7,4.18,93.3,32.1,0.5
2022-09-30T10:00:00,-14.9,3.84,96.3,32.0,0.2
2022-09-30T11:00:00,-15.9,3.62,91.9,33.1,0.1
2022-09-30T12:00:00,-16.3,3.22,90.0,42.4,0.0
2022-09-30T13:00:00,-16.9,2.83,87.4,34.1,0.0
2022-09-30T14:00:00,-16.4,1.92,94.7,36.0,0.0
2022-09-30T15:00:00,-15.7,1.7,91.6,26.8,0.0
2022-09-30T16:00:00,-14.7,1.33,95.0,21.6,0.0
2022-09-30T17:00:00,-13.9,0.92,93.1,18.4,0.0
2022-09-30T18:00:00,-13.9,1.12,91.9,6.9,0.0
2022-09-30T19:00:00,-13.4,0.8,89.1,0.0,0.0
2022-09-30T20:00:00,-13.2,1.04,92.0,0.0,0.0
2022-09-30T21:00:00,-14.7,1.57,92.9,0.0,0.0
2022-09-30T22:00:00,-14.4,2.15,94.2,0.0,0.0
2022-09-30T23:00:00,-13.7,3.54,91.3,0.0,0.1
2022-10-01T00:00:00,-16.6,3.61,95.7,0.0,0.1
2022-10-01T01:00:00,-17.4,3.55,94.1,0.0,0.1
2022-10-01T02:00:00,-16.9,3.19,92.4,0.0,0.0
2022-10-01T03:00:00,-18.1,2.41,90.4,0.0,0.0
2022-10-01T04:00:00,-17.2,1.56,92.0,0.0,0.0
2022-10-01T05:00:00,-15.9,0.73,91.0,0.0,0.0
2022-10-01T06:00:00,-15.5,0.63,94.8,7.8,0.0
2022-10-01T07:00:00,-15.9,1.12,91.6,20.8,0.0
2022-10-01T08:00:00,-16.6,2.06,95.0,28.7,0.0
2022-10-01T09:00:00,-16.2,2.7,95.1,31.6,0.0
2022-10-01T10:00:00,-16.9,2.55,96.5,35.6,0.0
2022-10-01T11:00:00,-16.9,2.06,95.0,38.1,0.0
2022-10-01T12:00:00,-15.5,1.65,91.9,40.4,0.0
2022-10-01T13:00:00,-13.8,1.2,93.0,44.3,0.0
2022-10-01T14:00:00,-13.3,0.64,94.9,40.9,0.0
2022-10-01T15:00:00,-13.0,0.73,88.9,28.3,0.0
2022-10-01T16:00:00,-13.6,1.61,92.6,26.2,0.0
2022-10-01T17:00:00,-15.7,3.11,94.3,18.4,0.0
2022-10-01T18:00:00,-15.1,3.71,92.0,7.9,0.1
2022-10-01T19:00:00,-16.3,3.61,90.8,0.0,0.1
2022-10-01T20:00:00,-17.1,2.95,92.9,0.0,0.0
2022-10-01T21:00:00,-16.8,2.79,95.2,0.0,0.0
2022-10-01T22:00:00,-16.4,2.62,87.6,0.0,0.0
2022-10-01T23:00:00,-17.4,3.2,94.4,0.0,0.0
2022-10-02T00:00:00,-16.4,4.1,93.0,0.0,0.4
2022-10-02T01:00:00,-15.1,4.36,92.7,0.0,0.7
2022-10-02T02:00:00,-14.3,3.98,92.5,0.0,0.3
2022-10-02T03:00:00,-13.7,3.49,89.5,0.0,0.0
2022-10-02T04:00:00,-12.5,3.51,89.6,0.0,0.0
2022-10-02T05:00:00,-11.7,3.82,91.9,0.0,0.2
2022-10-02T06:00:00,-11.3,4.64,91.0,8.0,1.1
2022-10-02T07:00:00,-11.1,4.93,91.1,18.1,1.8
2022-10-02T08:00:00,-11.0,5.2,86.5,30.6,2.4
2022-10-02T09:00:00,-10.9,5.6,90.5,37.2,4.0
2022-10-02T10:00:00,-10.9,5.9,90.3,43.0,5.2
2022-10-02T11:00:00,-11.5,6.23,92.8,34.1,7.0
2022-10-02T12:00:00,-12.6,6.73,93.5,43.4,10.3
2022-10-02T13:00:00,-12.9,7.42,93.6,37.5,16.8
2022-10-02T14:00:00,-13.4,7.2,93.0,31.9,14.8
2022-10-02T15:00:00,-13.8,6.96,86.1,34.7,12.7
2022-10-02T16:00:00,-13.9,7.67,93.8,28.0,18.7
2022-10-02T17:00:00,-14.3,7.91,93.2,18.7,23.3
2022-10-02T18:00:00,-14.8,7.83,91.6,8.2,20.8
2022-10-02T19:00:00,-15.3,7.89,90.1,0.0,22.0
2022-10-02T20:00:00,-15.5,8.0,94.2,0.0,22.7
2022-10-02T21:00:00,-15.8,8.13,92.8,0.0,24.8
2022-10-02T22:00:00,-16.0,8.25,92.3,0.0,27.4
2022-10-02T23:00:00,-16.2,8.1,88.0,0.0,23.4
2022-10-03T00:00:00,-16.8,7.24,94.5,0.0,14.7
2022-10-03T01:00:00,-16.7,7.32,92.4,0.0,15.8
2022-10-03T02:00:00,-16.2,7.24,93.2,0.0,14.7
2022-10-03T03:00:00,-15.7,6.6,92.7,0.0,9.4
2022-10-03T04:00:00,-15.3,5.8,90.8,0.0,4.7
2022-10-03T05:00:00,-15.0,4.9,92.8,0.0,1.8
2022-10-03T06:00:00,-14.8,4.2,91.2,11.2,0.5
2022-10-03T07:00:00,-15.0,3.41,90.7,20.6,0.0
2022-10-03T08:00:00,-15.2,3.14,95.4,25.4,0.0
2022-10-03T09:00:00,-15.4,3.14,91.9,37.4,0.0
2022-10-03T10:00:00,-15.5,3.82,94.8,38.1,0.2
2022-10-03T11:00:00,-15.2,4.8,92.3,44.0,1.4
2022-10-03T12:00:00,-16.7,4.82,97.0,45.3,1.5
2022-10-03T13:00:00,-16.6,5.4,93.4,37.5,3.1
2022-10-03T14:00:00,-16.6,5.82,100.5,39.3,5.0
2022-10-03T15:00:00,-16.2,6.51,93.1,33.4,8.8
2022-10-03T16:00:00,-15.8,7.1,92.0,27.7,13.4
2022-10-03T17:00:00,-15.7,7.32,94.6,22.0,15.1
2022-10-03T18:00:00,-15.6,7.78,92.3,9.7,19.9
2022-10-03T19:00:00,-15.4,8.16,93.4,0.0,26.0
2022-10-03T20:00:00,-15.4,8.78,92.1,0.0,33.9
2022-10-03T21:00:00,-15.3,9.48,90.6,0.0,45.5
2022-10-03T22:00:00,-15.2,9.84,93.3,0.0,54.5
2022-10-03T23:00:00,-15.1,9.75,90.3,0.0,54.0
2022-10-04T00:00:00,-14.9,7.47,93.5,0.0,16.3
2022-10-04T01:00:00,-14.4,7.24,92.1,0.0,15.6
2022-10-04T02:00:00,-13.6,6.18,90.4,0.0,7.1
2022-10-04T03:00:00,-14.2,4.0,90.8,0.0,0.3
2022-10-04T04:00:00,-11.2,1.53,88.9,0.0,0.0
2022-10-04T05:00:00,-10.9,1.06,90.2,0.0,0.0
2022-10-04T06:00:00,-12.0,2.01,91.0,9.5,0.0
2022-10-04T07:00:00,-12.4,2.5,93.5,19.6,0.0
2022-10-04T08:00:00,-12.0,2.41,92.3,30.1,0.0
2022-10-04T09:00:00,-12.0,2.5,93.7,29.7,0.0
2022-10-04T10:00:00,-12.5,2.92,92.0,37.0,0.0
2022-10-04T11:00:00,-13.1,3.94,97.6,48.2,0.3
2022-10-04T12:00:00,-13.6,4.25,92.4,44.5,0.6
2022-10-04T13:00:00,-10.8,5.9,88.3,36.2,5.1
2022-10-04T14:00:00,-9.7,8.01,90.4,38.0,23.0
2022-10-04T15:00:00,-10.3,8.39,91.3,37.1,28.1
2022-10-04T16:00:00,-10.2,8.45,91.1,29.1,29.0
2022-10-04T17:00:00,-10.1,8.65,89.5,21.3,32.3
2022-10-04T18:00:00,-10.4,8.96,89.9,10.7,38.0
2022-10-04T19:00:00,-10.5,8.91,90.1,0.0,38.4
2022-10-04T20:00:00,-10.7,9.29,91.9,0.0,45.0
2022-10-04T21:00:00,-10.9,9.7,94.1,0.0,53.0
2022-10-04T22:00:00,-11.0,9.7,91.8,0.0,49.4
2022-10-04T23:00:00,-11.1,9.7,88.7,0.0,50.8
2022-10-05T00:00:00,-11.5,9.01,89.7,0.0,38.5
2022-10-05T01:00:00,-11.3,8.87,90.6,0.0,34.2
2022-10-05T02:00:00,-11.0,8.35,89.6,0.0,27.4
2022-10-05T03:00:00,-10.7,7.86,94.5,0.0,21.4
2022-10-05T04:00:00,-10.2,7.53,90.4,0.0,18.2
2022-10-05T05:00:00,-9.6,7.1,91.5,0.8,14.0
2022-10-05T06:00:00,-9.2,7.2,88.9,9.9,14.8
2022-10-05T07:00:00,-9.2,6.55,90.9,19.7,9.3
2022-10-05T08:00:00,-9.2,6.55,91.8,32.7,8.8
2022-10-05T09:00:00,-9.4,6.32,88.9,38.7,8.0
2022-10-05T10:00:00,-10.0,5.7,90.6,34.9,4.3
2022-10-05T11:00:00,-10.6,5.73,90.7,41.0,4.7
2022-10-05T12:00:00,-11.8,5.1,90.1,47.3,2.3
2022-10-05T13:00:00,-11.6,6.1,89.0,44.2,6.6
2022-10-05T14:00:00,-11.9,6.31,94.0,44.5,7.5
2022-10-05T15:00:00,-11.9,6.66,88.5,32.0,10.4
2022-10-05T16:00:00,-11.8,6.87,90.3,23.9,11.6
2022-10-05T17:00:00,-11.8,6.93,91.5,21.3,11.9
2022-10-05T18:00:00,-11.8,6.9,89.3,12.8,12.3
2022-10-05T19:00:00,-11.9,6.9,92.3,0.7,12.3
2022-10-05T20:00:00,-11.4,7.21,90.7,0.0,15.2
2022-10-05T21:00:00,-11.4,7.2,91.5,0.0,14.3
2022-10-05T22:00:00,-11.6,7.2,90.1,0.0,15.2
2022-10-05T23:00:00,-11.6,7.3,91.5,0.0,15.3
2022-10-06T00:00:00,-11.4,7.6,86.0,0.0,18.7
2022-10-06T01:00:00,-11.4,6.85,91.5,0.0,11.7
2022-10-06T02:00:00,-11.3,6.2,92.0,0.0,6.9
2022-10-06T03:00:00,-11.0,5.41,92.4,0.0,3.4
2022-10-06T04:00:00,-10.6,4.65,90.7,0.0,1.1
2022-10-06T05:00:00,-10.2,4.06,89.4,1.8,0.4
2022-10-06T06:00:00,-10.0,3.67,89.2,12.2,0.1
2022-10-06T07:00:00,-9.9,3.14,91.5,20.0,0.0
2022-10-06T08:00:00,-10.1,3.14,91.1,27.9,0.0
2022-10-06T09:00:00,-10.5,2.92,88.1,39.2,0.0
2022-10-06T10:00:00,-10.7,2.91,94.5,34.6,0.0
2022-10-06T11:00:00,-10.9,3.51,88.1,37.2,0.0
2022-10-06T12:00:00,-11.4,4.0,91.1,50.8,0.3
2022-10-06T13:00:00,-10.9,4.7,91.0,49.5,1.3
2022-10-06T14:00:00,-10.9,5.0,89.0,33.2,1.9
2022-10-06T15:00:00,-11.0,5.23,90.0,38.8,2.7
2022-10-06T16:00:00,-11.1,5.23,92.1,29.6,2.7
2022-10-06T17:00:00,-11.0,5.12,91.0,22.0,2.3
2022-10-06T18:00:00,-10.6,5.11,88.7,11.7,2.2
2022-10-06T19:00:00,-10.7,5.02,88.8,1.9,1.9
2022-10-06T20:00:00,-10.4,5.0,90.7,0.0,1.9
2022-10-06T21:00:00,-10.3,5.19,91.1,0.0,2.4
2022-10-06T22:00:00,-10.5,5.03,88.6,0.0,2.0
2022-10-06T23:00:00,-10.3,5.1,89.1,0.0,2.4
2022-10-07T00:00:00,-10.9,4.58,89.6,0.0,1.0
2022-10-07T01:00:00,-10.5,3.83,87.7,0.0,0.2
2022-10-07T02:00:00,-10.3,3.83,90.5,0.0,0.2
2022-10-07T03:00:00,-9.8,3.89,91.6,0.0,0.2
2022-10-07T04:00:00,-10.1,3.19,89.1,0.0,0.0
2022-10-07T05:00:00,-9.0,3.55,85.3,2.9,0.1
2022-10-07T06:00:00,-8.9,3.04,92.3,10.5,0.0
2022-10-07T07:00:00,-8.5,3.71,90.9,19.8,0.1
2022-10-07T08:00:00,-7.9,3.2,89.0,24.0,0.0
2022-10-07T09:00:00,-7.9,3.4,90.7,39.8,0.0
2022-10-07T10:00:00,-7.9,4.34,88.8,41.9,0.6
2022-10-07T11:00:00,-7.9,5.66,89.1,38.5,4.3
2022-10-07T12:00:00,-8.1,8.89,91.0,40.3,37.9
2022-10-07T13:00:00,-8.6,8.84,86.7,50.7,34.9
2022-10-07T14:00:00,-8.6,9.64,88.9,35.4,48.1
2022-10-07T15:00:00,-8.4,10.54,89.8,37.1,72.9
2022-10-07T16:00:00,-8.1,14.07,91.6,32.3,111.7
2022-10-07T17:00:00,-7.8,17.75,92.0,21.4,118.2
2022-10-07T18:00:00,-7.5,18.68,91.8,10.8,109.6
2022-10-07T19:00:00,-7.3,19.14,90.9,2.2,108.5
2022-10-07T20:00:00,-7.3,19.51,93.2,0.0,115.9
2022-10-07T21:00:00,-7.5,20.37,90.5,0.0,113.6
2022-10-07T22:00:00,-7.6,20.35,85.7,0.0,118.1
2022-10-07T23:00:00,-7.9,19.48,89.4,0.0,113.5
2022-10-08T00:00:00,-7.9,19.07,88.8,0.0,108.4
2022-10-08T01:00:00,-8.0,17.2,88.0,0.0,113.9
2022-10-08T02:00:00,-8.2,17.02,90.4,0.0,117.8
2022-10-08T03:00:00,-8.3,16.24,92.5,0.0,116.0
2022-10-08T04:00:00,-8.4,15.59,91.4,0.0,118.0
2022-10-08T05:00:00,-8.2,14.23,88.6,3.9,119.8
2022-10-08T06:00:00,-8.0,13.93,89.7,14.5,113.2
2022-10-08T07:00:00,-8.0,13.3,89.4,20.8,118.2
2022-10-08T08:00:00,-7.9,12.45,90.0,31.2,117.2
2022-10-08T09:00:00,-7.8,11.4,89.8,40.6,96.0
2022-10-08T10:00:00,-7.8,10.05,92.3,47.1,57.2
2022-10-08T11:00:00,-7.9,8.63,92.2,45.6,33.4
2022-10-08T12:00:00,-8.0,4.03,91.8,38.1,0.3
2022-10-08T13:00:00,-9.0,1.66,90.0,46.2,0.0
2022-10-08T14:00:00,-9.2,1.71,89.5,37.3,0.0
2022-10-08T15:00:00,-8.7,4.79,88.7,35.4,1.4
2022-10-08T16:00:00,-8.7,4.83,88.7,24.4,1.6
2022-10-08T17:00:00,-8.7,3.71,88.9,25.2,0.1
2022-10-08T18:00:00,-9.3,2.39,86.6,12.8,0.0
2022-10-08T19:00:00,-9.0,2.51,87.0,3.5,0.0
2022-10-08T20:00:00,-8.5,2.97,87.8,0.0,0.0
2022-10-08T21:00:00,-8.4,3.08,89.4,0.0,0.0
2022-10-08T22:00:00,-7.8,3.22,96.3,0.0,0.0
2022-10-08T23:00:00,-7.7,3.36,90.3,0.0,0.0
2022-10-09T00:00:00,-6.8,6.45,90.5,0.0,8.5
2022-10-09T01:00:00,-6.8,4.91,87.3,0.0,1.7
2022-10-09T02:00:00,-6.4,4.86,88.1,0.0,1.6
2022-10-09T03:00:00,-5.9,4.6,90.6,0.0,1.1
2022-10-09T04:00:00,-4.9,7.01,88.5,0.0,13.4
2022-10-09T05:00:00,-4.9,7.03,88.1,3.5,12.5
2022-10-09T06:00:00,-4.9,5.61,88.5,12.5,4.0
2022-10-09T07:00:00,-4.9,3.67,88.3,24.7,0.1
2022-10-09T08:00:00,-4.8,2.28,92.3,33.9,0.0
2022-10-09T09:00:00,-4.6,4.19,90.6,35.2,0.5
2022-10-09T10:00:00,-6.0,5.06,86.3,34.3,2.2
2022-10-09T11:00:00,-7.0,3.62,93.5,49.4,0.1
2022-10-09T12:00:00,-9.3,5.82,89.3,45.5,5.1
2022-10-09T13:00:00,-11.9,5.68,93.8,48.9,4.4
2022-10-09T14:00:00,-11.5,6.67,95.7,44.9,9.7
2022-10-09T15:00:00,-11.0,10.33,89.3,40.6,64.5
2022-10-09T16:00:00,-10.2,10.65,90.5,25.7,75.6
2022-10-09T17:00:00,-9.8,9.89,90.7,22.6,58.0
2022-10-09T18:00:00,-9.8,9.5,88.6,13.6,49.2
2022-10-09T19:00:00,-9.7,9.26,90.3,4.3,43.5
2022-10-09T20:00:00,-9.8,8.3,88.7,0.0,27.4
2022-10-09T21:00:00,-9.8,7.22,90.6,0.0,14.9
2022-10-09T22:00:00,-9.6,7.36,88.4,0.0,16.0
2022-10-09T23:00:00,-9.2,7.77,88.5,0.0,21.2
2022-10-10T00:00:00,-8.8,7.16,90.7,0.0,14.5
2022-10-10T01:00:00,-8.8,6.3,89.3,0.0,7.4
2022-10-10T02:00:00,-9.1,6.1,90.9,0.0,6.6
2022-10-10T03:00:00,-8.9,6.64,90.8,0.0,10.2
2022-10-10T04:00:00,-9.3,7.99,87.9,0.0,23.0
2022-10-10T05:00:00,-9.3,7.94,89.8,5.5,22.7
2022-10-10T06:00:00,-9.2,6.15,89.8,13.4,6.8
2022-10-10T07:00:00,-8.7,6.68,90.4,26.5,10.7
2022-10-10T08:00:00,-8.7,7.64,89.8,34.5,18.4
2022-10-10T09:00:00,-8.7,6.24,92.2,37.1,7.3
2022-10-10T10:00:00,-8.6,5.33,93.0,39.5,3.1
2022-10-10T11:00:00,-9.0,4.41,90.1,39.4,0.7
2022-10-10T12:00:00,-9.2,1.55,89.8,43.0,0.0
2022-10-10T13:00:00,-9.5,1.3,91.5,49.9,0.0
2022-10-10T14:00:00,-9.2,1.5,92.1,46.0,0.0
2022-10-10T15:00:00,-7.9,0.85,91.0,36.6,0.0
2022-10-10T16:00:00,-8.0,1.08,89.0,33.0,0.0
2022-10-10T17:00:00,-9.7,1.72,88.5,25.7,0.0
2022-10-10T18:00:00,-10.8,2.13,88.0,14.9,0.0
2022-10-10T19:00:00,-11.2,2.77,93.9,4.1,0.0
2022-10-10T20:00:00,-11.8,3.61,92.3,0.0,0.1
2022-10-10T21:00:00,-12.0,3.97,90.8,0.0,0.3
2022-10-10T22:00:00,-12.7,3.97,89.0,0.0,0.3
2022-10-10T23:00:00,-13.4,4.41,90.5,0.0,0.7
2022-10-11T00:00:00,-14.3,4.17,91.8,0.0,0.4
2022-10-11T01:00:00,-14.1,4.33,89.5,0.0,0.6
2022-10-11T02:00:00,-13.0,4.4,93.9,0.0,0.7
2022-10-11T03:00:00,-12.2,4.06,89.0,0.0,0.3
2022-10-11T04:00:00,-11.6,3.8,90.3,0.0,0.2
2022-10-11T05:00:00,-11.3,2.83,88.7,6.6,0.0
2022-10-11T06:00:00,-11.2,1.53,90.5,17.0,0.0
2022-10-11T07:00:00,-10.5,0.63,90.4,27.3,0.0
2022-10-11T08:00:00,-10.3,0.61,88.3,35.4,0.0
2022-10-11T09:00:00,-10.6,1.1,90.6,36.8,0.0
2022-10-11T10:00:00,-11.7,1.79,91.0,44.1,0.0
2022-10-11T11:00:00,-12.7,2.52,90.1,47.4,0.0
2022-10-11T12:00:00,-14.1,3.04,93.8,45.8,0.0
2022-10-11T13:00:00,-14.8,3.31,92.0,41.9,0.0
2022-10-11T14:00:00,-15.6,3.61,91.5,48.0,0.1
2022-10-11T15:00:00,-15.4,4.26,92.9,32.6,0.6
2022-10-11T16:00:00,-15.3,4.69,91.3,34.0,1.2
2022-10-11T17:00:00,-15.4,4.81,90.8,20.9,1.4
2022-10-11T18:00:00,-15.5,4.67,90.6,14.8,1.2
2022-10-11T19:00:00,-16.2,4.12,95.4,5.1,0.4
2022-10-11T20:00:00,-16.9,3.71,93.2,0.0,0.1
2022-10-11T21:00:00,-17.0,3.83,92.9,0.0,0.2
2022-10-11T22:00:00,-16.9,3.96,92.8,0.0,0.3
2022-10-11T23:00:00,-16.9,4.06,90.1,0.0,0.3
2022-10-12T00:00:00,-16.5,2.52,96.0,0.0,0.0
2022-10-12T01:00:00,-16.2,2.4,91.8,0.0,0.0
2022-10-12T02:00:00,-15.7,2.33,93.6,0.0,0.0
2022-10-12T03:00:00,-14.6,2.04,94.0,0.0,0.0
2022-10-12T04:00:00,-11.9,1.08,95.2,0.0,0.0
2022-10-12T05:00:00,-11.8,0.64,90.6,6.9,0.0
2022-10-12T06:00:00,-13.5,1.84,94.1,16.8,0.0
2022-10-12T07:00:00,-13.4,3.0,86.7,21.7,0.0
2022-10-12T08:00:00,-13.6,2.77,90.6,32.5,0.0
2022-10-12T09:00:00,-14.0,2.72,91.5,36.9,0.0
2022-10-12T10:00:00,-14.8,2.44,89.1,42.9,0.0
2022-10-12T11:00:00,-14.1,1.64,93.0,49.2,0.0
2022-10-12T12:00:00,-14.3,0.99,94.6,42.8,0.0
2022-10-12T13:00:00,-15.2,1.75,91.2,51.3,0.0
2022-10-12T14:00:00,-18.9,2.88,97.2,38.1,0.0
2022-10-12T15:00:00,-19.3,3.72,92.0,35.2,0.1
2022-10-12T16:00:00,-18.9,4.55,92.9,32.4,1.0
2022-10-12T17:00:00,-18.6,5.44,95.6,25.9,3.4
2022-10-12T18:00:00,-18.7,6.08,93.4,15.3,6.2
2022-10-12T19:00:00,-18.8,7.21,92.3,6.0,14.8
2022-10-12T20:00:00,-19.0,8.3,91.8,0.0,27.4
2022-10-12T21:00:00,-19.3,9.3,95.3,0.0,43.6
2022-10-12T22:00:00,-19.6,9.86,95.6,0.0,52.0
2022-10-12T23:00:00,-19.7,10.62,96.4,0.0,75.1
2022-10-13T00:00:00,-20.6,13.09,100.1,0.0,108.3
2022-10-13T01:00:00,-19.9,13.2,95.0,0.0,118.4
2022-10-13T02:00:00,-18.8,12.54,96.3,0.0,109.9
2022-10-13T03:00:00,-17.6,13.43,94.7,0.0,110.7
2022-10-13T04:00:00,-16.9,12.08,90.9,0.0,114.7
2022-10-13T05:00:00,-16.2,11.98,93.9,7.8,116.2
2022-10-13T06:00:00,-15.6,10.53,93.5,13.9,70.9
2022-10-13T07:00:00,-15.2,9.75,93.7,21.4,55.1
2022-10-13T08:00:00,-14.9,10.11,94.2,32.2,57.8
2022-10-13T09:00:00,-14.5,9.62,93.2,31.8,51.3
2022-10-13T10:00:00,-14.6,8.56,97.1,48.5,30.4
2022-10-13T11:00:00,-14.7,8.19,92.9,52.1,25.6
2022-10-13T12:00:00,-13.9,8.61,90.4,56.0,33.1
2022-10-13T13:00:00,-13.9,8.4,93.0,43.5,27.6
2022-10-13T14:00:00,-13.5,8.95,92.1,48.0,35.4
2022-10-13T15:00:00,-13.6,8.89,90.9,43.8,37.4
2022-10-13T16:00:00,-13.4,9.08,92.2,30.4,38.0
2022-10-13T17:00:00,-13.5,8.68,91.7,23.2,31.3
2022-10-13T18:00:00,-13.8,8.0,90.0,13.8,24.3
2022-10-13T19:00:00,-13.9,7.57,93.8,8.2,18.7
2022-10-13T20:00:00,-14.2,6.89,92.4,0.0,11.5
2022-10-13T21:00:00,-14.8,6.26,90.3,0.0,7.7
2022-10-13T22:00:00,-15.3,6.01,92.1,0.0,5.7
2022-10-13T23:00:00,-15.7,6.0,93.5,0.0,6.0
2022-10-14T00:00:00,-15.0,5.71,95.7,0.0,4.4
2022-10-14T01:00:00,-14.4,5.87,93.8,0.0,5.2
2022-10-14T02:00:00,-13.7,5.61,93.1,0.0,4.2
2022-10-14T03:00:00,-13.0,5.2,91.6,0.0,2.6
2022-10-14T04:00:00,-12.6,4.6,90.3,0.0,1.1
2022-10-14T05:00:00,-12.2,3.85,87.2,7.2,0.2
2022-10-14T06:00:00,-11.7,2.47,92.5,19.6,0.0
2022-10-14T07:00:00,-11.6,1.08,92.1,28.0,0.0
2022-10-14T08:00:00,-11.3,0.67,91.9,32.9,0.0
2022-10-14T09:00:00,-11.6,1.84,91.7,34.7,0.0
2022-10-14T10:00:00,-11.9,2.25,91.8,37.1,0.0
2022-10-14T11:00:00,-12.6,1.75,92.4,49.0,0.0
2022-10-14T12:00:00,-11.8,4.37,88.7,54.7,0.7
2022-10-14T13:00:00,-12.1,4.71,92.5,42.2,1.3
2022-10-14T14:00:00,-12.1,5.29,90.3,50.7,2.9
2022-10-14T15:00:00,-12.5,4.91,91.2,41.0,1.8
2022-10-14T16:00:00,-12.7,4.88,91.9,34.4,1.7
2022-10-14T17:00:00,-12.9,5.22,93.3,28.9,2.5
2022-10-14T18:00:00,-12.9,5.38,91.4,18.9,3.1
2022-10-14T19:00:00,-12.8,5.32,92.2,7.9,3.0
2022-10-14T20:00:00,-12.8,4.92,92.5,0.0,1.8
2022-10-14T21:00:00,-13.0,4.47,88.5,0.0,0.9
2022-10-14T22:00:00,-13.3,4.34,88.9,0.0,0.7
2022-10-14T23:00:00,-13.4,4.32,89.7,0.0,0.6
2022-10-15T00:00:00,-13.6,4.79,90.5,0.0,1.5
2022-10-15T01:00:00,-13.2,4.7,92.6,0.0,1.3
2022-10-15T02:00:00,-13.2,4.12,89.3,0.0,0.4
2022-10-15T03:00:00,-13.0,3.1,89.9,0.0,0.0
2022-10-15T04:00:00,-12.8,1.49,95.8,0.0,0.0
2022-10-15T05:00:00,-11.4,0.4,91.5,8.0,0.0
2022-10-15T06:00:00,-11.7,1.22,91.9,20.4,0.0
2022-10-15T07:00:00,-10.5,0.94,88.2,26.4,0.0
2022-10-15T08:00:00,-9.8,0.58,92.6,32.0,0.0
2022-10-15T09:00:00,-9.8,1.04,91.3,33.1,0.0
2022-10-15T10:00:00,-10.8,1.46,92.9,50.3,0.0
2022-10-15T11:00:00,-10.6,1.51,87.0,53.7,0.0
2022-10-15T12:00:00,-11.9,1.84,84.0,54.2,0.0
2022-10-15T13:00:00,-11.2,5.41,89.4,50.2,3.3
2022-10-15T14:00:00,-11.6,6.15,91.7,49.7,6.9
2022-10-15T15:00:00,-12.0,6.18,92.1,37.3,6.5
2022-10-15T16:00:00,-11.9,6.46,94.5,34.5,8.6
2022-10-15T17:00:00,-11.5,7.0,91.5,29.9,12.1
2022-10-15T18:00:00,-11.6,7.69,88.8,19.3,19.2
2022-10-15T19:00:00,-11.4,8.76,88.4,9.3,35.7
2022-10-15T20:00:00,-11.7,8.91,90.2,0.0,37.9
2022-10-15T21:00:00,-12.2,8.86,93.3,0.0,35.6
2022-10-15T22:00:00,-12.4,9.16,89.9,0.0,42.2
2022-10-15T23:00:00,-12.3,9.44,91.4,0.0,45.0
2022-10-16T00:00:00,-12.9,11.96,91.6,0.0,116.9
2022-10-16T01:00:00,-12.5,10.14,91.7,0.0,62.8
2022-10-16T02:00:00,-11.9,8.26,91.6,0.0,26.6
2022-10-16T03:00:00,-11.4,6.4,92.5,0.0,8.3
2022-10-16T04:00:00,-10.9,5.19,89.8,0.0,2.6
2022-10-16T05:00:00,-10.3,4.62,88.7,8.0,1.1
2022-10-16T06:00:00,-9.7,4.68,90.6,16.4,1.2
2022-10-16T07:00:00,-9.2,4.81,86.8,26.6,1.5
2022-10-16T08:00:00,-8.8,5.26,89.7,38.1,2.8
2022-10-16T09:00:00,-8.6,5.81,91.1,45.8,5.1
2022-10-16T10:00:00,-8.5,6.31,89.7,39.9,7.7
2022-10-16T11:00:00,-8.7,6.7,90.5,51.8,9.8
2022-10-16T12:00:00,-8.6,8.56,87.9,50.5,30.0
2022-10-16T13:00:00,-9.0,7.78,86.4,45.3,19.9
2022-10-16T14:00:00,-9.7,7.7,87.2,46.0,20.0
2022-10-16T15:00:00,-10.2,7.22,91.9,46.3,14.7
2022-10-16T16:00:00,-10.5,6.74,90.5,27.9,11.2
2022-10-16T17:00:00,-10.7,6.21,88.8,24.2,6.8
2022-10-16T18:00:00,-10.5,5.8,87.5,19.7,4.9
2022-10-16T19:00:00,-9.5,6.33,88.4,7.8,7.9
2022-10-16T20:00:00,-8.0,8.22,90.3,0.0,26.4
2022-10-16T21:00:00,-7.4,9.08,91.2,0.0,39.3
2022-10-16T22:00:00,-6.9,10.1,90.8,0.0,59.7
2022-10-16T23:00:00,-6.9,10.6,89.1,0.0,73.8
2022-10-17T00:00:00,-6.9,12.01,90.6,0.0,116.3
2022-10-17T01:00:00,-6.2,11.82,93.1,0.0,110.4
2022-10-17T02:00:00,-6.0,9.9,89.8,0.0,57.7
2022-10-17T03:00:00,-5.5,9.67,93.4,0.0,49.7
2022-10-17T04:00:00,-5.0,8.92,89.1,0.0,38.1
2022-10-17T05:00:00,-4.6,8.29,92.0,9.7,27.9
2022-10-17T06:00:00,-4.1,8.38,94.0,16.8,27.1
2022-10-17T07:00:00,-4.1,8.8,89.2,25.3,33.9
2022-10-17T08:00:00,-4.2,8.13,86.0,40.0,25.8
2022-10-17T09:00:00,-4.3,7.69,88.2,39.3,20.0
2022-10-17T10:00:00,-4.5,7.84,90.1,45.5,20.3
2022-10-17T11:00:00,-4.8,7.76,90.2,43.9,20.7
2022-10-17T12:00:00,-5.0,9.04,88.3,54.0,40.0
2022-10-17T13:00:00,-5.4,8.13,88.8,48.7,23.8
2022-10-17T14:00:00,-5.7,7.88,86.6,41.3,21.0
2022-10-17T15:00:00,-5.8,8.65,88.4,41.3,32.7
2022-10-17T16:00:00,-6.1,10.06,93.6,32.6,59.9
2022-10-17T17:00:00,-6.4,10.4,87.6,25.4,70.3
2022-10-17T18:00:00,-6.8,11.54,89.3,18.9,102.7
2022-10-17T19:00:00,-7.1,11.76,88.2,10.3,106.7
2022-10-17T20:00:00,-7.6,12.2,90.1,0.0,114.9
2022-10-17T21:00:00,-8.4,12.86,88.1,0.0,116.7
2022-10-17T22:00:00,-8.9,12.87,89.8,0.0,112.2
2022-10-17T23:00:00,-9.3,12.81,88.9,0.0,115.8
2022-10-18T00:00:00,-9.1,11.04,88.4,0.0,87.6
2022-10-18T01:00:00,-9.2,10.77,92.3,0.0,74.1
2022-10-18T02:00:00,-9.0,10.88,89.5,0.0,80.7
2022-10-18T03:00:00,-8.6,10.44,89.8,0.0,67.4
2022-10-18T04:00:00,-8.1,9.99,88.9,0.2,57.0
2022-10-18T05:00:00,-7.5,9.4,88.4,10.9,44.7
2022-10-18T06:00:00,-7.1,8.61,88.3,19.7,31.7
2022-10-18T07:00:00,-6.8,8.11,89.3,26.0,25.0
2022-10-18T08:00:00,-6.8,7.4,90.3,30.1,16.1
2022-10-18T09:00:00,-7.0,6.14,90.6,36.0,6.4
2022-10-18T10:00:00,-7.3,5.87,90.5,48.0,5.4
2022-10-18T11:00:00,-7.8,5.89,89.1,43.7,5.2
2022-10-18T12:00:00,-8.5,6.11,90.9,45.0,6.7
2022-10-18T13:00:00,-9.0,6.26,88.7,55.0,7.1
2022-10-18T14:00:00,-9.7,6.4,88.7,53.8,8.2
2022-10-18T15:00:00,-10.3,6.46,89.7,34.2,8.3
2022-10-18T16:00:00,-10.3,7.21,89.2,33.5,15.4
2022-10-18T17:00:00,-10.3,7.7,90.9,28.7,20.1
2022-10-18T18:00:00,-10.6,7.51,92.1,18.8,17.3
2022-10-18T19:00:00,-10.8,7.72,93.0,10.8,19.1
2022-10-18T20:00:00,-10.9,8.13,87.0,0.2,26.0
2022-10-18T21:00:00,-11.1,8.44,90.4,0.0,28.9
2022-10-18T22:00:00,-11.2,8.55,91.0,0.0,30.0
2022-10-18T23:00:00,-11.5,8.14,92.8,0.0,25.1
2022-10-19T00:00:00,-12.2,8.54,93.6,0.0,29.2
2022-10-19T01:00:00,-12.1,6.55,92.8,0.0,8.8
2022-10-19T02:00:00,-12.3,4.9,90.3,0.0,1.7
2022-10-19T03:00:00,-12.0,4.1,92.9,0.0,0.4
2022-10-19T04:00:00,-11.6,3.5,87.6,1.4,0.0
2022-10-19T05:00:00,-11.1,3.51,92.3,11.7,0.0
2022-10-19T06:00:00,-10.7,3.41,89.4,22.8,0.0
2022-10-19T07:00:00,-10.5,3.3,89.9,31.9,0.0
2022-10-19T08:00:00,-10.4,3.21,88.9,36.0,0.0
2022-10-19T09:00:00,-10.7,2.91,93.5,39.0,0.0
2022-10-19T10:00:00,-11.4,2.71,93.3,53.4,0.0
2022-10-19T11:00:00,-12.1,2.56,90.7,50.0,0.0
2022-10-19T12:00:00,-11.1,1.7,91.8,50.5,0.0
2022-10-19T13:00:00,-13.4,2.48,92.4,49.0,0.0
2022-10-19T14:00:00,-14.2,3.51,92.6,41.7,0.1
2022-10-19T15:00:00,-13.9,4.43,92.4,41.5,0.8
2022-10-19T16:00:00,-13.5,5.19,86.9,37.0,2.5
2022-10-19T17:00:00,-13.2,5.52,92.8,27.2,3.7
2022-10-19T18:00:00,-13.4,5.64,96.9,17.9,4.3
2022-10-19T19:00:00,-13.4,5.84,92.1,10.4,5.2
2022-10-19T20:00:00,-13.4,6.22,90.7,1.1,6.8
2022-10-19T21:00:00,-13.4,6.52,89.3,0.0,9.0
2022-10-19T22:00:00,-13.7,6.53,91.3,0.0,9.5
2022-10-19T23:00:00,-14.1,6.44,89.1,0.0,8.4
2022-10-20T00:00:00,-13.7,7.42,93.9,0.0,16.4
2022-10-20T01:00:00,-13.7,6.75,92.7,0.0,11.1
2022-10-20T02:00:00,-13.6,5.32,93.7,0.0,3.0
2022-10-20T03:00:00,-13.4,3.9,91.6,0.0,0.2
2022-10-20T04:00:00,-13.1,3.21,91.4,2.0,0.0
2022-10-20T05:00:00,-12.7,2.8,91.0,10.6,0.0
2022-10-20T06:00:00,-12.6,2.11,92.5,17.6,0.0
2022-10-20T07:00:00,-12.2,1.4,92.4,29.5,0.0
2022-10-20T08:00:00,-11.0,0.67,91.4,36.4,0.0
2022-10-20T09:00:00,-10.8,1.0,89.3,37.1,0.0
2022-10-20T10:00:00,-11.1,1.4,88.8,52.1,0.0
2022-10-20T11:00:00,-10.9,1.36,88.5,58.3,0.0
2022-10-20T12:00:00,-11.5,1.41,90.8,52.5,0.0
2022-10-20T13:00:00,-12.0,1.22,92.1,51.4,0.0
2022-10-20T14:00:00,-13.4,1.88,88.1,40.3,0.0
2022-10-20T15:00:00,-17.2,3.41,95.0,41.4,0.0
2022-10-20T16:00:00,-15.9,4.6,94.3,31.1,1.1
2022-10-20T17:00:00,-15.2,5.3,91.1,25.3,2.9
2022-10-20T18:00:00,-15.4,5.3,95.7,16.9,2.7
2022-10-20T19:00:00,-15.5,5.5,95.8,9.7,3.8
2022-10-20T20:00:00,-15.1,6.5,96.0,2.1,8.9
2022-10-20T21:00:00,-14.9,6.91,92.8,0.0,11.7
2022-10-20T22:00:00,-14.9,7.14,89.3,0.0,14.4
2022-10-20T23:00:00,-15.0,7.47,93.8,0.0,16.8
2022-10-21T00:00:00,-14.7,8.73,92.6,0.0,34.2
2022-10-21T01:00:00,-14.5,7.24,89.9,0.0,14.3
2022-10-21T02:00:00,-14.5,6.28,94.9,0.0,7.7
2022-10-21T03:00:00,-14.2,5.52,94.3,0.0,3.8
2022-10-21T04:00:00,-14.0,4.88,95.3,2.8,1.7
2022-10-21T05:00:00,-13.7,4.74,89.9,10.4,1.4
2022-10-21T06:00:00,-13.4,4.83,96.3,17.8,1.6
2022-10-21T07:00:00,-13.1,4.59,94.5,31.8,1.0
2022-10-21T08:00:00,-13.0,4.43,93.0,32.7,0.8
2022-10-21T09:00:00,-13.1,4.22,87.5,38.8,0.5
2022-10-21T10:00:00,-13.5,3.89,93.2,41.1,0.2
2022-10-21T11:00:00,-14.2,4.0,89.4,43.4,0.3
2022-10-21T12:00:00,-13.3,5.92,91.7,59.4,5.3
2022-10-21T13:00:00,-13.2,6.18,90.5,44.9,6.8
2022-10-21T14:00:00,-14.1,6.48,90.1,50.6,8.8
2022-10-21T15:00:00,-14.9,6.7,94.9,39.6,10.9
2022-10-21T16:00:00,-15.2,7.41,91.6,32.5,17.4
2022-10-21T17:00:00,-15.0,8.51,92.1,28.6,30.1
2022-10-21T18:00:00,-14.9,9.04,90.6,22.2,39.1
2022-10-21T19:00:00,-15.1,9.06,94.5,14.1,41.2
2022-10-21T20:00:00,-15.3,8.9,93.4,2.7,35.9
2022-10-21T21:00:00,-15.7,8.81,93.0,0.0,33.9
2022-10-21T22:00:00,-16.0,8.58,92.6,0.0,32.3
2022-10-21T23:00:00,-16.2,8.68,94.4,0.0,34.5
2022-10-22T00:00:00,-16.1,9.31,92.5,0.0,41.7
2022-10-22T01:00:00,-16.1,9.07,92.9,0.0,40.4
2022-10-22T02:00:00,-15.7,8.51,92.9,0.0,31.7
2022-10-22T03:00:00,-15.2,7.78,90.6,0.0,20.0
2022-10-22T04:00:00,-14.5,7.24,91.1,3.3,14.7
2022-10-22T05:00:00,-14.0,6.81,94.9,14.4,11.0
2022-10-22T06:00:00,-13.7,5.8,94.1,24.1,4.9
2022-10-22T07:00:00,-13.5,5.08,91.5,26.0,2.3
2022-10-22T08:00:00,-13.4,4.92,94.7,36.6,1.8
2022-10-22T09:00:00,-13.5,4.83,89.7,38.4,1.6
2022-10-22T10:00:00,-14.2,3.61,93.8,52.7,0.1
2022-10-22T11:00:00,-15.0,3.35,88.9,43.5,0.0
2022-10-22T12:00:00,-15.0,4.33,91.9,43.3,0.7
2022-10-22T13:00:00,-15.2,5.6,94.4,46.5,3.9
2022-10-22T14:00:00,-15.1,6.54,89.3,51.0,9.2
2022-10-22T15:00:00,-15.1,7.42,87.8,41.7,17.3
2022-10-22T16:00:00,-15.2,8.21,93.7,39.4,26.5
2022-10-22T17:00:00,-15.2,8.0,90.8,31.8,23.7
2022-10-22T18:00:00,-15.4,7.4,93.8,22.9,15.9
2022-10-22T19:00:00,-15.5,7.02,91.1,11.4,12.9
2022-10-22T20:00:00,-15.3,6.91,92.8,3.6,11.9
2022-10-22T21:00:00,-15.4,6.5,93.0,0.0,8.9
2022-10-22T22:00:00,-15.7,6.13,94.9,0.0,6.3
2022-10-22T23:00:00,-15.8,5.87,95.5,0.0,5.2
2022-10-23T00:00:00,-12.9,7.22,88.3,0.0,14.9
2022-10-23T01:00:00,-12.0,6.69,92.1,0.0,10.3
2022-10-23T02:00:00,-11.3,6.21,95.9,0.0,6.8
2022-10-23T03:00:00,-10.3,6.07,88.1,0.0,6.3
2022-10-23T04:00:00,-9.8,5.14,89.2,4.2,2.3
2022-10-23T05:00:00,-9.4,3.75,88.1,12.2,0.1
2022-10-23T06:00:00,-9.0,2.73,92.1,20.8,0.0
2022-10-23T07:00:00,-8.5,2.62,89.8,33.4,0.0
2022-10-23T08:00:00,-8.2,2.64,87.9,41.8,0.0
2022-10-23T09:00:00,-8.0,3.19,94.0,46.5,0.0
2022-10-23T10:00:00,-8.0,3.98,91.6,52.0,0.3
2022-10-23T11:00:00,-7.7,4.52,90.3,51.6,0.9
2022-10-23T12:00:00,-9.0,3.79,88.2,53.5,0.2
2022-10-23T13:00:00,-8.7,3.98,87.4,60.4,0.3
2022-10-23T14:00:00,-8.7,4.59,88.0,47.7,1.1
2022-10-23T15:00:00,-8.5,5.41,90.9,43.5,3.4
2022-10-23T16:00:00,-8.3,6.1,89.9,40.6,6.5
2022-10-23T17:00:00,-8.3,6.3,92.8,28.4,7.9
2022-10-23T18:00:00,-8.8,6.7,89.9,23.5,9.9
2022-10-23T19:00:00,-9.1,6.7,88.1,11.8,10.3
2022-10-23T20:00:00,-9.4,6.6,93.1,4.2,9.5
2022-10-23T21:00:00,-9.9,6.8,89.2,0.0,11.4
2022-10-23T22:00:00,-10.6,7.03,87.8,0.0,12.8
2022-10-23T23:00:00,-11.1,7.17,93.2,0.0,13.9
2022-10-24T00:00:00,-11.0,7.81,96.1,0.0,21.1
2022-10-24T01:00:00,-10.7,7.64,87.8,0.0,19.7
2022-10-24T02:00:00,-10.4,7.1,90.3,0.0,13.3
2022-10-24T03:00:00,-9.9,6.54,87.9,0.0,9.1
2022-10-24T04:00:00,-9.3,5.91,91.1,5.6,5.1
2022-10-24T05:00:00,-8.7,5.26,91.0,11.6,2.6
2022-10-24T06:00:00,-8.4,4.59,87.3,18.4,1.0
2022-10-24T07:00:00,-8.1,3.95,90.7,25.3,0.3
2022-10-24T08:00:00,-8.0,3.41,90.4,32.5,0.0
2022-10-24T09:00:00,-8.2,3.37,87.5,39.2,0.0
2022-10-24T10:00:00,-8.3,3.98,93.7,42.9,0.3
2022-10-24T11:00:00,-8.5,4.43,91.1,50.2,0.8
2022-10-24T12:00:00,-10.9,3.35,92.7,57.4,0.0
2022-10-24T13:00:00,-10.1,4.9,87.1,57.0,1.7
2022-10-24T14:00:00,-10.2,5.8,88.9,44.1,4.9
2022-10-24T15:00:00,-10.5,6.1,90.9,49.6,6.7
2022-10-24T16:00:00,-10.6,5.92,90.5,41.1,5.2
2022-10-24T17:00:00,-10.5,6.28,88.6,28.6,7.4
2022-10-24T18:00:00,-10.3,6.77,91.4,24.5,10.7
2022-10-24T19:00:00,-10.1,6.93,90.0,11.5,12.3
2022-10-24T20:00:00,-9.7,7.81,88.6,5.7,20.0
2022-10-24T21:00:00,-9.6,8.57,86.9,0.0,29.6
2022-10-24T22:00:00,-9.7,8.67,88.3,0.0,32.9
2022-10-24T23:00:00,-9.6,8.59,92.1,0.0,31.8
2022-10-25T00:00:00,-8.3,9.32,91.3,0.0,42.4
2022-10-25T01:00:00,-7.4,9.24,88.7,0.0,40.3
2022-10-25T02:00:00,-6.8,8.58,90.5,0.0,30.6
2022-10-25T03:00:00,-6.2,7.92,86.8,0.0,21.8
2022-10-25T04:00:00,-5.5,6.46,87.5,6.2,8.4
2022-10-25T05:00:00,-4.6,5.53,92.6,13.0,3.6
2022-10-25T06:00:00,-3.7,5.32,89.1,19.5,3.0
2022-10-25T07:00:00,-3.2,4.37,89.3,31.2,0.7
2022-10-25T08:00:00,-2.0,5.12,89.2,39.1,2.3
2022-10-25T09:00:00,-1.1,5.93,89.2,52.0,5.3
2022-10-25T10:00:00,-0.8,7.32,88.9,47.1,15.8
2022-10-25T11:00:00,-0.8,7.91,89.7,44.2,22.4
2022-10-25T12:00:00,-1.5,6.01,90.9,60.9,5.8
2022-10-25T13:00:00,-2.6,4.13,89.6,60.4,0.4
2022-10-25T14:00:00,-2.7,4.48,91.4,44.9,0.9
2022-10-25T15:00:00,-1.3,6.77,90.3,48.9,10.4
2022-10-25T16:00:00,-0.9,7.38,90.5,35.9,15.7
2022-10-25T17:00:00,-0.8,7.69,89.8,31.8,20.2
2022-10-25T18:00:00,-1.1,7.03,88.4,19.2,12.4
2022-10-25T19:00:00,-1.7,6.22,89.9,13.3,7.1
2022-10-25T20:00:00,-1.8,6.99,89.0,5.0,13.1
2022-10-25T21:00:00,-1.1,8.32,88.4,0.0,28.9
2022-10-25T22:00:00,-0.9,9.63,88.6,0.0,48.0
2022-10-25T23:00:00,-0.9,9.46,90.3,0.0,46.5
2022-10-26T00:00:00,-1.8,12.44,90.1,0.0,112.9
2022-10-26T01:00:00,-1.8,9.9,92.3,0.0,56.1
2022-10-26T02:00:00,-1.6,8.13,91.3,0.0,25.1
2022-10-26T03:00:00,-1.3,7.18,89.2,0.0,14.3
2022-10-26T04:00:00,-0.6,7.93,91.1,5.2,21.7
2022-10-26T05:00:00,-0.3,7.34,89.7,13.4,16.3
2022-10-26T06:00:00,-0.2,7.65,88.5,23.3,20.1
2022-10-26T07:00:00,-0.1,8.37,87.6,36.5,29.0
2022-10-26T08:00:00,0.0,9.69,91.7,33.3,51.0
2022-10-26T09:00:00,-0.3,10.97,88.1,48.7,83.7
2022-10-26T10:00:00,-0.7,11.48,90.4,54.4,94.8
2022-10-26T11:00:00,-1.1,11.1,85.2,59.2,82.2
2022-10-26T12:00:00,-2.0,12.84,89.7,52.4,114.6
2022-10-26T13:00:00,-2.4,11.64,89.8,58.3,102.3
2022-10-26T14:00:00,-2.9,11.2,89.9,58.3,90.1
2022-10-26T15:00:00,-3.4,10.83,90.3,48.3,75.0
2022-10-26T16:00:00,-3.5,10.79,90.1,32.2,80.8
2022-10-26T17:00:00,-3.4,10.44,90.7,25.9,65.4
2022-10-26T18:00:00,-3.5,9.66,88.4,21.9,51.7
2022-10-26T19:00:00,-3.6,9.14,89.9,12.9,40.0
2022-10-26T20:00:00,-3.4,9.84,88.3,6.7,53.1
2022-10-26T21:00:00,-3.4,10.22,93.6,0.0,60.4
2022-10-26T22:00:00,-3.5,11.13,92.5,0.0,87.4
2022-10-26T23:00:00,-3.4,11.95,90.3,0.0,113.3
2022-10-27T00:00:00,-3.8,11.36,88.7,0.0,89.7
2022-10-27T01:00:00,-3.8,11.11,88.3,0.0,85.0
2022-10-27T02:00:00,-3.4,11.16,91.3,0.0,90.6
2022-10-27T03:00:00,-2.9,11.27,89.1,0.0,92.2
2022-10-27T04:00:00,-2.5,10.27,87.3,6.4,64.7
2022-10-27T05:00:00,-2.3,9.05,91.2,14.3,37.4
2022-10-27T06:00:00,-2.0,9.59,92.7,19.9,46.6
2022-10-27T07:00:00,-1.8,9.67,89.8,29.3,53.1
2022-10-27T08:00:00,-1.7,8.91,89.4,37.6,35.7
2022-10-27T09:00:00,-1.8,7.47,92.3,47.4,17.4
2022-10-27T10:00:00,-1.7,7.24,93.1,46.8,14.3
2022-10-27T11:00:00,-1.8,6.99,90.8,48.5,12.5
2022-10-27T12:00:00,-2.7,7.74,88.9,49.2,20.9
2022-10-27T13:00:00,-3.0,8.79,92.4,62.1,34.3
2022-10-27T14:00:00,-2.9,9.46,90.8,56.8,46.0
2022-10-27T15:00:00,-2.5,9.73,89.4,40.4,50.7
2022-10-27T16:00:00,-2.5,9.98,87.8,32.8,56.9
2022-10-27T17:00:00,-2.4,9.85,93.0,31.1,53.0
2022-10-27T18:00:00,-2.3,10.58,90.7,22.1,73.0
2022-10-27T19:00:00,-2.3,10.55,93.0,16.2,74.3
2022-10-27T20:00:00,-2.5,11.21,88.7,6.5,91.9
2022-10-27T21:00:00,-2.6,12.15,91.1,0.0,116.6
2022-10-27T22:00:00,-2.7,12.07,87.6,0.0,109.2
2022-10-27T23:00:00,-2.9,10.92,91.7,0.0,82.5
2022-10-28T00:00:00,-3.8,12.3,89.6,0.0,111.1
2022-10-28T01:00:00,-3.5,11.48,89.3,0.0,92.7
2022-10-28T02:00:00,-3.4,9.92,88.7,0.0,55.5
2022-10-28T03:00:00,-3.1,8.43,92.7,0.0,28.4
2022-10-28T04:00:00,-2.6,7.12,91.7,6.6,13.9
2022-10-28T05:00:00,-2.4,5.78,90.7,16.9,4.6
2022-10-28T06:00:00,-2.1,5.08,90.6,25.8,2.2
2022-10-28T07:00:00,-2.3,4.11,89.9,36.9,0.4
2022-10-28T08:00:00,-2.3,3.33,90.9,38.0,0.0
2022-10-28T09:00:00,-2.5,3.8,88.7,44.7,0.2
2022-10-28T10:00:00,-2.7,4.44,91.3,42.3,0.8
2022-10-28T11:00:00,-3.0,6.07,92.2,61.1,6.4
2022-10-28T12:00:00,-3.2,8.36,90.2,45.5,27.9
2022-10-28T13:00:00,-3.3,10.28,85.6,56.1,65.3
2022-10-28T14:00:00,-2.7,9.75,88.2,49.7,52.7
2022-10-28T15:00:00,-2.5,11.07,90.6,51.3,88.7
2022-10-28T16:00:00,-2.5,12.36,85.5,40.2,119.1
2022-10-28T17:00:00,-2.7,15.7,92.5,35.5,118.3
2022-10-28T18:00:00,-3.0,16.88,90.7,24.6,111.6
2022-10-28T19:00:00,-3.1,18.42,90.1,15.4,115.2
2022-10-28T20:00:00,-3.4,16.99,86.8,6.8,108.2
2022-10-28T21:00:00,-3.7,14.38,89.6,0.0,109.9
2022-10-28T22:00:00,-3.9,12.52,91.3,0.0,112.5
2022-10-28T23:00:00,-3.9,11.72,88.0,0.0,105.8
2022-10-29T00:00:00,-4.2,11.66,88.4,0.0,102.6
2022-10-29T01:00:00,-3.9,11.54,89.1,0.0,97.8
2022-10-29T02:00:00,-3.9,9.37,93.5,0.0,43.8
2022-10-29T03:00:00,-3.5,8.63,90.8,0.0,32.6
2022-10-29T04:00:00,-3.0,8.63,87.0,9.2,32.2
2022-10-29T05:00:00,-2.7,7.47,87.1,15.5,17.6
2022-10-29T06:00:00,-2.5,5.5,91.0,22.4,3.5
2022-10-29T07:00:00,-2.2,5.06,89.1,36.3,2.1
2022-10-29T08:00:00,-1.7,6.46,88.5,43.9,9.0
2022-10-29T09:00:00,-1.8,7.49,89.4,51.2,18.2
2022-10-29T10:00:00,-2.1,8.12,91.5,48.5,25.0
2022-10-29T11:00:00,-2.9,9.65,87.6,47.8,51.9
2022-10-29T12:00:00,-4.2,10.71,90.5,59.9,76.6
2022-10-29T13:00:00,-4.7,11.94,90.8,55.7,113.6
2022-10-29T14:00:00,-4.7,12.27,88.0,46.2,111.3
2022-10-29T15:00:00,-4.6,11.59,91.2,42.3,105.5
2022-10-29T16:00:00,-4.6,10.92,92.1,45.5,82.6
2022-10-29T17:00:00,-4.9,10.66,90.6,34.5,70.6
2022-10-29T18:00:00,-5.2,10.57,91.0,23.1,73.1
2022-10-29T19:00:00,-5.1,10.83,90.8,14.1,78.7
2022-10-29T20:00:00,-5.2,11.46,90.7,7.4,91.9
2022-10-29T21:00:00,-5.2,11.51,92.9,0.0,95.0
2022-10-29T22:00:00,-5.3,10.72,92.5,0.0,74.6
2022-10-29T23:00:00,-5.2,10.31,89.9,0.0,67.3
2022-10-30T00:00:00,-5.5,9.62,90.2,0.0,51.2
2022-10-30T01:00:00,-5.3,9.71,87.6,0.0,52.3
2022-10-30T02:00:00,-5.3,9.71,87.7,0.0,48.9
2022-10-30T03:00:00,-4.9,8.73,89.8,0.0,32.0
2022-10-30T04:00:00,-4.4,7.67,89.9,9.5,19.9
2022-10-30T05:00:00,-4.0,7.25,93.6,18.6,14.9
2022-10-30T06:00:00,-3.9,6.76,89.7,23.3,11.0
2022-10-30T07:00:00,-4.0,6.32,90.5,34.3,8.0
2022-10-30T08:00:00,-4.1,5.56,88.8,45.0,3.9
2022-10-30T09:00:00,-4.1,4.82,88.8,50.0,1.5
2022-10-30T10:00:00,-4.5,4.5,90.5,43.4,0.9
2022-10-30T11:00:00,-5.0,4.51,91.7,53.8,1.0
2022-10-30T12:00:00,-5.9,4.31,88.8,54.7,0.7
2022-10-30T13:00:00,-6.0,4.82,87.6,48.2,1.5
2022-10-30T14:00:00,-6.1,5.87,90.3,53.9,5.0
2022-10-30T15:00:00,-6.2,6.89,90.1,41.4,11.7
2022-10-30T16:00:00,-5.9,6.63,90.6,34.7,10.3
2022-10-30T17:00:00,-5.6,6.05,90.8,34.4,6.0
2022-10-30T18:00:00,-5.5,5.7,91.1,28.1,4.5
2022-10-30T19:00:00,-5.5,5.1,90.7,19.4,2.2
2022-10-30T20:00:00,-5.4,4.9,85.4,9.9,1.7
2022-10-30T21:00:00,-4.8,5.52,88.6,0.0,3.5
2022-10-30T22:00:00,-4.4,6.6,91.6,0.0,9.2
2022-10-30T23:00:00,-4.0,6.85,90.4,0.0,11.4
2022-10-31T00:00:00,-3.6,10.87,88.5,0.0,77.7
2022-10-31T01:00:00,-4.1,9.24,93.8,0.0,41.2
2022-10-31T02:00:00,-4.1,6.8,87.6,0.0,11.3
2022-10-31T03:00:00,-4.0,5.37,94.0,0.7,3.0
2022-10-31T04:00:00,-4.0,4.44,90.1,8.4,0.8
2022-10-31T05:00:00,-3.8,3.58,91.2,15.4,0.1
2022-10-31T06:00:00,-3.4,3.26,88.0,29.8,0.0
2022-10-31T07:00:00,-3.2,3.01,93.1,34.5,0.0
2022-10-31T08:00:00,-3.0,3.09,91.0,45.1,0.0
2022-10-31T09:00:00,-3.0,4.07,90.9,45.0,0.4
2022-10-31T10:00:00,-3.1,6.66,86.9,51.7,9.5
2022-10-31T11:00:00,-3.4,7.39,89.1,60.2,16.0
2022-10-31T12:00:00,-4.2,9.0,89.7,52.0,37.2
2022-10-31T13:00:00,-4.4,10.05,92.1,46.4,59.5
2022-10-31T14:00:00,-4.4,10.88,90.0,50.9,81.6
2022-10-31T15:00:00,-4.6,10.94,88.5,41.7,80.7
2022-10-31T16:00:00,-4.7,10.46,90.1,43.2,66.1
2022-10-31T17:00:00,-4.9,10.56,88.3,30.2,73.6
2022-10-31T18:00:00,-4.9,10.59,90.6,29.5,70.5
2022-10-31T19:00:00,-4.8,10.42,94.0,18.1,71.0
2022-10-31T20:00:00,-4.8,9.79,92.4,9.1,54.5
2022-10-31T21:00:00,-5.1,8.25,87.3,0.7,27.6
2022-10-31T22:00:00,-5.0,7.88,91.7,0.0,22.9
2022-10-31T23:00:00,-5.1,7.64,90.5,0.0,18.8
2022-11-01T00:00:00,-6.0,11.2,93.4,0.0,84.1
2022-11-01T01:00:00,-5.7,9.49,89.2,0.0,49.2
2022-11-01T02:00:00,-5.4,9.78,88.3,0.0,51.3
2022-11-01T03:00:00,-4.8,9.73,87.3,1.6,51.7
2022-11-01T04:00:00,-4.3,8.54,94.4,10.1,32.3
2022-11-01T05:00:00,-4.0,9.08,91.0,15.6,41.6
2022-11-01T06:00:00,-3.7,9.87,92.8,22.5,57.1
2022-11-01T07:00:00,-3.4,9.18,91.9,30.4,43.0
2022-11-01T08:00:00,-3.2,8.08,91.5,46.7,24.3
2022-11-01T09:00:00,-3.0,6.84,90.0,44.7,10.8
2022-11-01T10:00:00,-3.3,6.74,89.3,44.2,10.4
2022-11-01T11:00:00,-3.4,7.64,87.2,58.6,18.2
2022-11-01T12:00:00,-3.9,7.64,88.5,64.6,19.8
2022-11-01T13:00:00,-4.1,8.27,92.9,47.9,25.6
2022-11-01T14:00:00,-4.4,8.22,91.2,49.3,27.2
2022-11-01T15:00:00,-4.6,8.34,90.9,48.2,28.3
2022-11-01T16:00:00,-4.7,8.13,89.2,40.8,25.3
2022-11-01T17:00:00,-4.5,7.13,91.5,31.1,13.8
2022-11-01T18:00:00,-4.6,6.83,90.8,21.5,11.1
2022-11-01T19:00:00,-4.7,7.51,86.4,20.4,18.1
2022-11-01T20:00:00,-4.6,8.62,89.8,9.6,30.6
2022-11-01T21:00:00,-4.9,9.04,91.0,1.2,40.2
2022-11-01T22:00:00,-5.0,9.28,88.3,0.0,41.8
2022-11-01T23:00:00,-5.1,8.47,88.7,0.0,29.1
2022-11-02T00:00:00,-4.6,9.01,90.1,0.0,38.9
2022-11-02T01:00:00,-4.6,8.39,90.3,0.0,29.3
2022-11-02T02:00:00,-4.5,8.1,93.7,0.0,24.7
2022-11-02T03:00:00,-4.2,7.12,90.3,2.1,13.7
2022-11-02T04:00:00,-3.7,6.07,91.2,10.7,6.3
2022-11-02T05:00:00,-3.2,5.22,88.6,16.9,2.7
2022-11-02T06:00:00,-2.9,4.62,92.9,22.1,1.1
2022-11-02T07:00:00,-2.8,4.7,90.8,29.0,1.2
2022-11-02T08:00:00,-2.7,4.34,89.7,35.8,0.6
2022-11-02T09:00:00,-2.7,4.15,90.6,54.0,0.4
2022-11-02T10:00:00,-2.9,3.88,91.1,59.7,0.2
2022-11-02T11:00:00,-3.0,3.14,92.1,52.7,0.0
2022-11-02T12:00:00,-3.6,6.99,89.0,48.6,12.5
2022-11-02T13:00:00,-3.9,6.45,89.3,48.9,8.6
2022-11-02T14:00:00,-4.3,5.97,86.5,54.9,5.7
2022-11-02T15:00:00,-5.3,5.33,86.8,52.3,3.0
2022-11-02T16:00:00,-6.0,5.76,89.7,46.3,4.9
2022-11-02T17:00:00,-6.6,7.1,91.2,31.0,13.0
2022-11-02T18:00:00,-6.6,7.64,89.3,24.6,19.6
2022-11-02T19:00:00,-6.5,8.02,88.2,19.3,23.0
2022-11-02T20:00:00,-6.3,8.25,92.5,9.9,27.6
2022-11-02T21:00:00,-6.3,8.49,89.9,2.5,29.4
2022-11-02T22:00:00,-6.4,8.68,88.3,0.0,34.6
2022-11-02T23:00:00,-6.5,8.67,86.1,0.0,33.8
2022-11-03T00:00:00,-6.7,8.32,87.0,0.0,26.8
2022-11-03T01:00:00,-6.6,7.59,89.0,0.0,17.8
2022-11-03T02:00:00,-6.4,7.18,91.0,0.0,14.7
2022-11-03T03:00:00,-6.1,6.52,85.7,2.5,9.3
2022-11-03T04:00:00,-5.9,5.77,89.1,9.5,4.9
2022-11-03T05:00:00,-5.6,5.52,89.3,19.5,3.5
2022-11-03T06:00:00,-5.5,4.65,86.8,27.2,1.1
2022-11-03T07:00:00,-5.4,4.08,87.8,34.8,0.4
2022-11-03T08:00:00,-5.3,3.55,88.2,48.8,0.1
2022-11-03T09:00:00,-5.4,2.79,90.3,46.0,0.0
2022-11-03T10:00:00,-5.9,2.1,88.3,43.8,0.0
2022-11-03T11:00:00,-6.5,2.01,89.4,51.1,0.0
2022-11-03T12:00:00,-6.2,2.38,89.7,56.9,0.0
2022-11-03T13:00:00,-7.0,2.81,88.8,52.7,0.0
2022-11-03T14:00:00,-7.3,2.83,89.2,44.3,0.0
2022-11-03T15:00:00,-7.4,3.31,90.9,45.4,0.0
2022-11-03T16:00:00,-8.2,4.8,93.2,38.9,1.4
2022-11-03T17:00:00,-8.3,5.71,94.9,32.8,4.5
2022-11-03T18:00:00,-8.5,5.8,91.1,25.1,4.7
2022-11-03T19:00:00,-8.0,5.81,93.3,16.5,5.1
2022-11-03T20:00:00,-8.2,5.81,90.6,11.2,5.2
2022-11-03T21:00:00,-7.9,5.61,90.3,3.0,3.9
2022-11-03T22:00:00,-8.0,5.62,90.8,0.0,4.0
2022-11-03T23:00:00,-8.4,5.8,91.7,0.0,5.1
2022-11-04T00:00:00,-8.0,4.81,91.0,0.0,1.6
2022-11-04T01:00:00,-8.0,4.92,86.6,0.0,1.7
2022-11-04T02:00:00,-7.8,4.9,87.9,0.0,1.7
2022-11-04T03:00:00,-7.7,4.81,88.5,3.9,1.5
2022-11-04T04:00:00,-7.2,4.65,88.6,10.8,1.2
2022-11-04T05:00:00,-6.8,4.2,89.2,22.1,0.5
2022-11-04T06:00:00,-6.5,4.14,89.9,25.3,0.4
2022-11-04T07:00:00,-6.3,3.94,91.7,30.6,0.3
2022-11-04T08:00:00,-6.1,3.53,89.9,45.6,0.1
2022-11-04T09:00:00,-5.9,3.22,88.6,45.2,0.0
2022-11-04T10:00:00,-6.1,2.73,87.5,60.1,0.0
2022-11-04T11:00:00,-6.3,2.47,87.9,64.1,0.0
2022-11-04T12:00:00,-8.1,3.41,90.5,63.1,0.0
2022-11-04T13:00:00,-8.6,4.26,88.7,66.2,0.6
2022-11-04T14:00:00,-9.4,4.47,90.0,45.5,0.8
2022-11-04T15:00:00,-10.2,4.59,88.2,55.0,1.1
2022-11-04T16:00:00,-10.7,5.02,86.9,47.0,2.1
2022-11-04T17:00:00,-10.7,5.3,89.7,30.2,3.0
2022-11-04T18:00:00,-10.9,5.57,90.4,24.6,3.7
2022-11-04T19:00:00,-10.8,5.63,90.1,20.2,4.3
2022-11-04T20:00:00,-10.7,5.61,91.3,12.2,4.0
2022-11-04T21:00:00,-10.7,5.71,90.4,3.8,4.4
2022-11-04T22:00:00,-10.5,5.94,90.7,0.0,5.8
2022-11-04T23:00:00,-10.6,6.1,91.3,0.0,6.4
2022-11-05T00:00:00,-10.7,6.17,89.3,0.0,6.6
2022-11-05T01:00:00,-10.1,6.21,90.1,0.0,7.0
2022-11-05T02:00:00,-9.4,5.85,86.6,0.0,5.4
2022-11-05T03:00:00,-8.9,5.4,89.1,3.5,3.3
2022-11-05T04:00:00,-8.4,5.12,92.5,11.8,2.3
2022-11-05T05:00:00,-8.0,5.04,85.7,17.4,2.2
2022-11-05T06:00:00,-7.7,5.07,90.9,24.8,2.2
2022-11-05T07:00:00,-7.5,5.02,90.1,40.9,2.0
2022-11-05T08:00:00,-7.4,4.27,93.1,49.1,0.6
2022-11-05T09:00:00,-7.4,3.45,86.6,46.9,0.0
2022-11-05T10:00:00,-7.5,2.92,90.6,60.3,0.0
2022-11-05T11:00:00,-8.0,2.57,86.2,65.9,0.0
2022-11-05T12:00:00,-8.5,2.93,87.9,66.4,0.0
2022-11-05T13:00:00,-9.0,3.41,90.6,66.9,0.0
2022-11-05T14:00:00,-9.3,4.4,87.4,62.9,0.7
2022-11-05T15:00:00,-9.8,5.2,89.2,48.3,2.5
2022-11-05T16:00:00,-10.2,5.6,91.3,44.7,4.1
2022-11-05T17:00:00,-10.5,5.9,91.6,39.6,5.2
2022-11-05T18:00:00,-10.8,5.9,90.4,31.4,5.4
2022-11-05T19:00:00,-11.1,6.01,90.4,17.1,6.1
2022-11-05T20:00:00,-11.3,6.11,89.2,9.7,6.7
2022-11-05T21:00:00,-11.7,6.11,92.1,3.5,6.3
2022-11-05T22:00:00,-11.7,6.11,91.3,0.0,6.2
2022-11-05T23:00:00,-11.7,5.8,92.2,0.0,5.0
2022-11-06T00:00:00,-11.9,6.31,91.3,0.0,7.3
2022-11-06T01:00:00,-11.7,6.41,90.8,0.0,8.3
2022-11-06T02:00:00,-11.2,6.5,92.2,0.0,8.8
2022-11-06T03:00:00,-10.4,6.43,87.8,5.1,8.4
2022-11-06T04:00:00,-9.9,5.87,88.0,13.6,5.5
2022-11-06T05:00:00,-9.5,5.37,89.9,21.5,3.2
2022-11-06T06:00:00,-9.3,5.1,89.6,26.7,2.2
2022-11-06T07:00:00,-9.1,5.01,89.8,33.9,2.1
2022-11-06T08:00:00,-8.9,5.1,88.1,49.2,2.1
2022-11-06T09:00:00,-8.7,5.5,88.1,41.0,3.4
2022-11-06T10:00:00,-8.6,5.95,90.6,62.6,5.9
2022-11-06T11:00:00,-8.6,6.4,91.6,62.1,8.0
2022-11-06T12:00:00,-8.6,5.23,92.2,60.1,2.5
2022-11-06T13:00:00,-8.8,5.06,95.1,58.1,2.2
2022-11-06T14:00:00,-9.4,4.85,87.1,57.1,1.7
2022-11-06T15:00:00,-9.8,5.14,90.6,57.7,2.4
2022-11-06T16:00:00,-10.0,5.6,88.5,48.5,4.0
2022-11-06T17:00:00,-10.1,6.11,87.8,38.3,6.6
2022-11-06T18:00:00,-9.9,6.09,89.5,30.2,6.1
2022-11-06T19:00:00,-10.0,5.06,86.0,18.4,2.1
2022-11-06T20:00:00,-10.3,4.76,90.2,12.6,1.5
2022-11-06T21:00:00,-10.5,4.46,91.7,5.2,0.8
2022-11-06T22:00:00,-10.6,4.81,90.1,0.0,1.5
2022-11-06T23:00:00,-10.7,5.1,88.7,0.0,2.3
2022-11-07T00:00:00,-12.5,2.9,89.8,0.0,0.0
2022-11-07T01:00:00,-12.7,3.28,92.0,0.0,0.0
2022-11-07T02:00:00,-12.0,3.58,89.4,0.0,0.1
2022-11-07T03:00:00,-11.4,3.52,91.0,5.7,0.1
2022-11-07T04:00:00,-10.9,3.28,87.9,11.2,0.0
2022-11-07T05:00:00,-10.4,3.18,89.1,23.1,0.0
2022-11-07T06:00:00,-10.1,2.87,86.9,26.3,0.0
2022-11-07T07:00:00,-9.8,2.86,88.4,33.8,0.0
2022-11-07T08:00:00,-9.7,2.94,92.5,45.0,0.0
2022-11-07T09:00:00,-9.7,2.77,90.2,50.3,0.0
2022-11-07T10:00:00,-10.1,2.63,88.5,49.7,0.0
2022-11-07T11:00:00,-10.9,2.5,91.7,61.0,0.0
2022-11-07T12:00:00,-10.6,3.61,89.2,67.2,0.1
2022-11-07T13:00:00,-11.3,4.05,92.0,54.6,0.4
2022-11-07T14:00:00,-12.3,3.88,91.1,45.9,0.2
2022-11-07T15:00:00,-12.9,4.22,92.4,51.0,0.5
2022-11-07T16:00:00,-13.3,4.66,94.2,48.4,1.2
2022-11-07T17:00:00,-13.5,4.53,87.5,33.7,0.9
2022-11-07T18:00:00,-12.8,4.2,90.3,27.7,0.5
2022-11-07T19:00:00,-12.7,4.3,92.2,17.3,0.6
2022-11-07T20:00:00,-12.6,4.25,90.0,14.2,0.5
2022-11-07T21:00:00,-12.9,3.86,90.2,5.2,0.2
2022-11-07T22:00:00,-12.9,3.86,89.4,0.0,0.2
2022-11-07T23:00:00,-13.0,3.67,91.5,0.0,0.1
2022-11-08T00:00:00,-13.4,1.84,92.4,0.0,0.0
2022-11-08T01:00:00,-12.9,2.33,89.4,0.0,0.0
2022-11-08T02:00:00,-12.0,2.0,92.7,0.0,0.0
2022-11-08T03:00:00,-11.1,1.13,92.4,4.7,0.0
2022-11-08T04:00:00,-10.7,0.78,90.6,12.4,0.0
2022-11-08T05:00:00,-10.6,1.4,90.4,23.1,0.0
2022-11-08T06:00:00,-10.5,2.42,89.5,24.2,0.0
2022-11-08T07:00:00,-10.3,3.11,89.4,34.2,0.0
2022-11-08T08:00:00,-10.1,3.16,87.6,46.0,0.0
2022-11-08T09:00:00,-10.0,2.78,89.3,53.8,0.0
2022-11-08T10:00:00,-9.9,2.22,93.8,55.9,0.0
2022-11-08T11:00:00,-10.0,1.89,89.6,63.2,0.0
2022-11-08T12:00:00,-11.2,1.66,89.9,57.0,0.0
2022-11-08T13:00:00,-11.8,1.92,86.2,54.4,0.0
2022-11-08T14:00:00,-12.5,2.16,87.8,59.6,0.0
2022-11-08T15:00:00,-12.3,1.84,87.1,48.1,0.0
2022-11-08T16:00:00,-11.2,1.13,91.7,37.5,0.0
2022-11-08T17:00:00,-11.3,0.63,90.0,35.7,0.0
2022-11-08T18:00:00,-11.3,0.71,92.4,31.0,0.0
2022-11-08T19:00:00,-12.0,1.41,90.9,22.0,0.0
2022-11-08T20:00:00,-15.2,2.55,92.7,14.0,0.0
2022-11-08T21:00:00,-15.5,3.05,92.1,5.4,0.0
2022-11-08T22:00:00,-15.5,2.61,91.3,0.0,0.0
2022-11-08T23:00:00,-15.0,2.08,92.0,0.0,0.0
2022-11-09T00:00:00,-15.0,1.97,91.3,0.0,0.0
2022-11-09T01:00:00,-13.6,1.48,95.3,0.0,0.0
2022-11-09T02:00:00,-12.9,0.7,91.2,0.0,0.0
2022-11-09T03:00:00,-12.6,0.89,91.8,6.6,0.0
2022-11-09T04:00:00,-12.3,1.22,91.9,14.3,0.0
2022-11-09T05:00:00,-12.2,1.7,88.0,20.2,0.0
2022-11-09T06:00:00,-12.3,1.9,90.7,24.1,0.0
2022-11-09T07:00:00,-12.1,1.71,91.0,34.2,0.0
2022-11-09T08:00:00,-11.7,1.68,88.4,45.2,0.0
2022-11-09T09:00:00,-11.5,1.75,90.0,52.6,0.0
2022-11-09T10:00:00,-11.6,1.57,90.2,63.7,0.0
2022-11-09T11:00:00,-12.0,1.17,89.7,58.6,0.0
2022-11-09T12:00:00,-12.7,2.08,91.0,68.4,0.0
2022-11-09T13:00:00,-12.6,3.19,89.6,53.1,0.0
2022-11-09T14:00:00,-12.9,3.94,94.9,59.4,0.3
2022-11-09T15:00:00,-13.6,4.11,90.5,41.8,0.4
2022-11-09T16:00:00,-13.6,4.44,91.2,44.9,0.8
2022-11-09T17:00:00,-13.6,4.63,88.1,30.3,1.1
2022-11-09T18:00:00,-13.7,5.1,93.2,32.6,2.2
2022-11-09T19:00:00,-14.6,5.61,91.1,20.7,3.9
2022-11-09T20:00:00,-15.0,5.6,94.5,15.0,3.8
2022-11-09T21:00:00,-15.0,5.61,94.7,5.7,4.0
2022-11-09T22:00:00,-14.8,6.03,90.8,0.0,6.3
2022-11-09T23:00:00,-14.4,6.22,92.2,0.0,6.9
2022-11-10T00:00:00,-14.1,6.01,91.9,0.0,5.9
2022-11-10T01:00:00,-13.5,5.19,94.6,0.0,2.5
2022-11-10T02:00:00,-13.0,3.94,91.1,0.0,0.3
2022-11-10T03:00:00,-12.5,3.16,87.9,5.9,0.0
2022-11-10T04:00:00,-12.0,3.19,90.0,15.1,0.0
2022-11-10T05:00:00,-11.6,3.83,89.5,25.1,0.2
2022-11-10T06:00:00,-11.3,4.14,90.4,27.5,0.4
2022-11-10T07:00:00,-11.0,3.62,87.7,42.7,0.1
2022-11-10T08:00:00,-10.7,2.97,86.5,46.9,0.0
2022-11-10T09:00:00,-10.6,2.13,90.2,44.2,0.0
2022-11-10T10:00:00,-11.1,1.39,92.7,51.3,0.0
2022-11-10T11:00:00,-10.3,0.98,88.6,48.6,0.0
2022-11-10T12:00:00,-10.7,0.86,90.9,58.4,0.0
2022-11-10T13:00:00,-10.8,1.02,90.8,64.5,0.0
2022-11-10T14:00:00,-10.9,1.0,89.5,62.8,0.0
2022-11-10T15:00:00,-11.2,0.28,88.3,50.1,0.0
2022-11-10T16:00:00,-11.8,1.53,92.3,38.7,0.0
2022-11-10T17:00:00,-15.7,3.27,95.0,39.0,0.0
2022-11-10T18:00:00,-15.1,3.96,91.3,34.3,0.3
2022-11-10T19:00:00,-14.7,4.42,92.9,25.1,0.8
2022-11-10T20:00:00,-13.9,4.9,92.8,13.0,1.7
2022-11-10T21:00:00,-13.7,5.3,91.3,7.6,3.0
2022-11-10T22:00:00,-13.5,5.9,89.4,0.0,5.4
2022-11-10T23:00:00,-13.3,6.2,92.8,0.0,6.7
2022-11-11T00:00:00,-13.2,5.33,91.0,0.0,2.9
2022-11-11T01:00:00,-12.7,5.79,93.1,0.0,4.9
2022-11-11T02:00:00,-12.3,6.33,91.3,0.5,7.8
2022-11-11T03:00:00,-11.6,5.91,92.1,7.6,5.3
2022-11-11T04:00:00,-11.3,4.8,90.0,16.7,1.5
2022-11-11T05:00:00,-11.1,3.48,86.7,21.2,0.0
2022-11-11T06:00:00,-11.1,2.06,88.3,33.2,0.0
2022-11-11T07:00:00,-11.4,1.91,86.9,31.3,0.0
2022-11-11T08:00:00,-11.7,2.89,90.4,39.3,0.0
2022-11-11T09:00:00,-11.8,3.31,93.0,51.0,0.0
2022-11-11T10:00:00,-11.9,2.32,90.1,63.9,0.0
2022-11-11T11:00:00,-12.0,1.8,89.6,51.9,0.0
2022-11-11T12:00:00,-11.7,1.34,92.2,53.5,0.0
2022-11-11T13:00:00,-12.1,0.94,92.5,62.1,0.0
2022-11-11T14:00:00,-11.8,1.2,94.7,64.8,0.0
2022-11-11T15:00:00,-12.4,1.55,93.6,52.3,0.0
2022-11-11T16:00:00,-13.3,1.71,88.5,42.1,0.0
2022-11-11T17:00:00,-12.1,0.91,90.3,44.0,0.0
2022-11-11T18:00:00,-13.9,1.7,93.6,29.1,0.0
2022-11-11T19:00:00,-13.9,3.04,96.0,24.4,0.0
2022-11-11T20:00:00,-13.8,3.52,92.9,16.5,0.1
2022-11-11T21:00:00,-14.2,3.57,88.1,6.2,0.1
2022-11-11T22:00:00,-14.3,4.12,90.1,0.6,0.4
2022-11-11T23:00:00,-14.3,4.22,93.1,0.0,0.5
2022-11-12T00:00:00,-14.0,4.06,92.6,0.0,0.3
2022-11-12T01:00:00,-13.4,3.71,90.6,0.0,0.1
2022-11-12T02:00:00,-12.9,3.4,92.1,1.3,0.0
2022-11-12T03:00:00,-12.4,3.68,87.9,8.8,0.1
2022-11-12T04:00:00,-11.9,3.55,93.0,16.1,0.1
2022-11-12T05:00:00,-11.7,3.16,90.7,22.3,0.0
2022-11-12T06:00:00,-11.5,2.86,92.4,28.4,0.0
2022-11-12T07:00:00,-11.4,2.86,89.2,44.1,0.0
2022-11-12T08:00:00,-11.2,2.76,92.1,51.7,0.0
2022-11-12T09:00:00,-11.1,2.48,87.3,43.8,0.0
2022-11-12T10:00:00,-11.2,1.98,89.2,61.9,0.0
2022-11-12T11:00:00,-11.1,1.48,89.0,60.3,0.0
2022-11-12T12:00:00,-11.3,2.25,91.5,57.2,0.0
2022-11-12T13:00:00,-12.9,2.2,91.6,61.2,0.0
2022-11-12T14:00:00,-13.6,1.94,94.3,66.0,0.0
2022-11-12T15:00:00,-14.0,2.1,89.8,44.4,0.0
2022-11-12T16:00:00,-13.5,1.93,94.8,40.2,0.0
2022-11-12T17:00:00,-13.5,1.89,96.0,40.5,0.0
2022-11-12T18:00:00,-14.1,2.26,92.6,32.6,0.0
2022-11-12T19:00:00,-14.3,2.91,92.3,21.2,0.0
2022-11-12T20:00:00,-13.2,3.75,92.5,15.5,0.1
2022-11-12T21:00:00,-12.4,4.54,91.2,7.3,0.9
2022-11-12T22:00:00,-12.2,4.81,94.7,1.3,1.5
2022-11-12T23:00:00,-11.9,4.77,89.9,0.0,1.4
2022-11-13T00:00:00,-10.8,5.95,88.9,0.0,5.3
2022-11-13T01:00:00,-10.3,5.28,90.3,0.0,2.8
2022-11-13T02:00:00,-10.0,3.61,91.4,1.9,0.1
2022-11-13T03:00:00,-9.7,1.87,88.0,7.7,0.0
2022-11-13T04:00:00,-8.9,1.75,86.7,13.6,0.0
2022-11-13T05:00:00,-8.6,2.97,89.9,22.1,0.0
2022-11-13T06:00:00,-8.8,4.33,89.7,26.8,0.7
2022-11-13T07:00:00,-8.9,4.34,89.5,37.0,0.7
2022-11-13T08:00:00,-8.7,4.11,90.6,46.7,0.4
2022-11-13T09:00:00,-8.9,3.96,90.2,50.5,0.3
2022-11-13T10:00:00,-9.2,4.12,95.2,62.8,0.4
2022-11-13T11:00:00,-9.6,3.82,88.8,67.3,0.2
2022-11-13T12:00:00,-10.5,3.19,89.6,56.3,0.0
2022-11-13T13:00:00,-9.8,1.61,90.2,70.1,0.0
2022-11-13T14:00:00,-9.3,0.7,89.4,60.1,0.0
2022-11-13T15:00:00,-10.0,0.32,86.3,43.0,0.0
2022-11-13T16:00:00,-10.4,1.4,91.4,50.7,0.0
2022-11-13T17:00:00,-13.1,2.31,93.4,41.8,0.0
2022-11-13T18:00:00,-14.0,2.6,92.8,31.8,0.0
2022-11-13T19:00:00,-14.9,3.07,94.0,23.6,0.0
2022-11-13T20:00:00,-14.8,3.2,94.6,17.7,0.0
2022-11-13T21:00:00,-14.6,3.13,91.8,8.3,0.0
2022-11-13T22:00:00,-14.4,3.36,91.7,1.7,0.0
2022-11-13T23:00:00,-13.5,3.58,93.4,0.0,0.1
2022-11-14T00:00:00,-12.6,4.05,90.6,0.0,0.4
2022-11-14T01:00:00,-12.5,2.11,88.9,0.0,0.0
2022-11-14T02:00:00,-10.8,1.33,90.0,2.3,0.0
2022-11-14T03:00:00,-10.1,1.46,91.7,9.8,0.0
2022-11-14T04:00:00,-9.0,1.8,87.8,13.1,0.0
2022-11-14T05:00:00,-8.8,1.8,88.6,24.4,0.0
2022-11-14T06:00:00,-7.4,0.72,93.4,31.8,0.0
2022-11-14T07:00:00,-7.8,0.99,91.6,37.2,0.0
2022-11-14T08:00:00,-7.1,0.41,88.6,44.5,0.0
2022-11-14T09:00:00,-7.1,0.9,90.3,47.6,0.0
2022-11-14T10:00:00,-8.6,2.2,89.3,65.4,0.0
2022-11-14T11:00:00,-8.6,3.47,91.9,68.9,0.0
2022-11-14T12:00:00,-8.5,4.83,90.5,68.9,1.5
2022-11-14T13:00:00,-8.8,6.18,89.8,61.3,7.2
2022-11-14T14:00:00,-9.4,6.73,87.7,65.2,10.5
2022-11-14T15:00:00,-9.8,7.51,94.3,58.4,18.4
2022-11-14T16:00:00,-9.8,8.64,90.3,48.0,32.2
2022-11-14T17:00:00,-9.3,8.31,90.1,39.1,26.6
2022-11-14T18:00:00,-9.3,8.41,93.0,30.8,29.6
2022-11-14T19:00:00,-8.6,9.87,88.1,25.3,55.9
2022-11-14T20:00:00,-8.3,10.18,90.1,16.5,62.3
2022-11-14T21:00:00,-8.2,9.84,88.4,7.4,55.9
2022-11-14T22:00:00,-8.1,9.13,89.8,2.7,38.9
2022-11-14T23:00:00,-8.2,9.01,91.9,0.0,37.8
2022-11-15T00:00:00,-7.9,9.15,92.2,0.0,39.3
2022-11-15T01:00:00,-7.7,8.54,90.8,0.0,29.9
2022-11-15T02:00:00,-7.6,7.69,86.2,3.4,18.9
2022-11-15T03:00:00,-7.4,5.96,91.1,10.1,5.8
2022-11-15T04:00:00,-7.2,4.44,89.4,15.8,0.8
2022-11-15T05:00:00,-6.8,3.89,89.4,21.4,0.2
2022-11-15T06:00:00,-6.4,3.31,87.4,28.6,0.0
2022-11-15T07:00:00,-6.1,3.01,89.8,38.6,0.0
2022-11-15T08:00:00,-5.9,2.84,90.5,45.3,0.0
2022-11-15T09:00:00,-5.5,2.3,89.9,45.9,0.0
2022-11-15T10:00:00,-5.5,2.53,91.1,52.7,0.0
2022-11-15T11:00:00,-5.9,2.21,86.3,57.5,0.0
2022-11-15T12:00:00,-6.3,5.68,94.1,65.8,4.4
2022-11-15T13:00:00,-6.8,5.81,91.4,68.2,4.9
2022-11-15T14:00:00,-7.5,6.76,87.6,60.2,10.8
2022-11-15T15:00:00,-8.5,8.32,86.6,56.0,26.3
2022-11-15T16:00:00,-9.6,9.24,90.5,42.2,41.8
2022-11-15T17:00:00,-10.8,9.8,88.3,42.0,54.6
2022-11-15T18:00:00,-11.5,10.2,93.0,28.1,60.8
2022-11-15T19:00:00,-12.0,10.03,91.1,22.7,61.0
2022-11-15T20:00:00,-12.3,9.75,92.6,14.7,52.0
2022-11-15T21:00:00,-12.4,9.57,90.6,10.4,46.7
2022-11-15T22:00:00,-12.6,9.22,89.1,3.4,41.5
2022-11-15T23:00:00,-12.5,8.39,90.6,0.0,27.8
2022-11-16T00:00:00,-12.1,5.32,93.2,0.0,3.0
2022-11-16T01:00:00,-11.0,4.59,91.6,0.0,1.0
2022-11-16T02:00:00,-10.0,4.59,89.8,4.0,1.1
2022-11-16T03:00:00,-9.1,4.57,91.3,8.7,1.1
2022-11-16T04:00:00,-8.4,3.61,86.9,18.4,0.1
2022-11-16T05:00:00,-7.9,2.02,87.3,23.3,0.0
2022-11-16T06:00:00,-7.4,1.22,89.6,31.8,0.0
2022-11-16T07:00:00,-7.1,1.8,89.0,36.3,0.0
2022-11-16T08:00:00,-7.0,1.5,90.7,50.1,0.0
2022-11-16T09:00:00,-5.8,0.2,91.3,50.8,0.0
2022-11-16T10:00:00,-6.0,1.32,93.6,54.3,0.0
2022-11-16T11:00:00,-7.5,2.82,91.7,67.4,0.0
2022-11-16T12:00:00,-7.2,4.06,89.8,68.1,0.4
2022-11-16T13:00:00,-6.5,6.73,86.4,56.9,10.3
2022-11-16T14:00:00,-7.3,6.63,93.1,59.3,9.4
2022-11-16T15:00:00,-8.0,6.91,90.1,59.7,12.5
2022-11-16T16:00:00,-8.5,7.53,91.1,48.4,17.6
2022-11-16T17:00:00,-9.1,7.47,92.9,32.7,18.0
2022-11-16T18:00:00,-9.2,7.85,91.2,33.8,21.6
2022-11-16T19:00:00,-9.3,8.41,86.1,23.5,28.7
2022-11-16T20:00:00,-8.9,9.5,88.4,15.9,47.8
2022-11-16T21:00:00,-8.6,10.14,91.2,8.7,63.2
2022-11-16T22:00:00,-8.7,10.62,92.8,3.1,69.2
2022-11-16T23:00:00,-8.7,10.25,89.7,0.0,66.8
2022-11-17T00:00:00,-8.8,9.95,89.9,0.0,59.7
2022-11-17T01:00:00,-8.2,9.49,87.7,0.0,49.1
2022-11-17T02:00:00,-8.0,8.96,86.4,4.3,37.1
2022-11-17T03:00:00,-7.9,7.14,89.0,11.5,14.5
2022-11-17T04:00:00,-7.5,6.24,90.5,14.8,7.3
2022-11-17T05:00:00,-7.4,5.41,91.3,25.2,3.3
2022-11-17T06:00:00,-7.1,4.63,91.4,31.9,1.2
2022-11-17T07:00:00,-6.8,3.94,86.7,41.0,0.3
2022-11-17T08:00:00,-6.5,3.55,89.9,48.6,0.1
2022-11-17T09:00:00,-6.4,3.62,91.0,49.2,0.1
2022-11-17T10:00:00,-6.4,3.61,90.4,58.0,0.1
2022-11-17T11:00:00,-6.8,3.16,83.8,61.5,0.0
2022-11-17T12:00:00,-7.1,3.97,87.0,63.2,0.3
2022-11-17T13:00:00,-7.4,3.82,87.8,65.8,0.2
2022-11-17T14:00:00,-8.4,3.09,90.3,60.6,0.0
2022-11-17T15:00:00,-9.0,3.61,91.7,61.3,0.1
2022-11-17T16:00:00,-9.0,4.49,94.4,42.5,0.9
2022-11-17T17:00:00,-8.9,4.82,88.5,42.7,1.6
2022-11-17T18:00:00,-9.1,5.2,92.7,37.2,2.6
2022-11-17T19:00:00,-9.1,5.31,89.8,21.2,2.8
2022-11-17T20:00:00,-9.2,5.62,88.6,16.9,4.1
2022-11-17T21:00:00,-9.4,5.61,89.6,8.2,3.8
2022-11-17T22:00:00,-9.1,5.6,94.9,3.4,4.0
2022-11-17T23:00:00,-9.1,5.3,90.9,0.0,3.0
2022-11-18T00:00:00,-8.0,6.36,88.9,0.0,8.1
2022-11-18T01:00:00,-8.1,5.6,88.0,0.0,4.2
2022-11-18T02:00:00,-8.2,4.94,86.5,5.1,1.7
2022-11-18T03:00:00,-7.9,4.31,88.8,11.7,0.6
2022-11-18T04:00:00,-7.7,3.77,88.0,15.6,0.2
2022-11-18T05:00:00,-7.3,3.45,90.6,22.6,0.0
2022-11-18T06:00:00,-6.8,3.5,89.1,31.6,0.0
2022-11-18T07:00:00,-6.5,3.8,87.3,37.0,0.2
2022-11-18T08:00:00,-6.4,4.28,92.8,39.0,0.6
2022-11-18T09:00:00,-6.2,5.02,85.2,53.4,2.1
2022-11-18T10:00:00,-6.2,5.52,89.8,64.4,3.5
2022-11-18T11:00:00,-6.2,5.56,90.8,67.3,3.8
2022-11-18T12:00:00,-6.2,6.0,90.3,69.4,5.8
2022-11-18T13:00:00,-6.5,6.02,89.0,55.6,5.7
2022-11-18T14:00:00,-6.9,5.25,90.2,50.4,2.6
2022-11-18T15:00:00,-7.7,5.77,91.6,54.4,4.7
2022-11-18T16:00:00,-8.5,6.61,88.6,53.0,9.4
2022-11-18T17:00:00,-8.5,6.99,90.8,44.9,12.2
2022-11-18T18:00:00,-8.3,7.16,90.4,34.9,14.5
2022-11-18T19:00:00,-8.3,6.82,91.9,25.4,11.7
2022-11-18T20:00:00,-8.3,6.71,89.1,17.8,10.8
2022-11-18T21:00:00,-8.0,6.73,90.4,9.3,10.7
2022-11-18T22:00:00,-7.8,6.28,85.7,3.8,7.4
2022-11-18T23:00:00,-7.7,5.77,89.3,0.0,4.6
2022-11-19T00:00:00,-7.3,5.61,88.8,0.0,4.2
2022-11-19T01:00:00,-6.9,5.12,90.2,0.4,2.3
2022-11-19T02:00:00,-6.4,4.69,89.7,4.8,1.2
2022-11-19T03:00:00,-5.8,4.24,89.7,8.9,0.6
2022-11-19T04:00:00,-5.3,3.67,91.6,19.5,0.1
2022-11-19T05:00:00,-4.9,3.09,90.1,26.6,0.0
2022-11-19T06:00:00,-4.5,2.95,90.4,26.9,0.0
2022-11-19T07:00:00,-4.2,2.67,87.1,43.4,0.0
2022-11-19T08:00:00,-3.8,2.7,91.2,48.1,0.0
2022-11-19T09:00:00,-3.7,3.86,88.1,49.0,0.2
2022-11-19T10:00:00,-3.7,4.41,88.7,49.0,0.8
2022-11-19T11:00:00,-3.9,4.12,89.5,62.6,0.4
2022-11-19T12:00:00,-4.5,3.61,88.9,61.9,0.1
2022-11-19T13:00:00,-4.3,4.08,91.1,58.8,0.4
2022-11-19T14:00:00,-4.4,5.15,87.5,63.4,2.5
2022-11-19T15:00:00,-4.4,7.1,88.4,46.9,13.2
2022-11-19T16:00:00,-4.4,8.85,88.8,54.8,34.1
2022-11-19T17:00:00,-4.4,8.98,88.1,41.7,39.6
2022-11-19T18:00:00,-4.6,8.3,89.0,33.9,27.2
2022-11-19T19:00:00,-4.4,8.8,88.1,28.2,33.8
2022-11-19T20:00:00,-4.3,11.76,91.6,16.7,103.5
2022-11-19T21:00:00,-4.2,10.88,86.3,11.0,80.5
2022-11-19T22:00:00,-4.2,10.53,86.3,4.4,67.8
2022-11-19T23:00:00,-4.3,9.8,93.8,0.3,54.6
2022-11-20T00:00:00,-4.3,9.17,88.5,0.0,39.1
2022-11-20T01:00:00,-4.2,9.76,90.8,0.8,50.3
2022-11-20T02:00:00,-3.9,9.53,86.1,4.6,47.5
2022-11-20T03:00:00,-3.8,9.23,89.9,10.4,40.2
2022-11-20T04:00:00,-3.4,9.25,88.1,16.8,42.9
2022-11-20T05:00:00,-3.1,9.01,89.8,26.3,39.2
2022-11-20T06:00:00,-3.0,7.79,90.2,33.8,21.0
2022-11-20T07:00:00,-2.9,7.02,93.4,40.2,12.9
2022-11-20T08:00:00,-2.9,6.26,88.2,46.4,7.5
2022-11-20T09:00:00,-2.8,5.51,92.3,58.3,3.5
2022-11-20T10:00:00,-2.7,5.37,89.5,64.7,3.1
2022-11-20T11:00:00,-3.1,4.65,92.8,64.1,1.1
2022-11-20T12:00:00,-4.0,3.14,87.5,60.2,0.0
2022-11-20T13:00:00,-4.9,3.1,90.4,64.0,0.0
2022-11-20T14:00:00,-4.7,4.54,86.8,66.5,1.0
2022-11-20T15:00:00,-4.8,6.21,86.7,52.0,6.9
2022-11-20T16:00:00,-5.1,7.93,89.4,46.3,22.0
2022-11-20T17:00:00,-5.6,8.63,86.3,41.5,32.0
2022-11-20T18:00:00,-5.8,8.81,89.1,28.9,33.7
2022-11-20T19:00:00,-6.0,8.83,89.1,27.5,34.9
2022-11-20T20:00:00,-6.1,8.82,86.1,20.2,36.2
2022-11-20T21:00:00,-6.2,8.81,90.4,10.8,36.2
2022-11-20T22:00:00,-6.3,8.81,91.7,4.5,33.7
2022-11-20T23:00:00,-6.5,8.57,89.6,0.8,30.6
2022-11-21T00:00:00,-6.4,7.6,87.5,0.0,18.4
2022-11-21T01:00:00,-6.4,6.74,88.8,1.6,10.9
2022-11-21T02:00:00,-6.2,5.75,89.6,5.8,4.8
2022-11-21T03:00:00,-5.8,4.61,93.1,9.3,1.1
2022-11-21T04:00:00,-5.3,3.91,87.7,17.2,0.2
2022-11-21T05:00:00,-4.9,2.88,89.5,21.9,0.0
2022-11-21T06:00:00,-4.6,1.94,89.7,29.9,0.0
2022-11-21T07:00:00,-4.4,0.54,91.9,47.5,0.0
2022-11-21T08:00:00,-4.4,1.28,90.2,47.3,0.0
2022-11-21T09:00:00,-4.5,2.55,89.6,57.9,0.0
2022-11-21T10:00:00,-4.7,3.12,90.9,55.1,0.0
2022-11-21T11:00:00,-5.1,3.11,93.4,61.9,0.0
2022-11-21T12:00:00,-5.7,3.02,89.9,70.4,0.0
2022-11-21T13:00:00,-6.8,2.65,88.2,60.4,0.0
2022-11-21T14:00:00,-8.1,2.42,88.8,58.8,0.0
2022-11-21T15:00:00,-9.0,3.16,88.1,52.7,0.0
2022-11-21T16:00:00,-9.1,4.08,94.3,39.7,0.4
2022-11-21T17:00:00,-9.2,4.77,88.5,44.0,1.3
2022-11-21T18:00:00,-9.4,5.38,93.0,29.8,3.1
2022-11-21T19:00:00,-9.6,6.0,88.4,28.4,6.1
2022-11-21T20:00:00,-9.6,6.41,90.6,16.6,8.6
2022-11-21T21:00:00,-9.5,6.81,87.4,12.7,10.9
2022-11-21T22:00:00,-9.5,7.24,88.9,4.9,14.4
2022-11-21T23:00:00,-9.3,7.24,93.1,1.7,14.4
2022-11-22T00:00:00,-8.7,6.91,93.6,0.2,12.2
2022-11-22T01:00:00,-8.3,6.52,91.4,1.6,8.8
2022-11-22T02:00:00,-7.8,6.2,92.4,6.0,6.6
2022-11-22T03:00:00,-7.3,5.7,90.7,12.4,4.5
2022-11-22T04:00:00,-6.8,5.26,89.9,17.6,2.6
2022-11-22T05:00:00,-6.2,5.1,90.6,27.5,2.1
2022-11-22T06:00:00,-5.8,5.24,94.2,39.0,2.6
2022-11-22T07:00:00,-5.6,5.1,89.9,37.5,2.3
2022-11-22T08:00:00,-5.4,4.75,92.8,51.8,1.4
2022-11-22T09:00:00,-5.4,4.36,90.7,59.2,0.7
2022-11-22T10:00:00,-5.5,3.72,93.0,62.9,0.1
2022-11-22T11:00:00,-6.0,3.13,92.6,65.8,0.0
2022-11-22T12:00:00,-6.8,2.7,89.7,57.1,0.0
2022-11-22T13:00:00,-7.0,3.81,87.8,61.9,0.2
2022-11-22T14:00:00,-7.4,5.0,89.1,56.4,2.0
2022-11-22T15:00:00,-8.0,5.5,89.5,49.9,3.6
2022-11-22T16:00:00,-8.4,5.9,88.9,42.6,5.5
2022-11-22T17:00:00,-8.6,6.7,90.4,39.1,10.8
2022-11-22T18:00:00,-8.7,7.5,90.2,35.4,18.2
2022-11-22T19:00:00,-8.9,7.91,88.4,27.7,22.4
2022-11-22T20:00:00,-9.0,8.1,94.1,16.6,25.0
2022-11-22T21:00:00,-9.1,8.1,90.6,13.5,24.9
2022-11-22T22:00:00,-9.1,8.1,89.8,6.4,24.8
2022-11-22T23:00:00,-8.9,8.11,92.7,1.7,25.4
2022-11-23T00:00:00,-8.7,8.32,92.3,0.7,28.1
2022-11-23T01:00:00,-8.4,7.4,90.9,2.3,16.1
2022-11-23T02:00:00,-8.0,5.92,90.6,5.3,5.6
2022-11-23T03:00:00,-7.5,4.47,90.8,11.9,0.8
2022-11-23T04:00:00,-7.1,3.4,89.8,15.6,0.0
2022-11-23T05:00:00,-6.7,2.42,86.3,29.0,0.0
2022-11-23T06:00:00,-6.3,1.55,88.7,36.6,0.0
2022-11-23T07:00:00,-6.0,0.95,92.0,35.6,0.0
2022-11-23T08:00:00,-5.7,0.64,90.4,49.7,0.0
2022-11-23T09:00:00,-5.4,0.45,93.1,58.2,0.0
2022-11-23T10:00:00,-5.9,0.98,91.2,68.3,0.0
2022-11-23T11:00:00,-6.7,1.66,87.7,55.3,0.0
2022-11-23T12:00:00,-7.7,2.8,91.9,60.9,0.0
2022-11-23T13:00:00,-8.3,1.98,89.5,59.4,0.0
2022-11-23T14:00:00,-6.9,1.43,91.6,62.9,0.0
2022-11-23T15:00:00,-9.0,2.08,90.6,58.7,0.0
2022-11-23T16:00:00,-11.5,3.09,91.5,46.0,0.0
2022-11-23T17:00:00,-11.4,3.91,92.0,38.6,0.2
2022-11-23T18:00:00,-11.1,4.62,90.0,39.4,1.2
2022-11-23T19:00:00,-10.9,5.1,93.9,27.5,2.1
2022-11-23T20:00:00,-11.0,5.3,91.2,16.1,2.8
2022-11-23T21:00:00,-11.2,5.0,92.7,10.7,1.9
2022-11-23T22:00:00,-11.1,4.8,89.2,5.3,1.5
2022-11-23T23:00:00,-10.8,4.6,91.4,2.6,1.1
2022-11-24T00:00:00,-9.3,5.95,91.1,1.3,5.3
2022-11-24T01:00:00,-8.6,5.68,87.6,2.7,4.2
2022-11-24T02:00:00,-8.1,4.75,89.7,6.6,1.4
2022-11-24T03:00:00,-7.6,4.03,89.4,12.7,0.3
2022-11-24T04:00:00,-7.1,3.44,88.4,19.9,0.0
2022-11-24T05:00:00,-6.7,3.16,92.0,29.6,0.0
2022-11-24T06:00:00,-6.5,2.88,90.1,38.2,0.0
2022-11-24T07:00:00,-6.6,2.41,92.4,42.8,0.0
2022-11-24T08:00:00,-6.7,2.12,90.0,50.1,0.0
2022-11-24T09:00:00,-6.8,1.8,91.7,53.7,0.0
2022-11-24T10:00:00,-6.9,2.38,91.0,50.1,0.0
2022-11-24T11:00:00,-7.3,2.9,91.7,58.8,0.0
2022-11-24T12:00:00,-8.6,1.94,87.7,58.0,0.0
2022-11-24T13:00:00,-8.9,2.78,90.4,66.8,0.0
2022-11-24T14:00:00,-9.4,3.61,88.6,53.6,0.1
2022-11-24T15:00:00,-9.9,4.03,90.0,45.1,0.3
2022-11-24T16:00:00,-10.0,4.18,91.4,40.4,0.5
2022-11-24T17:00:00,-10.2,4.09,87.7,34.2,0.4
2022-11-24T18:00:00,-10.2,3.89,92.3,32.1,0.2
2022-11-24T19:00:00,-10.6,3.72,91.1,28.2,0.1
2022-11-24T20:00:00,-10.8,3.92,90.1,20.5,0.3
2022-11-24T21:00:00,-10.3,4.31,89.0,13.2,0.6
2022-11-24T22:00:00,-10.0,4.41,91.8,7.9,0.8
2022-11-24T23:00:00,-9.5,5.53,89.1,3.1,3.9
2022-11-25T00:00:00,-8.4,5.52,91.1,1.6,3.7
2022-11-25T01:00:00,-7.7,6.62,88.9,2.9,9.5
2022-11-25T02:00:00,-7.3,6.65,88.7,7.4,10.1
2022-11-25T03:00:00,-6.7,7.15,87.1,14.2,14.2
2022-11-25T04:00:00,-6.1,7.59,87.5,16.4,18.9
2022-11-25T05:00:00,-5.7,8.67,86.3,25.1,34.4
2022-11-25T06:00:00,-5.3,8.63,89.1,31.9,32.6
2022-11-25T07:00:00,-5.1,6.58,94.8,38.0,9.3
2022-11-25T08:00:00,-5.0,7.1,90.6,56.9,14.1
2022-11-25T09:00:00,-4.7,8.84,89.2,52.8,34.9
2022-11-25T10:00:00,-4.8,7.92,88.8,57.4,23.5
2022-11-25T11:00:00,-4.7,7.08,89.1,66.8,13.3
2022-11-25T12:00:00,-4.5,5.85,93.2,55.9,5.2
2022-11-25T13:00:00,-4.8,5.2,90.0,69.8,2.4
2022-11-25T14:00:00,-5.3,4.39,91.2,50.2,0.8
2022-11-25T15:00:00,-5.7,5.11,85.8,48.4,2.2
2022-11-25T16:00:00,-7.1,5.32,90.3,53.7,2.8
2022-11-25T17:00:00,-7.6,5.22,93.1,43.1,2.7
2022-11-25T18:00:00,-8.0,5.44,94.0,38.5,3.4
2022-11-25T19:00:00,-8.8,5.88,85.8,30.5,5.5
2022-11-25T20:00:00,-9.1,5.82,90.2,16.1,4.9
2022-11-25T21:00:00,-9.2,5.68,92.0,11.0,4.3
2022-11-25T22:00:00,-9.0,5.57,90.1,6.7,3.8
2022-11-25T23:00:00,-8.8,5.21,87.1,3.4,2.5
2022-11-26T00:00:00,-7.1,4.11,92.6,2.0,0.4
2022-11-26T01:00:00,-6.6,3.8,89.9,3.6,0.2
2022-11-26T02:00:00,-6.1,3.14,89.2,7.0,0.0
2022-11-26T03:00:00,-5.5,2.38,89.8,13.1,0.0
2022-11-26T04:00:00,-5.2,1.92,89.9,22.2,0.0
2022-11-26T05:00:00,-4.9,1.5,90.6,23.7,0.0
2022-11-26T06:00:00,-4.7,0.57,89.2,28.6,0.0
2022-11-26T07:00:00,-4.6,0.28,91.2,36.5,0.0
2022-11-26T08:00:00,-4.5,0.73,88.8,44.5,0.0
2022-11-26T09:00:00,-4.4,0.4,90.5,50.0,0.0
2022-11-26T10:00:00,-4.4,0.51,89.7,70.4,0.0
2022-11-26T11:00:00,-4.7,1.42,89.1,66.5,0.0
2022-11-26T12:00:00,-5.7,4.0,91.5,70.1,0.3
2022-11-26T13:00:00,-6.2,3.64,88.6,72.5,0.1
2022-11-26T14:00:00,-7.3,3.26,91.6,61.6,0.0
2022-11-26T15:00:00,-8.6,2.52,92.7,45.5,0.0
2022-11-26T16:00:00,-9.1,1.97,91.0,50.2,0.0
2022-11-26T17:00:00,-8.6,1.63,92.2,37.8,0.0
2022-11-26T18:00:00,-7.6,1.0,89.0,29.6,0.0
2022-11-26T19:00:00,-7.8,1.33,91.1,29.4,0.0
2022-11-26T20:00:00,-9.0,1.58,85.7,19.8,0.0
2022-11-26T21:00:00,-9.9,1.84,88.9,10.9,0.0
2022-11-26T22:00:00,-10.5,2.08,92.8,7.0,0.0
2022-11-26T23:00:00,-10.5,2.25,90.1,3.6,0.0
2022-11-27T00:00:00,-7.6,3.6,93.5,2.5,0.1
2022-11-27T01:00:00,-6.3,4.12,87.0,3.3,0.4
2022-11-27T02:00:00,-5.7,5.0,88.8,6.9,1.9
2022-11-27T03:00:00,-5.1,6.42,88.5,11.2,8.4
2022-11-27T04:00:00,-4.6,6.02,87.5,18.4,6.1
2022-11-27T05:00:00,-3.8,5.74,85.4,28.1,4.7
2022-11-27T06:00:00,-3.5,5.82,91.8,36.2,5.0
2022-11-27T07:00:00,-3.3,5.38,88.4,46.1,3.2
2022-11-27T08:00:00,-3.3,5.86,87.2,55.4,5.1
2022-11-27T09:00:00,-3.6,7.22,92.5,47.1,15.1
2022-11-27T10:00:00,-3.8,6.09,95.8,55.5,6.1
2022-11-27T11:00:00,-3.8,6.61,90.1,62.0,9.7
2022-11-27T12:00:00,-5.1,5.08,90.4,63.1,2.2
2022-11-27T13:00:00,-5.1,5.8,90.0,72.8,4.7
2022-11-27T14:00:00,-5.3,6.1,93.1,59.8,6.4
2022-11-27T15:00:00,-5.7,4.92,91.4,55.2,1.8
2022-11-27T16:00:00,-6.6,3.4,89.8,57.3,0.0
2022-11-27T17:00:00,-8.1,1.8,86.3,43.3,0.0
2022-11-27T18:00:00,-7.6,1.06,90.4,33.1,0.0
2022-11-27T19:00:00,-7.3,0.92,90.9,27.9,0.0
2022-11-27T20:00:00,-8.0,1.12,93.1,18.5,0.0
2022-11-27T21:00:00,-7.3,0.5,90.8,15.3,0.0
2022-11-27T22:00:00,-7.3,0.42,88.3,8.2,0.0
2022-11-27T23:00:00,-7.5,0.73,88.5,3.5,0.0
2022-11-28T00:00:00,-6.8,1.36,89.6,2.4,0.0
2022-11-28T01:00:00,-6.6,2.55,92.6,4.8,0.0
2022-11-28T02:00:00,-6.5,2.42,89.0,8.8,0.0
2022-11-28T03:00:00,-6.6,1.9,88.6,13.3,0.0
2022-11-28T04:00:00,-6.4,1.2,92.2,17.4,0.0
2022-11-28T05:00:00,-6.2,0.71,89.4,24.4,0.0
2022-11-28T06:00:00,-6.0,0.98,91.0,33.5,0.0
2022-11-28T07:00:00,-5.7,1.8,91.3,48.4,0.0
2022-11-28T08:00:00,-5.6,2.48,93.8,49.1,0.0
2022-11-28T09:00:00,-5.5,3.04,91.5,53.8,0.0
2022-11-28T10:00:00,-5.5,3.54,91.1,55.2,0.1
2022-11-28T11:00:00,-5.8,3.89,90.5,64.6,0.2
2022-11-28T12:00:00,-5.9,4.53,92.7,66.2,1.0
2022-11-28T13:00:00,-6.4,4.44,87.8,52.8,0.8
2022-11-28T14:00:00,-6.9,4.75,89.2,58.6,1.4
2022-11-28T15:00:00,-7.6,4.61,88.9,48.0,1.1
2022-11-28T16:00:00,-8.6,4.57,89.7,52.6,1.0
2022-11-28T17:00:00,-9.7,4.36,88.2,48.6,0.7
2022-11-28T18:00:00,-10.9,3.14,90.6,38.4,0.0
2022-11-28T19:00:00,-10.6,2.44,94.3,30.6,0.0
2022-11-28T20:00:00,-10.2,2.44,93.2,23.1,0.0
2022-11-28T21:00:00,-9.8,2.25,90.5,15.2,0.0
2022-11-28T22:00:00,-9.9,2.33,87.9,8.2,0.0
2022-11-28T23:00:00,-9.8,2.9,89.9,3.8,0.0
2022-11-29T00:00:00,-7.6,3.49,90.3,3.5,0.0
2022-11-29T01:00:00,-6.9,2.96,87.3,4.3,0.0
2022-11-29T02:00:00,-6.4,3.37,89.0,7.0,0.0
2022-11-29T03:00:00,-5.9,3.48,93.4,13.3,0.0
2022-11-29T04:00:00,-5.4,3.31,92.0,19.3,0.0
2022-11-29T05:00:00,-5.1,3.26,89.9,31.7,0.0
2022-11-29T06:00:00,-5.0,3.04,86.8,39.5,0.0
2022-11-29T07:00:00,-4.8,2.7,92.0,37.3,0.0
2022-11-29T08:00:00,-4.8,2.44,85.7,47.4,0.0
2022-11-29T09:00:00,-4.8,2.2,90.9,58.7,0.0
2022-11-29T10:00:00,-4.9,2.19,91.0,61.9,0.0
2022-11-29T11:00:00,-5.3,2.38,86.3,59.4,0.0
2022-11-29T12:00:00,-6.0,4.08,90.0,74.5,0.4
2022-11-29T13:00:00,-6.4,3.91,92.6,53.4,0.2
2022-11-29T14:00:00,-6.5,3.69,92.1,63.7,0.1
2022-11-29T15:00:00,-7.1,3.9,91.1,64.9,0.2
2022-11-29T16:00:00,-7.4,4.71,88.6,45.8,1.3
2022-11-29T17:00:00,-8.5,5.91,94.6,45.1,5.5
2022-11-29T18:00:00,-9.0,6.72,88.4,33.6,10.3
2022-11-29T19:00:00,-9.2,6.94,85.8,26.5,11.8
2022-11-29T20:00:00,-9.5,7.24,89.2,18.0,14.7
2022-11-29T21:00:00,-9.5,7.55,87.6,14.4,17.4
2022-11-29T22:00:00,-9.4,7.65,89.8,7.6,20.0
2022-11-29T23:00:00,-9.1,7.67,89.7,4.6,19.0
2022-11-30T00:00:00,-7.5,9.93,87.0,3.7,59.1
2022-11-30T01:00:00,-7.1,9.79,87.2,4.3,51.9
2022-11-30T02:00:00,-6.8,9.44,86.3,7.1,46.9
2022-11-30T03:00:00,-6.4,8.99,87.2,13.4,36.0
2022-11-30T04:00:00,-6.1,7.91,87.3,17.8,22.3
2022-11-30T05:00:00,-5.7,7.05,91.5,29.5,13.5
2022-11-30T06:00:00,-5.5,6.52,87.3,38.0,8.6
2022-11-30T07:00:00,-5.2,6.14,91.9,43.9,6.8
2022-11-30T08:00:00,-5.1,5.41,90.8,51.8,3.4
2022-11-30T09:00:00,-4.9,5.17,93.6,47.4,2.3
2022-11-30T10:00:00,-4.9,5.3,87.7,63.7,3.0
2022-11-30T11:00:00,-5.1,5.22,88.5,73.1,2.7
2022-11-30T12:00:00,-5.4,4.57,89.0,74.8,1.1
2022-11-30T13:00:00,-5.9,4.68,88.1,73.9,1.2
2022-11-30T14:00:00,-6.4,5.41,91.1,66.8,3.2
2022-11-30T15:00:00,-7.2,5.22,89.4,55.8,2.6
2022-11-30T16:00:00,-7.8,5.2,89.1,57.8,2.5
2022-11-30T17:00:00,-8.2,5.74,91.4,42.7,4.6
2022-11-30T18:00:00,-8.6,6.18,91.0,31.0,7.2
2022-11-30T19:00:00,-9.0,6.86,85.4,23.5,12.1
2022-11-30T20:00:00,-9.5,7.21,90.6,23.3,14.9
2022-11-30T21:00:00,-9.7,7.08,91.2,11.6,12.9
2022-11-30T22:00:00,-9.6,6.71,92.6,7.2,10.5
2022-11-30T23:00:00,-9.3,6.29,91.0,4.5,7.2
2022-12-01T00:00:00,-8.3,5.3,91.0,3.3,2.7
2022-12-01T01:00:00,-7.5,4.92,95.1,4.5,1.8
2022-12-01T02:00:00,-6.8,4.24,89.8,8.6,0.5
2022-12-01T03:00:00,-6.0,3.42,88.3,12.9,0.0
2022-12-01T04:00:00,-5.3,2.72,91.0,17.0,0.0
2022-12-01T05:00:00,-4.8,1.94,92.0,26.7,0.0
2022-12-01T06:00:00,-4.3,1.04,92.6,32.4,0.0
2022-12-01T07:00:00,-3.8,0.51,89.3,40.7,0.0
2022-12-01T08:00:00,-3.6,1.48,94.1,50.3,0.0
2022-12-01T09:00:00,-3.3,2.01,87.4,64.0,0.0
2022-12-01T10:00:00,-2.8,2.1,87.5,69.8,0.0
2022-12-01T11:00:00,-3.0,1.81,93.1,74.9,0.0
2022-12-01T12:00:00,-4.1,2.94,89.1,62.5,0.0
2022-12-01T13:00:00,-5.1,2.15,88.8,63.1,0.0
2022-12-01T14:00:00,-4.2,3.72,89.7,51.8,0.1
2022-12-01T15:00:00,-3.7,5.61,89.8,64.7,4.1
2022-12-01T16:00:00,-3.9,7.5,93.6,54.9,17.2
2022-12-01T17:00:00,-3.9,9.04,92.3,40.2,40.5
2022-12-01T18:00:00,-3.9,8.79,90.0,40.9,35.5
2022-12-01T19:00:00,-4.5,7.57,88.9,29.2,17.9
2022-12-01T20:00:00,-5.1,7.22,86.7,19.7,14.0
2022-12-01T21:00:00,-5.3,7.01,90.6,11.8,13.1
2022-12-01T22:00:00,-5.1,7.31,90.5,9.7,15.8
2022-12-01T23:00:00,-4.8,7.81,87.9,4.7,21.2
2022-12-02T00:00:00,-4.5,8.98,90.0,3.7,39.1
2022-12-02T01:00:00,-4.0,8.92,90.3,5.4,37.2
2022-12-02T02:00:00,-3.6,7.4,93.5,9.7,17.0
2022-12-02T03:00:00,-3.2,6.84,90.9,16.7,11.6
2022-12-02T04:00:00,-2.7,7.35,88.7,22.1,16.5
2022-12-02T05:00:00,-2.3,7.22,91.6,31.3,15.5
2022-12-02T06:00:00,-2.1,5.26,91.0,29.7,2.8
2022-12-02T07:00:00,-1.7,3.54,91.0,49.5,0.1
2022-12-02T08:00:00,-1.4,3.54,91.9,50.4,0.1
2022-12-02T09:00:00,-1.3,2.56,90.4,48.0,0.0
2022-12-02T10:00:00,-1.4,2.51,88.5,52.1,0.0
2022-12-02T11:00:00,-1.1,3.27,89.1,59.7,0.0
2022-12-02T12:00:00,-2.0,3.2,89.9,61.7,0.0
2022-12-02T13:00:00,-2.3,2.94,91.8,71.9,0.0
2022-12-02T14:00:00,-3.1,3.05,91.2,50.9,0.0
2022-12-02T15:00:00,-4.9,4.1,90.6,64.1,0.4
2022-12-02T16:00:00,-4.7,5.76,89.6,46.2,4.8
2022-12-02T17:00:00,-4.9,5.89,90.8,45.1,5.2
2022-12-02T18:00:00,-4.9,6.08,91.4,29.9,6.6
2022-12-02T19:00:00,-4.8,6.25,91.4,23.0,7.1
2022-12-02T20:00:00,-4.5,6.35,91.9,20.0,7.6
2022-12-02T21:00:00,-4.4,6.18,89.1,16.0,6.8
2022-12-02T22:00:00,-4.2,5.69,90.0,10.3,4.2
2022-12-02T23:00:00,-4.0,5.38,88.3,4.5,3.1
2022-12-03T00:00:00,-3.7,5.2,85.0,4.3,2.4
2022-12-03T01:00:00,-2.9,4.94,89.4,5.0,1.8
2022-12-03T02:00:00,-2.4,4.24,88.5,10.8,0.5
2022-12-03T03:00:00,-2.1,4.01,88.1,12.5,0.3
2022-12-03T04:00:00,-1.7,3.21,89.4,24.3,0.0
2022-12-03T05:00:00,-1.2,2.3,88.8,32.5,0.0
2022-12-03T06:00:00,-0.8,1.04,88.6,38.1,0.0
2022-12-03T07:00:00,-0.6,0.76,91.5,46.4,0.0
2022-12-03T08:00:00,-0.7,1.77,88.6,50.8,0.0
2022-12-03T09:00:00,-0.9,2.52,89.2,55.4,0.0
2022-12-03T10:00:00,-1.1,2.69,89.9,54.1,0.0
2022-12-03T11:00:00,-1.8,2.33,91.1,72.3,0.0
2022-12-03T12:00:00,-2.2,3.11,88.4,60.5,0.0
2022-12-03T13:00:00,-3.0,3.35,91.6,65.6,0.0
2022-12-03T14:00:00,-4.1,3.91,90.1,66.0,0.2
2022-12-03T15:00:00,-4.6,4.7,89.0,50.7,1.3
2022-12-03T16:00:00,-4.3,5.79,89.5,46.5,4.7
2022-12-03T17:00:00,-4.7,5.97,91.3,47.8,5.5
2022-12-03T18:00:00,-5.1,6.33,90.0,40.7,7.8
2022-12-03T19:00:00,-5.2,6.79,89.4,23.1,10.9
2022-12-03T20:00:00,-5.3,7.26,89.8,19.6,15.0
2022-12-03T21:00:00,-5.5,7.05,89.6,15.3,12.7
2022-12-03T22:00:00,-5.6,6.54,88.5,8.4,8.9
2022-12-03T23:00:00,-5.6,6.33,94.3,6.4,7.7
2022-12-04T00:00:00,-4.9,5.52,92.1,4.8,3.6
2022-12-04T01:00:00,-4.2,5.4,90.6,5.6,3.1
2022-12-04T02:00:00,-3.7,5.0,90.3,7.9,2.0
2022-12-04T03:00:00,-3.2,4.64,87.8,16.1,1.1
2022-12-04T04:00:00,-2.7,4.3,92.4,21.4,0.6
2022-12-04T05:00:00,-2.4,4.94,90.2,31.7,1.8
2022-12-04T06:00:00,-2.3,5.09,87.8,40.5,2.1
2022-12-04T07:00:00,-2.2,4.81,91.2,45.0,1.5
2022-12-04T08:00:00,-2.1,4.75,88.6,53.7,1.4
2022-12-04T09:00:00,-2.1,5.06,92.1,52.7,2.1
2022-12-04T10:00:00,-2.1,5.33,87.5,71.5,3.0
2022-12-04T11:00:00,-2.4,5.59,87.9,70.4,4.0
2022-12-04T12:00:00,-2.4,5.06,86.8,71.9,2.2
2022-12-04T13:00:00,-2.8,4.3,87.7,59.0,0.6
2022-12-04T14:00:00,-3.1,3.98,92.9,67.0,0.3
2022-12-04T15:00:00,-3.7,3.71,90.5,57.1,0.1
2022-12-04T16:00:00,-4.3,3.75,91.1,57.2,0.1
2022-12-04T17:00:00,-4.5,4.52,91.4,44.3,1.0
2022-12-04T18:00:00,-4.5,5.28,93.3,31.7,2.8
2022-12-04T19:00:00,-5.3,5.97,93.9,28.6,5.9
2022-12-04T20:00:00,-6.1,6.35,87.4,18.7,7.9
2022-12-04T21:00:00,-6.4,6.34,90.7,17.2,8.2
2022-12-04T22:00:00,-6.2,6.53,92.0,8.1,8.9
2022-12-04T23:00:00,-5.1,6.59,88.3,5.3,9.3
2022-12-05T00:00:00,-5.0,5.8,89.1,5.0,5.0
2022-12-05T01:00:00,-4.6,5.72,88.9,6.1,4.5
2022-12-05T02:00:00,-4.2,5.64,89.7,10.5,4.0
2022-12-05T03:00:00,-4.0,5.23,88.6,13.8,2.7
2022-12-05T04:00:00,-3.6,5.05,89.9,24.8,2.1
2022-12-05T05:00:00,-3.4,4.75,86.0,33.1,1.4
2022-12-05T06:00:00,-3.3,4.46,90.7,37.0,0.9
2022-12-05T07:00:00,-3.1,4.38,87.4,37.1,0.8
2022-12-05T08:00:00,-3.1,4.1,92.9,56.7,0.4
2022-12-05T09:00:00,-3.0,3.96,92.2,50.7,0.3
2022-12-05T10:00:00,-3.0,3.68,90.4,68.5,0.1
2022-12-05T11:00:00,-3.1,3.19,91.5,60.9,0.0
2022-12-05T12:00:00,-3.2,2.27,90.1,63.8,0.0
2022-12-05T13:00:00,-4.0,1.99,86.9,58.7,0.0
2022-12-05T14:00:00,-4.3,1.7,88.7,67.6,0.0
2022-12-05T15:00:00,-4.8,1.75,91.2,49.9,0.0
2022-12-05T16:00:00,-6.5,2.27,93.5,43.7,0.0
2022-12-05T17:00:00,-8.1,3.61,88.8,49.4,0.1
2022-12-05T18:00:00,-8.5,3.76,91.6,33.8,0.1
2022-12-05T19:00:00,-8.9,3.61,90.5,24.3,0.1
2022-12-05T20:00:00,-9.1,4.02,93.6,22.8,0.3
2022-12-05T21:00:00,-9.7,4.46,90.4,15.1,0.8
2022-12-05T22:00:00,-9.1,4.44,89.9,9.2,0.8
2022-12-05T23:00:00,-8.4,4.6,89.3,5.9,1.1
2022-12-06T00:00:00,-8.6,6.11,92.1,4.7,6.6
2022-12-06T01:00:00,-7.7,6.19,88.5,6.9,7.3
2022-12-06T02:00:00,-7.1,6.13,90.3,8.9,6.8
2022-12-06T03:00:00,-6.1,5.55,90.5,16.8,3.6
2022-12-06T04:00:00,-5.4,5.13,88.3,23.6,2.3
2022-12-06T05:00:00,-4.7,4.32,92.3,25.3,0.6
2022-12-06T06:00:00,-4.2,3.54,88.3,41.3,0.1
2022-12-06T07:00:00,-3.8,2.7,87.7,41.4,0.0
2022-12-06T08:00:00,-3.4,1.61,88.7,47.1,0.0
2022-12-06T09:00:00,-3.2,0.32,88.1,65.3,0.0
2022-12-06T10:00:00,-3.2,1.39,89.0,57.6,0.0
2022-12-06T11:00:00,-3.7,2.28,89.9,69.6,0.0
2022-12-06T12:00:00,-4.2,2.11,92.5,68.3,0.0
2022-12-06T13:00:00,-4.6,1.8,91.0,67.8,0.0
2022-12-06T14:00:00,-5.2,3.99,90.0,54.6,0.3
2022-12-06T15:00:00,-5.7,5.5,90.3,52.6,3.6
2022-12-06T16:00:00,-6.3,6.04,91.7,50.9,5.8
2022-12-06T17:00:00,-6.7,6.58,86.7,48.4,9.2
2022-12-06T18:00:00,-7.1,6.8,88.5,36.6,11.3
2022-12-06T19:00:00,-7.4,6.74,90.5,29.0,10.3
2022-12-06T20:00:00,-7.7,6.42,92.0,19.1,8.7
2022-12-06T21:00:00,-7.8,6.26,89.0,12.9,7.6
2022-12-06T22:00:00,-7.7,6.28,89.9,8.6,7.9
2022-12-06T23:00:00,-7.4,6.08,88.9,6.6,6.3
2022-12-07T00:00:00,-7.2,5.77,88.5,5.5,4.5
2022-12-07T01:00:00,-6.3,4.81,91.8,6.3,1.4
2022-12-07T02:00:00,-5.6,4.32,90.2,9.6,0.6
2022-12-07T03:00:00,-5.0,4.37,89.8,14.8,0.7
2022-12-07T04:00:00,-4.6,4.92,87.7,24.4,1.8
2022-12-07T05:00:00,-4.4,5.88,92.7,31.4,5.2
2022-12-07T06:00:00,-4.1,6.32,93.3,36.0,7.4
2022-12-07T07:00:00,-3.7,6.32,91.4,42.5,7.3
2022-12-07T08:00:00,-3.6,6.83,89.9,47.9,11.7
2022-12-07T09:00:00,-3.7,7.13,89.8,48.2,14.0
2022-12-07T10:00:00,-3.8,7.38,87.9,55.6,16.0
2022-12-07T11:00:00,-3.8,7.82,90.7,71.7,21.1
2022-12-07T12:00:00,-3.7,8.08,88.4,68.5,23.1
2022-12-07T13:00:00,-3.9,7.96,88.2,76.5,23.1
2022-12-07T14:00:00,-3.9,7.86,90.8,60.4,22.2
2022-12-07T15:00:00,-4.2,8.24,91.1,54.9,27.8
2022-12-07T16:00:00,-4.6,9.08,90.5,50.0,40.2
2022-12-07T17:00:00,-5.0,10.06,89.3,45.9,61.6
2022-12-07T18:00:00,-5.6,10.31,90.2,40.6,64.8
2022-12-07T19:00:00,-5.9,10.51,93.0,25.5,67.1
2022-12-07T20:00:00,-6.2,10.12,93.1,19.1,60.8
2022-12-07T21:00:00,-6.2,10.41,90.7,13.1,68.5
2022-12-07T22:00:00,-6.3,10.06,90.0,8.7,57.4
2022-12-07T23:00:00,-6.2,9.84,88.9,5.9,52.4
2022-12-08T00:00:00,-6.1,9.51,90.5,4.9,48.2
2022-12-08T01:00:00,-5.7,9.88,93.0,7.8,52.6
2022-12-08T02:00:00,-5.4,9.68,90.4,11.7,51.5
2022-12-08T03:00:00,-5.2,9.59,85.5,14.7,49.7
2022-12-08T04:00:00,-4.9,9.12,89.6,22.3,38.9
2022-12-08T05:00:00,-4.6,8.45,88.3,29.0,30.7
2022-12-08T06:00:00,-4.2,7.99,90.8,29.9,24.0
2022-12-08T07:00:00,-3.9,7.6,89.2,37.2,18.1
2022-12-08T08:00:00,-3.9,7.41,88.8,57.3,17.2
2022-12-08T09:00:00,-3.6,6.88,88.6,54.2,12.0
2022-12-08T10:00:00,-3.5,6.38,90.7,54.6,8.1
2022-12-08T11:00:00,-3.5,6.31,87.5,54.5,7.9
2022-12-08T12:00:00,-3.8,4.66,91.0,61.8,1.1
2022-12-08T13:00:00,-4.4,3.83,88.1,64.4,0.2
2022-12-08T14:00:00,-4.4,4.24,90.6,66.0,0.5
2022-12-08T15:00:00,-4.4,4.71,88.9,48.0,1.3
2022-12-08T16:00:00,-4.9,5.98,90.3,48.9,5.7
2022-12-08T17:00:00,-5.1,7.31,90.4,47.5,16.4
2022-12-08T18:00:00,-5.2,8.21,87.5,35.9,25.6
2022-12-08T19:00:00,-5.3,8.91,90.7,23.8,35.1
2022-12-08T20:00:00,-5.1,9.64,89.6,23.9,48.0
2022-12-08T21:00:00,-5.0,9.46,90.3,14.3,47.2
2022-12-08T22:00:00,-4.9,9.76,90.6,8.9,54.9
2022-12-08T23:00:00,-4.5,9.72,90.5,7.5,53.9
2022-12-09T00:00:00,-3.9,8.9,89.7,5.6,36.3
2022-12-09T01:00:00,-3.7,9.89,92.0,5.8,55.8
2022-12-09T02:00:00,-3.7,9.32,90.6,11.5,44.3
2022-12-09T03:00:00,-3.5,8.41,90.4,15.9,30.2
2022-12-09T04:00:00,-3.2,7.6,90.5,19.9,19.2
2022-12-09T05:00:00,-2.7,7.81,89.1,32.7,20.0
2022-12-09T06:00:00,-2.4,8.09,90.2,35.3,24.8
2022-12-09T07:00:00,-2.0,6.9,88.9,50.4,11.5
2022-12-09T08:00:00,-1.7,5.4,88.1,56.3,3.4
2022-12-09T09:00:00,-1.5,5.12,91.7,60.2,2.3
2022-12-09T10:00:00,-1.5,4.7,88.0,69.2,1.2
2022-12-09T11:00:00,-1.5,3.92,93.3,65.1,0.3
2022-12-09T12:00:00,-2.0,4.11,93.2,65.0,0.4
2022-12-09T13:00:00,-2.0,3.81,87.5,59.9,0.2
2022-12-09T14:00:00,-3.0,3.7,91.0,66.1,0.1
2022-12-09T15:00:00,-3.0,3.94,92.2,64.0,0.3
2022-12-09T16:00:00,-2.7,4.26,87.4,48.1,0.6
2022-12-09T17:00:00,-2.3,6.04,91.3,41.2,6.1
2022-12-09T18:00:00,-1.9,8.76,91.9,36.6,33.9
2022-12-09T19:00:00,-2.0,9.53,88.1,24.9,48.5
2022-12-09T20:00:00,-2.0,9.14,91.5,18.9,38.7
2022-12-09T21:00:00,-1.8,8.92,92.3,14.1,36.3
2022-12-09T22:00:00,-1.7,11.41,90.0,10.4,99.2
2022-12-09T23:00:00,-1.7,15.45,87.6,7.9,115.3
2022-12-10T00:00:00,-1.0,15.86,88.3,6.2,118.9
2022-12-10T01:00:00,-1.1,13.87,92.3,8.0,112.4
2022-12-10T02:00:00,-0.7,12.71,84.9,10.8,113.6
2022-12-10T03:00:00,-0.2,14.44,88.1,15.3,113.3
2022-12-10T04:00:00,0.2,14.32,89.6,24.4,116.7
2022-12-10T05:00:00,0.7,12.73,91.2,28.1,114.3
2022-12-10T06:00:00,1.1,12.71,89.3,42.8,118.8
2022-12-10T07:00:00,1.2,12.27,86.9,49.4,118.5
2022-12-10T08:00:00,1.4,12.32,89.6,48.8,113.7
2022-12-10T09:00:00,1.5,13.2,92.3,62.9,115.0
2022-12-10T10:00:00,1.5,14.47,88.9,54.6,110.9
2022-12-10T11:00:00,1.3,14.06,88.3,61.9,115.4
2022-12-10T12:00:00,1.0,9.72,86.5,55.8,52.2
2022-12-10T13:00:00,0.5,9.36,90.6,72.3,43.5
2022-12-10T14:00:00,0.5,10.93,94.0,62.5,81.0
2022-12-10T15:00:00,0.3,11.31,93.0,60.9,92.3
2022-12-10T16:00:00,-0.0,11.55,93.5,46.0,98.7
2022-12-10T17:00:00,-0.3,11.68,87.9,51.1,100.1
2022-12-10T18:00:00,-0.6,10.87,90.9,33.7,82.3
2022-12-10T19:00:00,-0.6,11.09,95.0,24.9,85.9
2022-12-10T20:00:00,-0.6,11.83,88.6,18.6,105.7
2022-12-10T21:00:00,-1.0,12.07,90.8,14.2,117.8
2022-12-10T22:00:00,-1.1,13.04,88.5,9.0,110.5
2022-12-10T23:00:00,-1.2,13.04,90.5,8.2,116.3
2022-12-11T00:00:00,-1.2,12.31,87.5,6.6,109.1
2022-12-11T01:00:00,-1.2,12.35,89.1,8.1,118.4
2022-12-11T02:00:00,-1.1,11.31,89.7,9.0,93.7
2022-12-11T03:00:00,-1.0,11.1,86.8,14.5,89.3
2022-12-11T04:00:00,-1.0,11.27,88.3,23.6,91.5
2022-12-11T05:00:00,-1.0,11.84,94.3,27.0,108.2
2022-12-11T06:00:00,-1.1,11.68,87.0,39.5,103.8
2022-12-11T07:00:00,-1.1,11.34,89.7,45.3,92.1
2022-12-11T08:00:00,-1.2,10.36,88.4,58.4,64.9
2022-12-11T09:00:00,-1.3,9.52,89.4,50.5,45.6
2022-12-11T10:00:00,-1.3,8.43,90.2,64.1,29.3
2022-12-11T11:00:00,-1.3,7.6,89.8,54.1,18.8
2022-12-11T12:00:00,-1.4,6.8,93.2,63.1,11.1
2022-12-11T13:00:00,-1.4,5.23,91.7,69.0,2.7
2022-12-11T14:00:00,-1.3,4.9,90.9,53.6,1.8
2022-12-11T15:00:00,-1.2,5.21,92.4,52.1,2.5
2022-12-11T16:00:00,-0.9,4.57,92.3,56.8,1.1
2022-12-11T17:00:00,-1.0,7.64,90.6,39.3,18.4
2022-12-11T18:00:00,-2.0,9.0,90.6,31.5,37.9
2022-12-11T19:00:00,-2.3,8.94,87.0,27.0,35.5
2022-12-11T20:00:00,-2.8,9.01,89.9,18.9,40.1
2022-12-11T21:00:00,-3.3,9.08,88.6,15.9,39.9
2022-12-11T22:00:00,-3.6,8.56,90.9,12.0,32.2
2022-12-11T23:00:00,-3.7,8.17,87.4,7.8,26.8
2022-12-12T00:00:00,-3.4,8.57,91.1,5.9,29.8
2022-12-12T01:00:00,-3.1,7.52,91.5,6.9,17.5
2022-12-12T02:00:00,-2.8,6.51,88.5,10.9,9.3
2022-12-12T03:00:00,-2.4,6.1,87.5,13.5,6.6
2022-12-12T04:00:00,-1.9,5.67,89.2,22.1,4.2
2022-12-12T05:00:00,-1.5,5.32,93.4,27.4,3.0
2022-12-12T06:00:00,-1.3,5.05,94.1,35.6,2.1
2022-12-12T07:00:00,-1.1,4.0,89.9,48.3,0.3
2022-12-12T08:00:00,-1.1,3.11,86.8,56.5,0.0
2022-12-12T09:00:00,-1.1,2.3,88.7,61.4,0.0
2022-12-12T10:00:00,-1.3,1.8,88.2,64.9,0.0
2022-12-12T11:00:00,-1.7,1.93,92.1,57.3,0.0
2022-12-12T12:00:00,-1.6,4.18,87.5,77.2,0.5
2022-12-12T13:00:00,-1.9,4.32,87.1,54.1,0.6
2022-12-12T14:00:00,-2.4,4.4,92.6,67.5,0.7
2022-12-12T15:00:00,-2.8,5.0,90.0,54.0,1.9
2022-12-12T16:00:00,-2.8,6.22,91.0,55.9,6.8
2022-12-12T17:00:00,-2.7,7.5,88.4,40.9,16.7
2022-12-12T18:00:00,-2.7,8.41,89.3,42.1,29.4
2022-12-12T19:00:00,-2.6,8.71,88.2,27.6,32.5
2022-12-12T20:00:00,-2.7,8.61,91.7,23.0,30.8
2022-12-12T21:00:00,-2.7,8.22,89.5,17.3,25.9
2022-12-12T22:00:00,-2.6,7.92,92.1,11.2,21.3
2022-12-12T23:00:00,-2.4,7.9,85.8,7.0,22.1
2022-12-13T00:00:00,-1.8,7.12,90.1,6.7,13.1
2022-12-13T01:00:00,-1.2,7.8,88.6,7.3,21.5
2022-12-13T02:00:00,-0.8,7.41,89.3,9.0,16.9
2022-12-13T03:00:00,-0.4,6.94,89.5,16.9,12.7
2022-12-13T04:00:00,0.0,7.16,89.5,18.6,14.8
2022-12-13T05:00:00,0.1,6.96,89.5,31.3,12.2
2022-12-13T06:00:00,0.3,5.78,92.9,32.1,4.7
2022-12-13T07:00:00,-0.2,7.59,91.3,49.9,19.1
2022-12-13T08:00:00,-0.4,6.47,89.6,49.9,8.7
2022-12-13T09:00:00,-0.3,8.74,86.3,60.3,33.6
2022-12-13T10:00:00,-0.3,8.23,91.7,70.1,25.0
2022-12-13T11:00:00,-0.3,6.85,87.8,71.6,12.1
2022-12-13T12:00:00,-1.0,8.32,89.4,76.2,27.3
2022-12-13T13:00:00,-0.9,8.96,92.2,56.6,39.0
2022-12-13T14:00:00,-0.8,9.66,88.2,54.9,49.7
2022-12-13T15:00:00,-0.8,9.44,89.1,54.6,47.8
2022-12-13T16:00:00,-1.0,8.82,90.3,60.1,36.9
2022-12-13T17:00:00,-1.3,8.21,91.9,42.6,25.1
2022-12-13T18:00:00,-1.8,7.56,90.5,35.1,17.2
2022-12-13T19:00:00,-2.0,8.17,89.5,26.8,25.0
2022-12-13T20:00:00,-1.8,8.96,89.5,25.8,35.7
2022-12-13T21:00:00,-1.7,8.9,89.4,15.2,36.1
2022-12-13T22:00:00,-1.8,8.61,91.2,10.4,32.9
2022-12-13T23:00:00,-1.9,8.16,89.1,7.8,24.7
2022-12-14T00:00:00,-2.1,7.99,91.0,6.5,23.5
2022-12-14T01:00:00,-2.3,7.75,86.5,7.5,20.0
2022-12-14T02:00:00,-2.0,7.94,88.5,11.7,22.0
2022-12-14T03:00:00,-1.5,8.23,85.6,18.7,26.7
2022-12-14T04:00:00,-1.3,7.78,92.8,19.3,20.4
2022-12-14T05:00:00,-1.0,7.84,91.4,28.5,20.3
2022-12-14T06:00:00,-1.4,7.36,87.3,30.5,16.6
2022-12-14T07:00:00,-1.5,6.86,89.7,52.0,11.2
2022-12-14T08:00:00,-1.5,5.99,92.5,42.8,6.1
2022-12-14T09:00:00,-1.3,4.97,92.6,53.4,2.0
2022-12-14T10:00:00,-1.4,3.85,89.8,58.1,0.2
2022-12-14T11:00:00,-1.4,2.55,88.5,65.6,0.0
2022-12-14T12:00:00,-1.6,2.98,90.4,67.4,0.0
2022-12-14T13:00:00,-2.4,1.43,87.0,75.2,0.0
2022-12-14T14:00:00,-2.0,1.17,90.4,55.8,0.0
2022-12-14T15:00:00,-1.7,1.6,90.0,65.2,0.0
2022-12-14T16:00:00,-1.9,1.8,88.0,53.3,0.0
2022-12-14T17:00:00,-2.1,2.91,89.2,46.9,0.0
2022-12-14T18:00:00,-4.4,3.83,94.9,37.4,0.2
2022-12-14T19:00:00,-4.7,4.96,90.0,29.6,1.9
2022-12-14T20:00:00,-4.5,6.04,90.5,24.7,6.2
2022-12-14T21:00:00,-4.7,6.01,91.6,13.7,5.9
2022-12-14T22:00:00,-4.8,6.01,91.1,10.6,5.9
2022-12-14T23:00:00,-4.6,5.79,88.5,8.3,4.6
2022-12-15T00:00:00,-3.7,5.19,88.8,6.6,2.4
2022-12-15T01:00:00,-3.1,4.75,89.8,7.7,1.3
2022-12-15T02:00:00,-2.6,4.3,87.3,11.0,0.6
2022-12-15T03:00:00,-2.0,3.72,88.3,13.4,0.1
2022-12-15T04:00:00,-1.4,3.1,90.7,22.4,0.0
2022-12-15T05:00:00,-0.8,2.4,90.8,30.6,0.0
2022-12-15T06:00:00,-0.4,1.84,89.9,32.4,0.0
2022-12-15T07:00:00,-0.2,1.0,87.8,46.2,0.0
2022-12-15T08:00:00,-0.2,0.14,86.7,53.3,0.0
2022-12-15T09:00:00,-0.1,1.14,88.6,62.4,0.0
2022-12-15T10:00:00,0.0,1.53,93.4,59.9,0.0
2022-12-15T11:00:00,-0.2,1.66,86.4,71.9,0.0
2022-12-15T12:00:00,-0.5,3.44,92.2,56.1,0.0
2022-12-15T13:00:00,-0.9,4.34,91.1,72.6,0.7
2022-12-15T14:00:00,-1.5,5.2,90.1,59.5,2.5
2022-12-15T15:00:00,-2.0,5.51,87.1,51.1,3.6
2022-12-15T16:00:00,-2.7,6.04,88.6,44.6,6.2
2022-12-15T17:00:00,-3.2,6.35,93.8,40.7,8.1
2022-12-15T18:00:00,-3.5,6.85,88.4,32.2,11.3
2022-12-15T19:00:00,-3.8,6.94,87.3,24.5,11.9
2022-12-15T20:00:00,-3.8,7.03,87.3,20.0,13.6
2022-12-15T21:00:00,-3.7,6.86,91.1,16.4,12.1
2022-12-15T22:00:00,-3.7,6.75,92.1,11.5,10.9
2022-12-15T23:00:00,-3.5,6.62,90.9,6.4,9.7
2022-12-16T00:00:00,-3.0,6.74,87.9,6.9,11.0
2022-12-16T01:00:00,-2.6,6.49,88.5,8.2,8.7
2022-12-16T02:00:00,-2.2,5.81,90.2,9.4,4.8
2022-12-16T03:00:00,-1.8,5.41,94.6,13.6,3.2
2022-12-16T04:00:00,-1.5,4.53,88.1,24.0,1.0
2022-12-16T05:00:00,-1.2,3.5,91.1,26.7,0.0
2022-12-16T06:00:00,-1.1,2.62,90.4,30.7,0.0
2022-12-16T07:00:00,-1.1,1.84,92.8,36.7,0.0
2022-12-16T08:00:00,-1.2,1.3,89.0,51.6,0.0
2022-12-16T09:00:00,-1.2,0.61,88.5,65.8,0.0
2022-12-16T10:00:00,-1.2,0.1,88.0,65.8,0.0
2022-12-16T11:00:00,-1.1,0.41,93.1,62.4,0.0
2022-12-16T12:00:00,-0.7,1.06,93.9,72.9,0.0
2022-12-16T13:00:00,-0.7,1.1,89.4,58.7,0.0
2022-12-16T14:00:00,-1.3,1.3,89.1,58.2,0.0
2022-12-16T15:00:00,-1.3,0.92,91.0,65.8,0.0
2022-12-16T16:00:00,-1.0,0.81,88.8,43.1,0.0
2022-12-16T17:00:00,-1.5,0.78,90.9,46.8,0.0
2022-12-16T18:00:00,-2.6,1.91,90.3,32.4,0.0
2022-12-16T19:00:00,-2.5,1.91,90.2,29.0,0.0
2022-12-16T20:00:00,-2.2,2.21,92.9,20.1,0.0
2022-12-16T21:00:00,-2.2,3.53,89.9,16.8,0.1
2022-12-16T22:00:00,-2.3,3.83,93.1,10.9,0.2
2022-12-16T23:00:00,-2.1,3.42,88.4,8.1,0.0
2022-12-17T00:00:00,-1.6,2.4,86.8,6.8,0.0
2022-12-17T01:00:00,-1.6,2.42,90.7,7.2,0.0
2022-12-17T02:00:00,-1.9,2.97,93.2,11.1,0.0
2022-12-17T03:00:00,-1.9,2.91,91.3,18.0,0.0
2022-12-17T04:00:00,-1.8,2.44,91.6,24.6,0.0
2022-12-17T05:00:00,-1.8,2.28,88.8,32.0,0.0
2022-12-17T06:00:00,-1.9,1.87,90.9,40.2,0.0
2022-12-17T07:00:00,-2.0,1.08,89.9,41.4,0.0
2022-12-17T08:00:00,-2.0,0.41,89.7,60.0,0.0
2022-12-17T09:00:00,-2.0,0.71,93.1,63.3,0.0
2022-12-17T10:00:00,-1.9,1.58,91.1,56.8,0.0
2022-12-17T11:00:00,-1.8,2.55,90.2,58.7,0.0
2022-12-17T12:00:00,-1.3,3.44,88.2,70.4,0.0
2022-12-17T13:00:00,-1.1,3.72,89.3,65.6,0.1
2022-12-17T14:00:00,-0.6,1.77,91.9,60.5,0.0
2022-12-17T15:00:00,-0.6,1.62,90.0,66.9,0.0
2022-12-17T16:00:00,-0.9,1.65,90.4,51.9,0.0
2022-12-17T17:00:00,-1.1,1.94,90.8,47.1,0.0
2022-12-17T18:00:00,-1.3,2.44,90.4,34.4,0.0
2022-12-17T19:00:00,-1.4,2.38,89.8,30.7,0.0
2022-12-17T20:00:00,-1.2,3.71,91.0,21.4,0.1
2022-12-17T21:00:00,-1.2,4.7,89.3,18.0,1.3
2022-12-17T22:00:00,-1.2,5.22,89.6,9.7,2.7
2022-12-17T23:00:00,-1.1,5.22,92.9,7.8,2.7
2022-12-18T00:00:00,-0.8,3.79,93.5,7.6,0.2
2022-12-18T01:00:00,-0.6,4.0,88.5,6.4,0.3
2022-12-18T02:00:00,-0.3,3.92,90.5,11.2,0.3
2022-12-18T03:00:00,-0.1,3.44,89.7,16.1,0.0
2022-12-18T04:00:00,0.4,2.84,89.4,20.6,0.0
2022-12-18T05:00:00,0.4,2.12,89.9,27.2,0.0
2022-12-18T06:00:00,0.4,1.12,92.2,41.6,0.0
2022-12-18T07:00:00,0.4,0.81,90.0,41.7,0.0
2022-12-18T08:00:00,0.4,1.58,87.2,53.3,0.0
2022-12-18T09:00:00,0.3,2.02,87.4,59.3,0.0
2022-12-18T10:00:00,0.2,2.42,89.1,57.8,0.0
2022-12-18T11:00:00,0.0,2.58,90.0,68.7,0.0
2022-12-18T12:00:00,-0.4,1.56,93.9,62.2,0.0
2022-12-18T13:00:00,-0.8,1.7,89.1,54.8,0.0
2022-12-18T14:00:00,-1.4,3.76,88.1,53.6,0.1
2022-12-18T15:00:00,-1.7,4.98,91.3,48.4,1.9
2022-12-18T16:00:00,-1.6,5.61,90.2,53.6,3.9
2022-12-18T17:00:00,-2.1,6.2,87.8,38.7,7.3
2022-12-18T18:00:00,-2.4,7.26,91.6,40.1,14.4
2022-12-18T19:00:00,-2.5,7.17,87.1,29.6,14.5
2022-12-18T20:00:00,-2.6,7.45,89.8,24.3,17.5
2022-12-18T21:00:00,-2.6,7.85,91.5,17.9,22.2
2022-12-18T22:00:00,-2.6,8.03,93.7,10.2,24.0
2022-12-18T23:00:00,-2.4,8.02,91.2,7.7,22.6
2022-12-19T00:00:00,-2.0,7.77,90.4,7.3,20.2
2022-12-19T01:00:00,-1.6,7.46,90.5,7.4,16.5
2022-12-19T02:00:00,-1.3,6.63,91.2,11.0,9.4
2022-12-19T03:00:00,-0.8,5.72,90.0,17.8,4.7
2022-12-19T04:00:00,-0.3,5.13,87.5,22.3,2.2
2022-12-19T05:00:00,0.2,4.66,92.7,28.5,1.2
2022-12-19T06:00:00,0.8,4.92,88.8,36.2,1.8
2022-12-19T07:00:00,1.2,6.04,91.6,39.9,5.8
2022-12-19T08:00:00,1.4,6.67,88.4,52.4,10.4
2022-12-19T09:00:00,1.3,5.69,88.3,62.6,4.5
2022-12-19T10:00:00,1.3,5.55,91.7,69.7,3.8
2022-12-19T11:00:00,1.3,4.66,90.2,63.6,1.2
2022-12-19T12:00:00,1.3,5.12,91.1,74.1,2.4
2022-12-19T13:00:00,1.8,6.36,92.1,73.4,7.6
2022-12-19T14:00:00,1.4,5.65,92.9,65.9,4.2
2022-12-19T15:00:00,1.0,3.71,94.3,63.0,0.1
2022-12-19T16:00:00,-0.3,5.0,92.8,46.5,2.0
2022-12-19T17:00:00,0.8,7.51,90.4,40.6,17.9
2022-12-19T18:00:00,0.5,8.1,88.9,36.7,25.4
2022-12-19T19:00:00,0.2,8.1,88.3,31.5,25.6
2022-12-19T20:00:00,0.0,8.01,88.7,23.0,23.0
2022-12-19T21:00:00,0.1,8.4,88.1,16.8,28.9
2022-12-19T22:00:00,0.1,8.71,90.2,10.5,32.0
2022-12-19T23:00:00,0.2,8.94,87.6,8.0,38.5
2022-12-20T00:00:00,-0.4,11.83,92.3,6.2,111.6
2022-12-20T01:00:00,-0.3,10.81,90.9,7.9,76.1
2022-12-20T02:00:00,-0.1,9.2,87.6,9.5,43.0
2022-12-20T03:00:00,0.0,7.99,88.9,14.0,23.9
2022-12-20T04:00:00,0.2,6.94,90.6,18.8,11.7
2022-12-20T05:00:00,0.5,5.85,94.0,33.5,5.1
2022-12-20T06:00:00,0.7,4.72,90.2,36.9,1.3
2022-12-20T07:00:00,0.7,3.81,87.3,46.0,0.2
2022-12-20T08:00:00,0.6,2.55,92.3,42.5,0.0
2022-12-20T09:00:00,0.9,0.36,89.9,61.0,0.0
2022-12-20T10:00:00,0.5,2.72,89.5,68.6,0.0
2022-12-20T11:00:00,0.1,3.85,90.0,56.8,0.2
2022-12-20T12:00:00,0.4,2.15,92.8,65.8,0.0
2022-12-20T13:00:00,-0.6,2.83,90.8,71.7,0.0
2022-12-20T14:00:00,-1.0,4.18,92.8,57.7,0.5
2022-12-20T15:00:00,-1.5,5.48,91.7,47.6,3.4
2022-12-20T16:00:00,-1.9,6.99,94.1,47.8,12.3
2022-12-20T17:00:00,-2.2,7.92,89.4,38.4,21.6
2022-12-20T18:00:00,-2.5,8.37,92.9,41.2,28.6
2022-12-20T19:00:00,-2.8,8.35,92.3,33.1,28.5
2022-12-20T20:00:00,-3.1,8.12,87.7,23.4,25.3
2022-12-20T21:00:00,-3.4,7.93,95.0,16.1,21.7
2022-12-20T22:00:00,-3.4,7.65,90.8,11.5,19.5
2022-12-20T23:00:00,-3.3,7.23,91.1,8.0,14.2
2022-12-21T00:00:00,-2.9,7.89,86.7,7.6,22.6
2022-12-21T01:00:00,-2.5,8.32,91.1,6.9,27.9
2022-12-21T02:00:00,-2.3,7.87,89.8,11.6,20.9
2022-12-21T03:00:00,-2.0,7.32,89.7,17.2,16.3
2022-12-21T04:00:00,-1.8,6.36,85.9,19.8,7.8
2022-12-21T05:00:00,-1.6,5.1,88.4,28.0,2.1
2022-12-21T06:00:00,-1.3,3.91,88.9,37.6,0.2
2022-12-21T07:00:00,-1.2,2.72,92.1,52.0,0.0
2022-12-21T08:00:00,-1.0,1.94,92.4,56.3,0.0
2022-12-21T09:00:00,-0.9,1.22,89.1,65.5,0.0
2022-12-21T10:00:00,-0.8,0.71,88.8,59.5,0.0
2022-12-21T11:00:00,-1.2,1.08,87.5,74.7,0.0
2022-12-21T12:00:00,-1.8,2.68,91.5,76.0,0.0
2022-12-21T13:00:00,-2.6,2.14,88.9,77.0,0.0
2022-12-21T14:00:00,-3.5,1.8,90.2,59.9,0.0
2022-12-21T15:00:00,-4.1,2.01,90.6,59.3,0.0
2022-12-21T16:00:00,-4.9,3.0,93.1,48.7,0.0
2022-12-21T17:00:00,-4.5,4.41,93.4,37.8,0.8
2022-12-21T18:00:00,-4.2,5.43,89.9,42.5,3.3
2022-12-21T19:00:00,-4.2,5.92,87.7,26.3,5.6
2022-12-21T20:00:00,-3.9,6.74,85.5,19.3,10.2
2022-12-21T21:00:00,-3.7,6.91,93.9,16.4,12.3
2022-12-21T22:00:00,-3.3,7.07,91.7,12.7,12.9
2022-12-21T23:00:00,-3.0,7.25,85.3,8.2,15.6
2022-12-22T00:00:00,-2.9,7.31,88.8,6.6,15.9
2022-12-22T01:00:00,-2.7,7.57,91.7,7.6,18.3
2022-12-22T02:00:00,-2.6,7.7,89.0,10.1,19.9
2022-12-22T03:00:00,-2.4,7.0,91.3,13.5,13.3
2022-12-22T04:00:00,-2.1,6.38,90.1,23.4,7.8
2022-12-22T05:00:00,-1.9,6.46,84.5,34.6,8.8
2022-12-22T06:00:00,-1.6,6.68,94.0,39.7,9.8
2022-12-22T07:00:00,-1.6,6.33,92.3,39.4,7.8
2022-12-22T08:00:00,-1.5,5.63,93.6,60.4,4.2
2022-12-22T09:00:00,-1.4,5.14,93.8,51.6,2.4
2022-12-22T10:00:00,-1.5,5.02,90.5,65.1,1.9
2022-12-22T11:00:00,-1.6,4.83,91.6,69.0,1.5
2022-12-22T12:00:00,-2.0,5.19,89.2,65.4,2.5
2022-12-22T13:00:00,-2.2,5.02,90.6,59.3,1.9
2022-12-22T14:00:00,-2.3,4.49,90.8,52.5,0.9
2022-12-22T15:00:00,-2.4,4.19,91.0,49.8,0.5
2022-12-22T16:00:00,-2.7,4.0,87.8,47.0,0.3
2022-12-22T17:00:00,-2.9,3.96,87.1,43.6,0.3
2022-12-22T18:00:00,-2.8,4.08,88.2,43.0,0.4
2022-12-22T19:00:00,-3.4,5.15,91.5,28.7,2.4
2022-12-22T20:00:00,-3.0,5.91,92.4,21.3,5.1
2022-12-22T21:00:00,-2.9,5.61,91.9,15.0,4.0
2022-12-22T22:00:00,-3.0,5.36,88.8,11.5,3.1
2022-12-22T23:00:00,-3.0,5.12,88.7,7.3,2.3
2022-12-23T00:00:00,-2.7,5.85,90.3,7.2,5.0
2022-12-23T01:00:00,-2.6,5.99,88.3,8.8,5.7
2022-12-23T02:00:00,-2.5,5.82,93.5,11.6,5.0
2022-12-23T03:00:00,-2.4,5.9,88.8,14.7,5.2
2022-12-23T04:00:00,-2.2,6.16,93.5,25.6,6.7
2022-12-23T05:00:00,-2.1,6.05,87.9,33.7,6.2
2022-12-23T06:00:00,-2.2,5.96,90.7,40.1,5.7
2022-12-23T07:00:00,-2.1,6.41,91.3,45.7,8.2
2022-12-23T08:00:00,-1.9,6.39,90.2,52.5,7.8
2022-12-23T09:00:00,-1.8,5.24,90.7,66.2,2.6
2022-12-23T10:00:00,-1.8,4.1,89.2,71.9,0.4
2022-12-23T11:00:00,-1.7,3.33,93.0,71.3,0.0
2022-12-23T12:00:00,-2.2,2.19,89.8,59.4,0.0
2022-12-23T13:00:00,-2.5,1.39,85.4,70.0,0.0
2022-12-23T14:00:00,-2.7,1.17,90.5,59.3,0.0
2022-12-23T15:00:00,-2.9,1.36,90.6,50.7,0.0
2022-12-23T16:00:00,-3.1,1.64,92.3,53.9,0.0
2022-12-23T17:00:00,-3.6,1.97,89.8,45.1,0.0
2022-12-23T18:00:00,-4.3,2.02,92.6,37.4,0.0
2022-12-23T19:00:00,-4.3,2.92,90.1,30.0,0.0
2022-12-23T20:00:00,-3.0,3.64,90.1,24.7,0.1
2022-12-23T21:00:00,-3.0,4.44,87.0,15.2,0.8
2022-12-23T22:00:00,-3.0,5.22,89.5,11.9,2.6
2022-12-23T23:00:00,-2.9,5.72,87.5,6.6,4.7
2022-12-24T00:00:00,-2.4,3.92,87.9,7.5,0.2
2022-12-24T01:00:00,-2.2,4.04,89.6,7.6,0.3
2022-12-24T02:00:00,-2.3,3.8,87.0,10.6,0.2
2022-12-24T03:00:00,-2.0,3.9,90.7,18.9,0.2
2022-12-24T04:00:00,-1.9,4.22,89.3,21.8,0.5
2022-12-24T05:00:00,-1.7,4.34,93.3,30.1,0.7
2022-12-24T06:00:00,-1.6,3.75,90.4,38.5,0.1
2022-12-24T07:00:00,-1.6,2.7,91.0,43.2,0.0
2022-12-24T08:00:00,-1.6,1.57,92.9,54.7,0.0
2022-12-24T09:00:00,-1.7,0.54,90.0,54.0,0.0
2022-12-24T10:00:00,-1.7,0.72,89.8,64.7,0.0
2022-12-24T11:00:00,-1.7,1.28,90.6,71.5,0.0
2022-12-24T12:00:00,-1.4,2.16,91.7,60.4,0.0
2022-12-24T13:00:00,-2.2,2.33,86.4,76.9,0.0
2022-12-24T14:00:00,-3.2,2.33,93.2,65.5,0.0
2022-12-24T15:00:00,-4.1,2.14,88.7,58.4,0.0
2022-12-24T16:00:00,-3.9,1.81,88.6,57.3,0.0
2022-12-24T17:00:00,-3.9,1.75,91.5,40.3,0.0
2022-12-24T18:00:00,-5.5,2.27,90.9,34.6,0.0
2022-12-24T19:00:00,-6.2,3.0,91.6,30.3,0.0
2022-12-24T20:00:00,-6.1,3.31,88.5,25.2,0.0
2022-12-24T21:00:00,-6.0,3.62,87.3,14.2,0.1
2022-12-24T22:00:00,-5.8,3.67,93.1,12.1,0.1
2022-12-24T23:00:00,-5.5,3.51,89.2,7.4,0.0
2022-12-25T00:00:00,-4.5,3.01,87.9,5.6,0.0
2022-12-25T01:00:00,-3.4,2.4,89.6,8.7,0.0
2022-12-25T02:00:00,-2.9,1.84,89.2,10.0,0.0
2022-12-25T03:00:00,-2.4,1.2,88.7,18.5,0.0
2022-12-25T04:00:00,-2.0,0.72,91.7,21.7,0.0
2022-12-25T05:00:00,-2.0,2.79,90.7,29.6,0.0
2022-12-25T06:00:00,-2.4,4.48,88.1,40.2,0.8
2022-12-25T07:00:00,-2.3,4.47,87.3,48.2,0.9
2022-12-25T08:00:00,-2.1,4.33,91.4,51.8,0.6
2022-12-25T09:00:00,-1.9,4.1,88.5,50.6,0.4
2022-12-25T10:00:00,-1.9,4.2,91.3,62.8,0.5
2022-12-25T11:00:00,-2.0,4.31,89.5,76.9,0.6
2022-12-25T12:00:00,-1.9,3.45,95.1,74.1,0.0
2022-12-25T13:00:00,-2.2,3.58,92.4,68.5,0.1
2022-12-25T14:00:00,-3.0,3.22,92.0,59.8,0.0
2022-12-25T15:00:00,-4.1,3.0,88.7,58.3,0.0
2022-12-25T16:00:00,-5.2,2.19,89.1,45.7,0.0
2022-12-25T17:00:00,-5.0,1.73,91.4,46.6,0.0
2022-12-25T18:00:00,-6.2,2.15,87.6,32.1,0.0
2022-12-25T19:00:00,-5.7,2.91,90.9,26.2,0.0
2022-12-25T20:00:00,-5.2,3.86,88.5,19.3,0.2
2022-12-25T21:00:00,-5.2,4.83,89.8,13.6,1.5
2022-12-25T22:00:00,-5.5,5.3,87.6,10.3,2.8
2022-12-25T23:00:00,-5.5,5.2,91.8,6.7,2.5
2022-12-26T00:00:00,-4.7,5.94,89.7,7.3,5.3
2022-12-26T01:00:00,-4.2,6.46,91.1,6.3,8.5
2022-12-26T02:00:00,-3.9,6.26,87.2,11.2,7.5
2022-12-26T03:00:00,-3.6,6.26,89.7,15.3,7.3
2022-12-26T04:00:00,-3.5,6.49,88.5,18.8,9.2
2022-12-26T05:00:00,-3.4,6.21,88.7,33.8,7.2
2022-12-26T06:00:00,-3.1,5.52,92.6,40.0,3.7
2022-12-26T07:00:00,-2.9,4.42,94.3,38.8,0.8
2022-12-26T08:00:00,-2.8,3.56,88.8,56.3,0.1
2022-12-26T09:00:00,-2.7,2.86,90.9,50.1,0.0
2022-12-26T10:00:00,-2.6,2.25,90.1,51.8,0.0
2022-12-26T11:00:00,-2.5,1.51,92.2,69.9,0.0
2022-12-26T12:00:00,-2.5,3.04,86.6,65.9,0.0
2022-12-26T13:00:00,-3.0,3.11,95.4,76.0,0.0
2022-12-26T14:00:00,-3.4,2.82,91.7,54.1,0.0
2022-12-26T15:00:00,-3.6,2.62,90.7,57.4,0.0
2022-12-26T16:00:00,-4.0,3.1,90.3,48.5,0.0
2022-12-26T17:00:00,-4.1,3.7,91.6,51.9,0.1
2022-12-26T18:00:00,-4.5,3.4,93.5,37.4,0.0
2022-12-26T19:00:00,-4.3,3.8,91.6,30.6,0.2
2022-12-26T20:00:00,-3.7,4.52,91.2,20.2,0.9
2022-12-26T21:00:00,-3.7,4.9,88.5,14.4,1.8
2022-12-26T22:00:00,-3.5,4.6,88.7,9.7,1.1
2022-12-26T23:00:00,-3.1,4.5,91.9,8.6,0.9
2022-12-27T00:00:00,-2.0,5.3,90.6,6.5,2.8
2022-12-27T01:00:00,-1.7,5.59,90.2,7.9,3.8
2022-12-27T02:00:00,-1.8,4.57,89.4,12.2,1.1
2022-12-27T03:00:00,-1.4,3.31,83.8,17.6,0.0
2022-12-27T04:00:00,-1.1,2.25,87.0,21.4,0.0
2022-12-27T05:00:00,-1.0,0.98,89.5,30.8,0.0
2022-12-27T06:00:00,-0.8,0.45,88.3,37.0,0.0
2022-12-27T07:00:00,-0.5,0.5,90.2,43.2,0.0
2022-12-27T08:00:00,-0.7,1.55,85.7,52.3,0.0
2022-12-27T09:00:00,-0.8,2.1,93.3,65.4,0.0
2022-12-27T10:00:00,-1.0,2.28,90.2,68.1,0.0
2022-12-27T11:00:00,-1.3,1.58,91.0,57.7,0.0
2022-12-27T12:00:00,-1.0,0.81,90.4,58.7,0.0
2022-12-27T13:00:00,-1.6,1.39,94.8,64.2,0.0
2022-12-27T14:00:00,-2.3,1.42,91.9,59.0,0.0
2022-12-27T15:00:00,-2.4,2.24,93.2,56.2,0.0
2022-12-27T16:00:00,-2.9,2.64,91.1,42.4,0.0
2022-12-27T17:00:00,-3.3,2.5,91.4,45.4,0.0
2022-12-27T18:00:00,-3.0,3.75,89.3,39.9,0.1
2022-12-27T19:00:00,-2.5,4.61,87.0,33.7,1.1
2022-12-27T20:00:00,-2.6,5.0,90.8,23.0,2.0
2022-12-27T21:00:00,-2.4,5.3,91.2,13.4,2.8
2022-12-27T22:00:00,-2.2,5.5,91.4,12.3,3.5
2022-12-27T23:00:00,-1.9,5.71,88.7,6.4,4.3
2022-12-28T00:00:00,-1.4,7.31,88.2,6.6,14.9
2022-12-28T01:00:00,-1.3,6.36,89.6,8.7,7.6
2022-12-28T02:00:00,-1.1,5.31,86.4,9.2,2.8
2022-12-28T03:00:00,-0.9,4.18,92.9,15.4,0.5
2022-12-28T04:00:00,-0.6,2.95,90.9,23.9,0.0
2022-12-28T05:00:00,-0.3,1.3,83.4,31.7,0.0
2022-12-28T06:00:00,-0.3,0.61,91.4,40.2,0.0
2022-12-28T07:00:00,-0.2,2.1,91.7,44.6,0.0
2022-12-28T08:00:00,-0.1,3.04,89.5,51.5,0.0
2022-12-28T09:00:00,0.0,3.58,88.6,55.8,0.1
2022-12-28T10:00:00,-0.0,3.98,89.9,53.1,0.3
2022-12-28T11:00:00,-0.1,4.12,90.4,66.2,0.4
2022-12-28T12:00:00,-0.1,3.29,90.5,58.3,0.0
2022-12-28T13:00:00,-1.0,2.82,89.8,62.5,0.0
2022-12-28T14:00:00,-1.5,3.54,90.6,71.9,0.1
2022-12-28T15:00:00,-1.7,4.25,88.6,58.4,0.6
2022-12-28T16:00:00,-2.2,5.28,90.3,43.9,2.7
2022-12-28T17:00:00,-2.1,6.1,89.3,48.0,6.6
2022-12-28T18:00:00,-2.1,6.91,90.2,37.9,12.6
2022-12-28T19:00:00,-2.2,6.71,92.4,29.1,10.8
2022-12-28T20:00:00,-2.2,6.94,92.2,19.5,12.8
2022-12-28T21:00:00,-2.2,7.42,93.6,14.9,17.1
2022-12-28T22:00:00,-2.0,7.86,91.5,11.9,22.7
2022-12-28T23:00:00,-1.7,8.0,92.8,7.7,24.1
2022-12-29T00:00:00,-0.9,7.37,93.2,6.7,16.7
2022-12-29T01:00:00,-0.6,6.9,89.4,7.4,12.3
2022-12-29T02:00:00,-0.6,7.73,87.5,11.9,19.0
2022-12-29T03:00:00,-0.1,8.32,91.9,13.5,26.3
2022-12-29T04:00:00,0.3,8.39,91.2,24.1,27.8
2022-12-29T05:00:00,0.6,7.98,90.4,30.6,23.4
2022-12-29T06:00:00,0.9,7.25,88.7,35.9,14.9
2022-12-29T07:00:00,1.1,6.77,86.3,43.6,10.5
2022-12-29T08:00:00,1.1,6.46,91.1,50.2,8.2
2022-12-29T09:00:00,1.2,5.76,90.2,66.2,4.7
2022-12-29T10:00:00,1.1,4.87,89.5,51.4,1.7
2022-12-29T11:00:00,0.8,3.79,89.5,73.5,0.2
2022-12-29T12:00:00,-0.3,2.6,86.5,69.2,0.0
2022-12-29T13:00:00,-1.1,2.9,88.8,71.0,0.0
2022-12-29T14:00:00,-1.7,4.36,87.8,69.8,0.7
2022-12-29T15:00:00,-2.2,5.52,89.1,63.0,3.7
2022-12-29T16:00:00,-2.0,6.77,87.7,48.7,11.2
2022-12-29T17:00:00,-2.3,7.05,91.9,37.3,13.2
2022-12-29T18:00:00,-2.8,6.61,91.3,38.1,9.9
2022-12-29T19:00:00,-3.1,6.74,90.1,28.4,10.7
2022-12-29T20:00:00,-3.1,7.15,91.6,23.1,14.0
2022-12-29T21:00:00,-3.1,7.34,92.8,13.3,16.5
2022-12-29T22:00:00,-3.2,7.08,87.4,10.3,13.7
2022-12-29T23:00:00,-3.0,6.81,91.3,8.1,11.7
2022-12-30T00:00:00,-2.6,6.7,91.6,6.4,10.7
2022-12-30T01:00:00,-1.9,7.01,89.9,6.5,12.6
2022-12-30T02:00:00,-1.5,6.84,89.9,9.1,11.4
2022-12-30T03:00:00,-1.2,7.24,89.2,14.0,14.7
2022-12-30T04:00:00,-1.0,7.56,88.1,20.8,17.6
2022-12-30T05:00:00,-0.8,7.65,89.3,30.7,18.2
2022-12-30T06:00:00,-0.7,7.84,88.7,32.9,21.2
2022-12-30T07:00:00,-0.5,7.83,87.4,38.6,20.7
2022-12-30T08:00:00,-0.6,8.28,90.8,47.6,26.3
2022-12-30T09:00:00,-0.5,7.82,89.5,59.7,20.7
2022-12-30T10:00:00,-0.6,7.17,87.1,70.5,14.4
2022-12-30T11:00:00,-0.5,6.71,87.9,72.8,10.0
2022-12-30T12:00:00,-0.7,5.44,91.1,75.4,3.4
2022-12-30T13:00:00,-0.9,4.91,91.5,57.8,1.8
2022-12-30T14:00:00,-1.0,4.29,86.5,61.8,0.6
2022-12-30T15:00:00,-1.5,3.82,91.1,53.4,0.2
2022-12-30T16:00:00,-2.0,4.13,86.7,53.7,0.4
2022-12-30T17:00:00,-1.9,5.2,89.9,36.8,2.5
2022-12-30T18:00:00,-1.8,5.83,90.1,37.0,4.9
2022-12-30T19:00:00,-2.3,6.4,88.8,28.6,8.0
2022-12-30T20:00:00,-2.3,6.81,91.9,18.8,11.2
2022-12-30T21:00:00,-2.3,7.03,90.0,13.2,13.6
2022-12-30T22:00:00,-2.1,7.02,88.0,10.8,12.8
2022-12-30T23:00:00,-1.6,6.84,90.3,6.0,11.0
2022-12-31T00:00:00,-1.4,8.16,89.4,6.8,25.7
2022-12-31T01:00:00,-1.2,7.88,91.5,8.0,21.1
2022-12-31T02:00:00,-1.0,6.72,91.5,11.3,10.2
2022-12-31T03:00:00,-0.7,5.97,90.6,16.3,5.8
2022-12-31T04:00:00,-0.6,5.73,89.0,23.5,4.5
2022-12-31T05:00:00,-0.4,5.59,94.1,24.5,4.1
2022-12-31T06:00:00,-0.3,5.61,91.0,37.5,4.2
2022-12-31T07:00:00,-0.3,5.91,88.7,51.1,5.5
2022-12-31T08:00:00,-0.3,6.02,93.9,50.6,6.2
2022-12-31T09:00:00,-0.3,5.98,89.3,60.6,5.7
2022-12-31T10:00:00,-0.4,5.47,91.9,65.5,3.4
2022-12-31T11:00:00,-0.6,5.06,89.9,62.3,2.1
2022-12-31T12:00:00,-1.0,3.67,90.0,61.3,0.1
2022-12-31T13:00:00,-1.1,2.3,88.6,71.4,0.0
2022-12-31T14:00:00,-0.9,2.62,88.9,63.7,0.0
2022-12-31T15:00:00,-0.3,6.11,89.5,50.7,6.2
2022-12-31T16:00:00,-0.7,6.26,89.4,48.9,7.3
2022-12-31T17:00:00,-0.8,6.18,87.0,50.8,6.6
2022-12-31T18:00:00,-0.8,6.82,90.2,34.4,11.2
2022-12-31T19:00:00,-0.9,7.75,89.8,33.2,21.2
2022-12-31T20:00:00,-0.9,8.79,89.9,22.6,33.7
2022-12-31T21:00:00,-1.0,9.59,89.8,17.5,47.0
2022-12-31T22:00:00,-1.2,9.99,90.1,11.6,58.6
2022-12-31T23:00:00,-1.3,10.61,88.2,7.0,70.2
2023-01-01T00:00:00,-1.3,11.36,87.0,6.1,90.5
2023-01-01T01:00:00,-1.2,11.21,90.3,7.5,90.1
2023-01-01T02:00:00,-1.2,10.82,90.0,10.0,74.5
2023-01-01T03:00:00,-1.2,10.82,89.2,14.3,80.6
2023-01-01T04:00:00,-1.2,9.88,93.8,24.7,54.2
2023-01-01T05:00:00,-1.2,10.5,88.5,28.3,72.5
2023-01-01T06:00:00,-1.2,9.64,89.1,40.1,49.8
2023-01-01T07:00:00,-1.0,8.32,86.7,40.7,28.5
2023-01-01T08:00:00,-0.9,7.43,94.0,45.5,17.5
2023-01-01T09:00:00,-0.8,6.14,87.3,54.9,6.9
2023-01-01T10:00:00,-0.6,4.83,88.9,52.6,1.5
2023-01-01T11:00:00,-0.5,3.85,91.3,74.6,0.2
2023-01-01T12:00:00,-0.6,3.64,88.9,70.7,0.1
2023-01-01T13:00:00,-0.6,3.13,88.7,55.6,0.0
2023-01-01T14:00:00,-0.5,2.63,87.8,56.8,0.0
2023-01-01T15:00:00,-0.8,2.02,90.8,63.2,0.0
2023-01-01T16:00:00,-1.8,2.05,90.7,57.7,0.0
2023-01-01T17:00:00,-1.9,2.69,90.7,42.8,0.0
2023-01-01T18:00:00,-1.3,3.09,93.8,34.9,0.0
2023-01-01T19:00:00,-1.0,4.31,92.1,29.0,0.6
2023-01-01T20:00:00,-1.4,5.51,89.7,21.4,3.8
2023-01-01T21:00:00,-1.7,5.82,92.0,18.1,5.1
2023-01-01T22:00:00,-1.6,5.74,88.4,9.6,4.8
2023-01-01T23:00:00,-1.4,5.51,87.9,6.8,3.5
2023-01-02T00:00:00,-1.6,6.14,94.5,6.2,6.5
2023-01-02T01:00:00,-1.1,6.53,91.2,7.6,9.2
2023-01-02T02:00:00,-0.8,6.87,90.1,8.9,11.9
2023-01-02T03:00:00,-0.7,6.61,90.6,15.8,10.0
2023-01-02T04:00:00,-0.4,6.46,89.0,18.3,8.5
2023-01-02T05:00:00,-0.3,6.17,90.1,29.6,7.1
2023-01-02T06:00:00,-0.5,6.16,91.3,37.8,6.5
2023-01-02T07:00:00,-0.6,6.05,90.8,43.1,6.3
2023-01-02T08:00:00,-0.5,5.99,91.5,52.9,6.1
2023-01-02T09:00:00,-0.4,6.13,93.7,65.6,6.7
2023-01-02T10:00:00,-0.3,6.28,87.8,65.4,7.3
2023-01-02T11:00:00,-0.2,6.05,89.8,74.2,6.3
2023-01-02T12:00:00,-0.3,5.69,93.4,71.7,4.2
2023-01-02T13:00:00,-0.3,5.69,88.6,75.0,4.2
2023-01-02T14:00:00,-0.6,5.5,93.0,58.8,3.6
2023-01-02T15:00:00,-0.3,5.19,91.0,60.0,2.4
2023-01-02T16:00:00,-0.2,4.65,91.3,50.1,1.2
2023-01-02T17:00:00,-0.7,4.44,92.7,36.1,0.8
2023-01-02T18:00:00,-0.1,4.94,89.0,36.9,1.9
2023-01-02T19:00:00,-0.2,5.85,90.8,29.8,5.1
2023-01-02T20:00:00,-0.3,6.02,87.5,17.9,6.1
2023-01-02T21:00:00,-0.4,5.73,89.8,17.7,4.4
2023-01-02T22:00:00,-0.4,5.3,92.0,9.9,2.9
2023-01-02T23:00:00,-0.4,4.85,89.3,6.4,1.6
2023-01-03T00:00:00,-0.4,5.95,89.7,5.8,5.9
2023-01-03T01:00:00,-0.2,5.61,86.4,7.4,3.9
2023-01-03T02:00:00,-0.5,5.13,89.1,9.3,2.3
2023-01-03T03:00:00,-0.6,4.3,87.0,16.7,0.6
2023-01-03T04:00:00,-0.4,3.97,91.0,23.6,0.3
2023-01-03T05:00:00,-0.3,3.74,90.5,27.3,0.1
2023-01-03T06:00:00,-0.2,2.88,88.1,35.2,0.0
2023-01-03T07:00:00,-0.0,2.25,91.5,38.3,0.0
2023-01-03T08:00:00,0.0,1.08,91.6,57.6,0.0
2023-01-03T09:00:00,0.1,0.78,86.2,55.1,0.0
2023-01-03T10:00:00,-0.0,2.61,92.9,66.0,0.0
2023-01-03T11:00:00,-0.2,2.95,91.4,76.3,0.0
2023-01-03T12:00:00,-0.6,3.31,89.9,58.3,0.0
2023-01-03T13:00:00,-1.1,3.14,89.0,58.4,0.0
2023-01-03T14:00:00,-1.8,3.05,89.5,52.2,0.0
2023-01-03T15:00:00,-2.6,3.28,93.4,57.3,0.0
2023-01-03T16:00:00,-3.3,3.13,89.8,47.3,0.0
2023-01-03T17:00:00,-4.3,2.79,88.1,37.3,0.0
2023-01-03T18:00:00,-5.1,2.7,92.5,36.9,0.0
2023-01-03T19:00:00,-5.4,2.44,90.8,24.0,0.0
2023-01-03T20:00:00,-5.5,2.78,92.3,18.0,0.0
2023-01-03T21:00:00,-5.2,3.34,84.9,13.2,0.0
2023-01-03T22:00:00,-4.8,4.17,91.6,9.3,0.5
2023-01-03T23:00:00,-4.3,3.99,87.4,7.1,0.3
2023-01-04T00:00:00,-3.5,4.3,89.9,4.3,0.6
2023-01-04T01:00:00,-2.7,3.4,90.1,6.9,0.0
2023-01-04T02:00:00,-2.2,2.33,90.8,10.8,0.0
2023-01-04T03:00:00,-1.6,1.41,90.6,14.1,0.0
2023-01-04T04:00:00,-1.2,0.81,90.3,23.8,0.0
2023-01-04T05:00:00,-1.0,0.14,92.0,24.0,0.0
2023-01-04T06:00:00,-0.9,0.3,87.9,41.9,0.0
2023-01-04T07:00:00,-0.9,0.61,92.2,40.2,0.0
2023-01-04T08:00:00,-0.9,0.61,89.4,53.6,0.0
2023-01-04T09:00:00,-0.9,0.61,94.3,64.0,0.0
2023-01-04T10:00:00,-1.0,0.82,95.3,55.9,0.0
2023-01-04T11:00:00,-1.2,0.78,87.7,69.0,0.0
2023-01-04T12:00:00,-1.8,1.5,91.1,68.7,0.0
2023-01-04T13:00:00,-2.3,2.11,91.6,67.5,0.0
2023-01-04T14:00:00,-2.8,2.82,91.5,68.5,0.0
2023-01-04T15:00:00,-3.4,3.42,90.5,66.7,0.0
2023-01-04T16:00:00,-3.7,4.18,90.3,51.7,0.4
2023-01-04T17:00:00,-3.9,4.79,87.9,38.8,1.4
2023-01-04T18:00:00,-4.1,5.74,91.3,33.9,4.6
2023-01-04T19:00:00,-4.3,6.35,88.3,29.6,8.1
2023-01-04T20:00:00,-4.3,6.94,90.9,25.0,12.2
2023-01-04T21:00:00,-4.4,7.13,88.0,13.2,14.6
2023-01-04T22:00:00,-4.3,6.96,90.3,9.6,13.1
2023-01-04T23:00:00,-4.1,7.02,87.8,7.5,13.2
2023-01-05T00:00:00,-3.6,7.21,87.6,4.7,15.2
2023-01-05T01:00:00,-3.5,7.22,89.5,5.8,15.0
2023-01-05T02:00:00,-3.1,7.42,87.6,9.6,17.2
2023-01-05T03:00:00,-2.7,7.43,90.3,13.6,16.1
2023-01-05T04:00:00,-2.5,7.38,85.6,18.9,15.6
2023-01-05T05:00:00,-2.2,7.52,88.8,24.0,17.8
2023-01-05T06:00:00,-2.1,7.16,92.0,40.2,14.1
2023-01-05T07:00:00,-2.0,7.16,88.4,46.3,14.0
2023-01-05T08:00:00,-2.1,7.34,91.3,54.8,16.0
2023-01-05T09:00:00,-2.0,7.31,91.1,51.2,15.2
2023-01-05T10:00:00,-2.1,6.83,88.2,64.6,11.8
2023-01-05T11:00:00,-1.9,6.27,87.0,62.3,7.3
2023-01-05T12:00:00,-2.0,5.91,91.2,76.4,5.3
2023-01-05T13:00:00,-2.0,5.63,92.0,58.9,4.3
2023-01-05T14:00:00,-2.1,5.24,91.3,62.2,2.7
2023-01-05T15:00:00,-2.4,5.0,89.9,53.7,1.9
2023-01-05T16:00:00,-2.7,5.15,87.7,51.9,2.4
2023-01-05T17:00:00,-3.0,5.31,90.6,44.7,2.8
2023-01-05T18:00:00,-3.2,5.3,86.6,33.8,2.9
2023-01-05T19:00:00,-3.4,5.2,91.5,28.2,2.5
2023-01-05T20:00:00,-3.7,5.42,86.9,20.8,3.4
2023-01-05T21:00:00,-4.1,5.62,93.3,13.4,4.0
2023-01-05T22:00:00,-4.3,5.73,90.1,9.6,4.7
2023-01-05T23:00:00,-4.3,5.82,92.5,5.7,5.2
2023-01-06T00:00:00,-3.5,5.4,88.4,4.2,3.1
2023-01-06T01:00:00,-3.4,5.16,94.0,5.4,2.4
2023-01-06T02:00:00,-3.1,5.0,90.3,10.1,1.9
2023-01-06T03:00:00,-2.8,4.98,89.2,14.1,1.9
2023-01-06T04:00:00,-2.7,4.83,92.8,22.1,1.6
2023-01-06T05:00:00,-2.4,4.62,90.5,23.6,1.1
2023-01-06T06:00:00,-2.2,4.4,88.6,37.0,0.8
2023-01-06T07:00:00,-2.0,4.29,88.7,46.6,0.6
2023-01-06T08:00:00,-1.9,4.13,89.8,52.4,0.4
2023-01-06T09:00:00,-1.9,4.02,89.6,56.1,0.3
2023-01-06T10:00:00,-1.8,4.2,90.8,63.7,0.5
2023-01-06T11:00:00,-1.9,4.5,90.2,73.2,0.9
2023-01-06T12:00:00,-2.0,3.91,87.0,63.1,0.2
2023-01-06T13:00:00,-2.1,3.98,92.0,61.7,0.3
2023-01-06T14:00:00,-2.5,3.89,89.6,55.9,0.2
2023-01-06T15:00:00,-3.2,4.1,85.4,56.7,0.4
2023-01-06T16:00:00,-3.7,4.79,91.5,50.7,1.4
2023-01-06T17:00:00,-4.1,5.02,92.1,49.0,2.0
2023-01-06T18:00:00,-4.3,5.4,92.0,31.8,3.3
2023-01-06T19:00:00,-4.3,5.61,86.3,30.2,4.1
2023-01-06T20:00:00,-4.4,5.32,91.0,23.9,2.8
2023-01-06T21:00:00,-4.2,5.5,91.8,13.5,3.5
2023-01-06T22:00:00,-3.0,5.26,90.2,8.0,2.8
2023-01-06T23:00:00,-2.7,6.8,91.3,6.4,11.3
2023-01-07T00:00:00,-2.6,5.59,91.5,4.7,4.1
2023-01-07T01:00:00,-2.4,5.34,88.6,6.0,3.0
2023-01-07T02:00:00,-2.3,5.46,88.2,9.1,3.3
2023-01-07T03:00:00,-2.2,5.01,91.3,12.8,2.1
2023-01-07T04:00:00,-1.9,4.32,91.7,19.9,0.7
2023-01-07T05:00:00,-1.7,4.14,92.8,32.7,0.5
2023-01-07T06:00:00,-1.6,4.1,92.2,39.1,0.4
2023-01-07T07:00:00,-1.5,3.59,87.8,43.4,0.1
2023-01-07T08:00:00,-1.4,2.77,91.8,46.7,0.0
2023-01-07T09:00:00,-1.4,1.63,88.3,51.7,0.0
2023-01-07T10:00:00,-1.5,0.8,91.1,53.0,0.0
2023-01-07T11:00:00,-1.6,0.51,87.3,64.6,0.0
2023-01-07T12:00:00,-1.4,2.45,90.5,72.3,0.0
2023-01-07T13:00:00,-2.0,3.04,89.3,62.1,0.0
2023-01-07T14:00:00,-2.8,3.53,89.7,62.5,0.1
2023-01-07T15:00:00,-3.7,4.17,89.2,55.0,0.5
2023-01-07T16:00:00,-5.0,4.5,90.6,42.9,0.9
2023-01-07T17:00:00,-5.4,4.78,87.2,50.1,1.5
2023-01-07T18:00:00,-5.2,4.63,90.4,41.6,1.2
2023-01-07T19:00:00,-4.9,4.82,89.5,29.9,1.5
2023-01-07T20:00:00,-5.1,5.36,89.8,21.5,2.9
2023-01-07T21:00:00,-5.0,5.97,90.3,13.1,5.8
2023-01-07T22:00:00,-4.9,6.04,94.1,7.9,5.9
2023-01-07T23:00:00,-4.8,6.03,88.0,6.6,6.3
2023-01-08T00:00:00,-4.3,5.81,87.8,4.4,4.9
2023-01-08T01:00:00,-3.9,5.4,87.9,4.7,3.2
2023-01-08T02:00:00,-3.5,4.92,90.1,8.7,1.7
2023-01-08T03:00:00,-3.1,4.36,90.8,16.8,0.7
2023-01-08T04:00:00,-2.7,4.05,94.1,18.1,0.4
2023-01-08T05:00:00,-2.4,4.12,88.1,26.0,0.4
2023-01-08T06:00:00,-2.3,4.16,90.0,34.2,0.5
2023-01-08T07:00:00,-2.2,3.91,90.5,45.7,0.2
2023-01-08T08:00:00,-2.1,3.47,91.7,54.7,0.0
2023-01-08T09:00:00,-2.1,3.11,86.8,63.9,0.0
2023-01-08T10:00:00,-2.1,2.69,90.5,61.5,0.0
2023-01-08T11:00:00,-2.2,2.19,93.7,73.4,0.0
2023-01-08T12:00:00,-2.1,2.38,92.1,72.5,0.0
2023-01-08T13:00:00,-2.6,2.73,91.9,56.7,0.0
2023-01-08T14:00:00,-3.2,3.1,90.9,70.0,0.0
2023-01-08T15:00:00,-3.9,4.03,93.2,57.0,0.3
2023-01-08T16:00:00,-4.7,4.71,86.2,52.9,1.3
2023-01-08T17:00:00,-5.2,5.03,88.8,38.7,2.1
2023-01-08T18:00:00,-5.6,5.31,89.3,30.6,3.0
2023-01-08T19:00:00,-5.8,5.79,90.5,30.8,4.8
2023-01-08T20:00:00,-5.9,5.99,91.1,23.6,6.0
2023-01-08T21:00:00,-5.8,5.98,91.9,11.9,5.9
2023-01-08T22:00:00,-5.6,5.92,88.2,8.9,5.6
2023-01-08T23:00:00,-5.4,6.0,90.8,6.2,5.8
2023-01-09T00:00:00,-4.4,5.71,92.9,4.2,4.4
2023-01-09T01:00:00,-3.8,5.7,91.0,4.9,4.4
2023-01-09T02:00:00,-3.3,5.6,88.7,7.9,4.1
2023-01-09T03:00:00,-2.8,5.33,87.9,13.8,3.0
2023-01-09T04:00:00,-2.4,5.28,93.0,18.7,2.7
2023-01-09T05:00:00,-2.0,4.79,86.2,28.6,1.5
2023-01-09T06:00:00,-1.5,4.27,85.4,39.9,0.6
2023-01-09T07:00:00,-1.0,4.35,87.3,47.3,0.7
2023-01-09T08:00:00,-1.0,4.08,91.1,57.7,0.4
2023-01-09T09:00:00,-0.9,3.67,86.6,61.4,0.1
2023-01-09T10:00:00,-0.7,2.95,90.7,55.4,0.0
2023-01-09T11:00:00,-0.7,1.89,86.8,66.5,0.0
2023-01-09T12:00:00,-0.8,1.84,87.5,74.6,0.0
2023-01-09T13:00:00,-1.8,2.4,89.7,69.4,0.0
2023-01-09T14:00:00,-3.4,2.69,90.1,52.8,0.0
2023-01-09T15:00:00,-3.8,3.81,88.1,56.0,0.2
2023-01-09T16:00:00,-4.3,4.33,91.1,46.4,0.6
2023-01-09T17:00:00,-4.4,4.46,89.5,37.2,0.9
2023-01-09T18:00:00,-4.4,4.57,89.2,31.5,1.1
2023-01-09T19:00:00,-4.4,4.63,89.8,25.6,1.1
2023-01-09T20:00:00,-4.1,4.72,89.1,23.3,1.3
2023-01-09T21:00:00,-3.9,4.7,92.5,12.5,1.2
2023-01-09T22:00:00,-3.8,4.9,93.7,7.4,1.7
2023-01-09T23:00:00,-3.6,4.81,89.4,6.0,1.5
2023-01-10T00:00:00,-2.7,4.11,92.4,3.8,0.4
2023-01-10T01:00:00,-2.4,3.81,90.0,4.7,0.2
2023-01-10T02:00:00,-2.2,3.52,89.0,8.0,0.1
2023-01-10T03:00:00,-1.8,3.04,89.5,14.6,0.0
2023-01-10T04:00:00,-1.5,2.46,87.2,17.8,0.0
2023-01-10T05:00:00,-1.4,1.84,89.3,23.4,0.0
2023-01-10T06:00:00,-1.4,0.82,88.3,39.0,0.0
2023-01-10T07:00:00,-1.4,1.0,87.3,47.0,0.0
2023-01-10T08:00:00,-1.5,2.06,89.5,53.6,0.0
2023-01-10T09:00:00,-1.5,2.73,89.9,64.2,0.0
2023-01-10T10:00:00,-1.7,2.69,90.0,70.5,0.0
2023-01-10T11:00:00,-1.8,2.22,88.0,56.0,0.0
2023-01-10T12:00:00,-1.7,2.06,93.6,57.1,0.0
2023-01-10T13:00:00,-2.3,2.22,92.3,73.9,0.0
2023-01-10T14:00:00,-3.3,2.11,87.8,58.0,0.0
2023-01-10T15:00:00,-2.8,1.42,91.2,61.3,0.0
2023-01-10T16:00:00,-2.2,0.58,90.6,47.0,0.0
2023-01-10T17:00:00,-4.2,1.8,90.7,44.0,0.0
2023-01-10T18:00:00,-5.4,3.21,87.3,30.8,0.0
2023-01-10T19:00:00,-4.3,3.98,91.5,24.3,0.3
2023-01-10T20:00:00,-3.4,4.27,86.5,20.9,0.6
2023-01-10T21:00:00,-3.3,4.62,90.4,11.7,1.1
2023-01-10T22:00:00,-3.2,4.88,87.1,7.2,1.6
2023-01-10T23:00:00,-2.9,4.68,90.3,5.8,1.2
2023-01-11T00:00:00,-1.9,4.85,86.1,3.5,1.6
2023-01-11T01:00:00,-1.5,5.09,86.0,5.3,2.2
2023-01-11T02:00:00,-1.2,5.5,90.6,8.2,3.6
2023-01-11T03:00:00,-1.0,5.59,90.7,15.1,4.0
2023-01-11T04:00:00,-1.0,5.56,90.0,21.5,3.9
2023-01-11T05:00:00,-1.0,5.19,90.4,25.3,2.6
2023-01-11T06:00:00,-0.9,5.77,89.5,29.7,4.6
2023-01-11T07:00:00,-0.9,6.3,89.3,38.3,8.0
2023-01-11T08:00:00,-0.8,5.94,91.7,52.0,5.4
2023-01-11T09:00:00,-0.8,5.28,89.3,62.7,2.8
2023-01-11T10:00:00,-0.9,5.56,91.4,56.5,3.8
2023-01-11T11:00:00,-0.9,6.66,85.8,66.3,10.5
2023-01-11T12:00:00,-1.2,6.52,92.1,65.7,9.2
2023-01-11T13:00:00,-1.3,6.12,89.7,58.8,6.3
2023-01-11T14:00:00,-1.4,6.05,91.9,69.0,6.1
2023-01-11T15:00:00,-1.6,6.05,92.9,51.5,6.4
2023-01-11T16:00:00,-1.7,6.42,87.0,46.7,8.2
2023-01-11T17:00:00,-1.9,6.44,88.6,41.4,8.7
2023-01-11T18:00:00,-1.9,5.84,91.7,29.1,5.3
2023-01-11T19:00:00,-1.9,5.72,89.0,23.3,4.5
2023-01-11T20:00:00,-2.1,5.55,88.0,23.7,3.9
2023-01-11T21:00:00,-2.4,5.06,92.7,11.5,2.2
2023-01-11T22:00:00,-1.9,4.65,90.4,9.6,1.1
2023-01-11T23:00:00,-1.9,3.89,91.5,4.1,0.2
2023-01-12T00:00:00,-1.5,3.58,89.5,2.9,0.1
2023-01-12T01:00:00,-1.4,3.26,91.5,4.0,0.0
2023-01-12T02:00:00,-1.5,2.62,89.4,7.6,0.0
2023-01-12T03:00:00,-1.6,1.75,86.8,14.3,0.0
2023-01-12T04:00:00,-1.7,1.2,89.6,17.8,0.0
2023-01-12T05:00:00,-1.7,1.6,87.5,30.1,0.0
2023-01-12T06:00:00,-1.6,2.34,92.4,30.5,0.0
2023-01-12T07:00:00,-1.6,2.68,90.4,41.9,0.0
2023-01-12T08:00:00,-1.6,2.86,88.2,45.9,0.0
2023-01-12T09:00:00,-1.6,2.92,90.5,46.2,0.0
2023-01-12T10:00:00,-1.6,2.91,88.9,60.1,0.0
2023-01-12T11:00:00,-1.6,2.75,92.1,58.0,0.0
2023-01-12T12:00:00,-1.6,2.44,90.6,59.4,0.0
2023-01-12T13:00:00,-1.7,2.5,89.5,61.9,0.0
2023-01-12T14:00:00,-2.1,2.34,88.6,66.2,0.0
2023-01-12T15:00:00,-2.9,2.39,87.0,57.5,0.0
2023-01-12T16:00:00,-2.8,2.72,87.8,57.6,0.0
2023-01-12T17:00:00,-3.0,2.94,93.2,41.2,0.0
2023-01-12T18:00:00,-2.7,2.52,94.3,38.1,0.0
2023-01-12T19:00:00,-2.7,1.79,87.9,29.6,0.0
2023-01-12T20:00:00,-2.6,1.02,92.0,22.7,0.0
2023-01-12T21:00:00,-2.7,1.26,92.1,13.8,0.0
2023-01-12T22:00:00,-2.8,2.7,91.9,6.9,0.0
2023-01-12T23:00:00,-3.2,4.39,91.4,3.8,0.7
2023-01-13T00:00:00,-2.9,5.15,88.8,2.3,2.4
2023-01-13T01:00:00,-2.8,5.5,89.7,3.5,3.8
2023-01-13T02:00:00,-2.6,5.06,86.0,7.9,2.2
2023-01-13T03:00:00,-2.2,5.42,88.7,14.9,3.4
2023-01-13T04:00:00,-2.2,5.3,90.3,20.1,2.8
2023-01-13T05:00:00,-2.0,5.35,90.2,22.4,3.0
2023-01-13T06:00:00,-1.8,5.64,88.6,32.9,4.0
2023-01-13T07:00:00,-1.6,6.06,88.6,49.2,6.3
2023-01-13T08:00:00,-1.7,5.73,87.0,52.2,4.5
2023-01-13T09:00:00,-1.7,5.19,89.5,55.3,2.5
2023-01-13T10:00:00,-1.9,4.83,94.7,54.3,1.5
2023-01-13T11:00:00,-1.9,4.12,88.8,70.4,0.4
2023-01-13T12:00:00,-1.8,6.13,89.7,60.3,6.8
2023-01-13T13:00:00,-1.9,4.49,89.9,54.6,0.9
2023-01-13T14:00:00,-2.5,3.89,86.3,59.1,0.2
2023-01-13T15:00:00,-3.0,4.48,89.9,52.1,0.9
2023-01-13T16:00:00,-2.9,4.78,88.3,45.9,1.4
2023-01-13T17:00:00,-3.0,4.56,93.0,35.8,1.0
2023-01-13T18:00:00,-3.8,4.4,89.0,31.0,0.7
2023-01-13T19:00:00,-4.3,4.24,86.1,23.5,0.5
2023-01-13T20:00:00,-4.8,4.2,90.5,16.9,0.5
2023-01-13T21:00:00,-4.8,3.98,90.5,14.6,0.3
2023-01-13T22:00:00,-4.5,4.16,90.0,7.4,0.4
2023-01-13T23:00:00,-4.2,3.89,90.5,3.5,0.2
2023-01-14T00:00:00,-3.8,4.05,92.0,2.4,0.3
2023-01-14T01:00:00,-3.2,3.42,87.9,3.5,0.0
2023-01-14T02:00:00,-2.5,2.75,88.8,7.8,0.0
2023-01-14T03:00:00,-2.1,2.24,91.9,12.9,0.0
2023-01-14T04:00:00,-1.8,1.77,89.4,16.4,0.0
2023-01-14T05:00:00,-1.7,1.35,90.4,23.7,0.0
2023-01-14T06:00:00,-1.7,0.67,88.9,28.9,0.0
2023-01-14T07:00:00,-1.6,0.22,87.8,35.7,0.0
2023-01-14T08:00:00,-1.4,1.14,89.6,51.7,0.0
2023-01-14T09:00:00,-1.3,1.63,94.5,58.8,0.0
2023-01-14T10:00:00,-1.4,1.86,88.9,69.1,0.0
2023-01-14T11:00:00,-1.7,2.28,87.5,65.5,0.0
2023-01-14T12:00:00,-1.6,2.72,86.0,58.7,0.0
2023-01-14T13:00:00,-2.2,2.72,91.5,56.3,0.0
2023-01-14T14:00:00,-3.1,2.62,89.5,56.2,0.0
2023-01-14T15:00:00,-3.4,1.8,92.2,56.7,0.0
2023-01-14T16:00:00,-1.6,1.22,90.1,47.5,0.0
2023-01-14T17:00:00,-1.6,0.89,91.3,46.0,0.0
2023-01-14T18:00:00,-2.1,1.53,89.6,33.0,0.0
2023-01-14T19:00:00,-5.8,2.8,92.2,31.3,0.0
2023-01-14T20:00:00,-5.4,3.82,92.1,22.5,0.2
2023-01-14T21:00:00,-5.5,4.32,89.3,10.7,0.6
2023-01-14T22:00:00,-5.4,4.46,89.2,8.0,0.8
2023-01-14T23:00:00,-5.2,4.53,90.1,3.7,1.0
2023-01-15T00:00:00,-5.5,3.96,88.2,2.1,0.3
2023-01-15T01:00:00,-4.6,3.11,89.7,3.6,0.0
2023-01-15T02:00:00,-3.6,2.56,86.8,6.7,0.0
2023-01-15T03:00:00,-3.1,2.22,90.4,14.5,0.0
2023-01-15T04:00:00,-2.6,2.8,92.3,17.1,0.0
2023-01-15T05:00:00,-2.2,3.4,92.1,24.5,0.0
2023-01-15T06:00:00,-2.1,3.86,91.4,32.1,0.2
2023-01-15T07:00:00,-2.0,3.2,89.6,41.4,0.0
2023-01-15T08:00:00,-1.9,2.83,90.5,53.2,0.0
2023-01-15T09:00:00,-1.9,2.3,89.9,63.0,0.0
2023-01-15T10:00:00,-1.9,2.02,86.2,50.1,0.0
2023-01-15T11:00:00,-1.8,2.16,89.5,54.6,0.0
2023-01-15T12:00:00,-2.5,3.31,92.8,70.2,0.0
2023-01-15T13:00:00,-2.7,5.1,91.3,70.3,2.2
2023-01-15T14:00:00,-2.9,5.69,91.2,52.6,4.5
2023-01-15T15:00:00,-3.2,6.08,88.5,62.7,6.6
2023-01-15T16:00:00,-3.4,6.42,90.7,47.1,8.5
2023-01-15T17:00:00,-3.5,6.43,86.4,36.1,8.8
2023-01-15T18:00:00,-3.8,6.04,89.5,33.3,6.2
2023-01-15T19:00:00,-3.8,5.95,89.2,30.9,5.3
2023-01-15T20:00:00,-3.8,6.33,87.9,18.1,7.4
2023-01-15T21:00:00,-3.9,6.56,87.8,10.8,9.1
2023-01-15T22:00:00,-3.8,6.41,88.7,7.5,7.9
2023-01-15T23:00:00,-3.6,6.1,88.0,3.5,6.4
2023-01-16T00:00:00,-3.2,6.0,88.4,1.3,5.9
2023-01-16T01:00:00,-2.9,5.8,89.9,2.5,4.8
2023-01-16T02:00:00,-2.4,5.44,89.4,7.7,3.4
2023-01-16T03:00:00,-2.2,4.79,92.2,12.8,1.5
2023-01-16T04:00:00,-2.1,4.98,87.1,18.2,1.9
2023-01-16T05:00:00,-1.7,6.18,90.0,25.7,6.7
2023-01-16T06:00:00,-1.4,7.46,88.7,32.4,17.9
2023-01-16T07:00:00,-1.2,7.66,87.9,36.7,19.3
2023-01-16T08:00:00,-1.1,8.19,90.1,46.8,26.7
2023-01-16T09:00:00,-1.2,8.87,90.3,57.5,37.0
2023-01-16T10:00:00,-1.3,10.19,87.6,61.5,59.6
2023-01-16T11:00:00,-1.4,10.98,89.3,69.3,81.3
2023-01-16T12:00:00,-1.6,9.99,91.1,64.8,58.9
2023-01-16T13:00:00,-1.6,9.67,88.7,61.9,49.2
2023-01-16T14:00:00,-1.6,9.66,90.3,54.4,50.9
2023-01-16T15:00:00,-1.6,9.85,89.2,63.3,56.4
2023-01-16T16:00:00,-1.6,10.29,97.7,50.6,63.7
2023-01-16T17:00:00,-1.7,10.3,92.4,42.3,67.5
2023-01-16T18:00:00,-1.8,10.61,89.0,36.2,70.5
2023-01-16T19:00:00,-1.8,10.66,86.0,24.0,75.8
2023-01-16T20:00:00,-1.9,10.68,88.5,18.8,71.8
2023-01-16T21:00:00,-1.9,10.45,91.5,10.8,65.3
2023-01-16T22:00:00,-2.0,10.01,88.6,6.7,60.9
2023-01-16T23:00:00,-1.9,9.64,88.5,3.2,48.3
2023-01-17T00:00:00,-1.7,8.72,92.1,1.1,32.4
2023-01-17T01:00:00,-1.6,8.63,89.8,2.6,30.7
2023-01-17T02:00:00,-1.5,8.24,91.7,6.5,25.4
2023-01-17T03:00:00,-1.4,7.53,86.8,12.5,18.1
2023-01-17T04:00:00,-1.3,7.0,90.1,20.1,13.1
2023-01-17T05:00:00,-1.1,6.36,92.4,25.2,7.7
2023-01-17T06:00:00,-1.0,5.32,92.1,31.0,3.0
2023-01-17T07:00:00,-0.8,4.61,93.6,37.7,1.1
2023-01-17T08:00:00,-0.7,4.43,91.4,52.7,0.8
2023-01-17T09:00:00,-0.6,4.39,90.4,54.7,0.7
2023-01-17T10:00:00,-0.7,4.25,92.7,57.2,0.5
2023-01-17T11:00:00,-0.8,4.05,89.9,61.8,0.3
2023-01-17T12:00:00,-1.1,3.52,89.3,70.1,0.1
2023-01-17T13:00:00,-1.1,3.38,91.4,54.2,0.0
2023-01-17T14:00:00,-1.3,3.96,90.9,66.4,0.3
2023-01-17T15:00:00,-1.5,5.05,90.3,63.7,2.0
2023-01-17T16:00:00,-1.6,5.42,90.0,42.7,3.2
2023-01-17T17:00:00,-1.8,5.39,89.7,36.5,3.3
2023-01-17T18:00:00,-1.8,5.33,89.4,35.3,3.1
2023-01-17T19:00:00,-1.7,5.69,93.6,28.5,4.2
2023-01-17T20:00:00,-1.9,6.02,92.2,18.1,6.2
2023-01-17T21:00:00,-2.0,6.2,91.7,12.9,6.7
2023-01-17T22:00:00,-2.0,6.45,91.8,6.6,8.7
2023-01-17T23:00:00,-1.9,6.66,85.5,2.2,10.3
2023-01-18T00:00:00,-2.0,6.62,91.0,0.6,9.7
2023-01-18T01:00:00,-2.0,6.74,92.7,2.0,11.1
2023-01-18T02:00:00,-2.0,7.03,84.4,6.7,13.1
2023-01-18T03:00:00,-1.8,7.39,91.6,11.1,16.8
2023-01-18T04:00:00,-1.6,7.99,90.0,18.9,24.2
2023-01-18T05:00:00,-1.5,8.2,91.2,24.4,26.1
2023-01-18T06:00:00,-1.3,7.96,88.3,33.3,23.4
2023-01-18T07:00:00,-1.2,7.8,88.3,38.7,20.5
2023-01-18T08:00:00,-1.1,7.55,91.1,56.4,18.9
2023-01-18T09:00:00,-1.1,7.41,90.8,58.9,16.4
2023-01-18T10:00:00,-1.0,6.63,90.2,64.4,10.0
2023-01-18T11:00:00,-1.0,6.49,86.3,68.3,9.2
2023-01-18T12:00:00,-1.4,5.49,90.9,63.7,3.4
2023-01-18T13:00:00,-1.5,5.37,89.6,57.0,3.0
2023-01-18T14:00:00,-1.8,4.74,88.6,60.0,1.3
2023-01-18T15:00:00,-2.3,4.34,89.4,62.5,0.7
2023-01-18T16:00:00,-2.9,4.23,88.6,47.8,0.5
2023-01-18T17:00:00,-3.8,4.4,93.0,45.2,0.8
2023-01-18T18:00:00,-4.3,4.4,89.7,34.7,0.8
2023-01-18T19:00:00,-4.4,4.67,88.5,24.4,1.2
2023-01-18T20:00:00,-4.6,5.09,90.7,19.5,2.2
2023-01-18T21:00:00,-4.6,4.97,88.0,9.9,1.9
2023-01-18T22:00:00,-4.6,4.74,90.2,6.0,1.3
2023-01-18T23:00:00,-4.1,5.03,87.8,1.9,2.1
2023-01-19T00:00:00,-3.7,5.25,85.8,0.0,2.6
2023-01-19T01:00:00,-3.1,5.2,90.6,1.6,2.5
2023-01-19T02:00:00,-2.6,4.77,88.9,6.7,1.4
2023-01-19T03:00:00,-2.1,4.4,96.1,12.7,0.7
2023-01-19T04:00:00,-1.6,3.95,93.8,18.2,0.3
2023-01-19T05:00:00,-1.2,3.32,88.8,24.5,0.0
2023-01-19T06:00:00,-1.0,2.38,91.2,36.9,0.0
2023-01-19T07:00:00,-0.7,1.42,88.7,44.7,0.0
2023-01-19T08:00:00,-0.7,0.36,92.0,50.7,0.0
2023-01-19T09:00:00,-0.9,1.56,88.5,60.8,0.0
2023-01-19T10:00:00,-1.0,1.79,92.4,54.7,0.0
2023-01-19T11:00:00,-1.3,1.7,90.7,69.0,0.0
2023-01-19T12:00:00,-1.3,1.35,95.0,72.3,0.0
2023-01-19T13:00:00,-1.8,2.9,88.4,58.9,0.0
2023-01-19T14:00:00,-2.3,4.34,91.7,67.6,0.7
2023-01-19T15:00:00,-2.8,5.21,89.7,52.9,2.5
2023-01-19T16:00:00,-3.1,5.81,88.9,51.5,4.7
2023-01-19T17:00:00,-3.4,6.5,89.9,47.5,9.2
2023-01-19T18:00:00,-3.6,6.9,86.9,38.2,11.5
2023-01-19T19:00:00,-3.8,6.8,89.4,28.7,11.2
2023-01-19T20:00:00,-3.8,6.91,90.7,15.4,12.5
2023-01-19T21:00:00,-3.9,7.18,89.7,11.9,15.0
2023-01-19T22:00:00,-4.0,7.47,89.9,5.7,17.4
2023-01-19T23:00:00,-3.8,7.5,88.3,1.8,18.3
2023-01-20T00:00:00,-2.5,7.21,90.3,0.0,15.2
2023-01-20T01:00:00,-1.9,6.8,88.9,1.1,11.0
2023-01-20T02:00:00,-1.4,6.4,89.1,5.8,7.9
2023-01-20T03:00:00,-0.9,5.4,89.5,10.5,3.4
2023-01-20T04:00:00,-0.4,4.7,92.4,15.3,1.3
2023-01-20T05:00:00,0.3,4.34,89.7,26.4,0.7
2023-01-20T06:00:00,0.8,3.96,92.3,29.9,0.3
2023-01-20T07:00:00,1.1,3.95,91.6,45.0,0.3
2023-01-20T08:00:00,1.2,4.0,88.0,51.1,0.3
2023-01-20T09:00:00,1.3,3.88,90.5,50.6,0.2
2023-01-20T10:00:00,1.3,3.9,89.3,57.4,0.2
2023-01-20T11:00:00,1.4,4.03,91.9,58.6,0.3
2023-01-20T12:00:00,1.2,5.51,90.3,58.9,3.7
2023-01-20T13:00:00,1.0,5.02,90.2,62.9,2.0
2023-01-20T14:00:00,0.5,5.12,89.7,60.7,2.4
2023-01-20T15:00:00,0.1,5.95,87.7,47.8,5.7
2023-01-20T16:00:00,-0.3,6.67,87.0,51.0,10.5
2023-01-20T17:00:00,-0.7,7.35,89.1,43.8,16.3
2023-01-20T18:00:00,-1.0,8.02,87.8,34.3,23.7
2023-01-20T19:00:00,-1.4,8.39,89.0,26.5,27.7
2023-01-20T20:00:00,-2.0,8.09,90.9,19.8,24.8
2023-01-20T21:00:00,-2.4,8.67,87.6,11.6,34.0
2023-01-20T22:00:00,-2.6,8.93,88.2,6.2,35.4
2023-01-20T23:00:00,-2.7,9.07,85.9,1.3,39.8
2023-01-21T00:00:00,-1.7,8.7,91.9,0.0,33.3
2023-01-21T01:00:00,-1.4,7.73,86.2,0.6,19.3
2023-01-21T02:00:00,-1.4,7.11,91.1,5.6,13.6
2023-01-21T03:00:00,-1.2,6.66,89.9,11.8,9.9
2023-01-21T04:00:00,-0.8,6.23,89.9,18.8,6.8
2023-01-21T05:00:00,-0.3,5.5,88.2,22.8,3.7
2023-01-21T06:00:00,0.2,4.83,85.7,28.7,1.5
2023-01-21T07:00:00,0.5,5.51,91.4,46.4,3.7
2023-01-21T08:00:00,0.6,5.19,85.5,44.1,2.6
2023-01-21T09:00:00,0.7,4.4,90.1,61.7,0.8
2023-01-21T10:00:00,0.8,4.15,90.9,52.8,0.4
2023-01-21T11:00:00,0.7,3.91,91.5,52.5,0.2
2023-01-21T12:00:00,0.5,5.71,86.9,52.4,4.2
2023-01-21T13:00:00,0.1,6.69,88.3,51.2,10.2
2023-01-21T14:00:00,-0.2,6.79,90.5,49.3,10.8
2023-01-21T15:00:00,-0.9,6.0,90.8,59.5,5.7
2023-01-21T16:00:00,-1.3,6.14,90.4,52.6,6.4
2023-01-21T17:00:00,-1.4,6.71,91.7,38.9,10.4
2023-01-21T18:00:00,-1.7,7.41,87.6,29.5,16.5
2023-01-21T19:00:00,-2.0,7.9,92.3,28.0,22.7
2023-01-21T20:00:00,-2.0,7.7,89.9,19.0,20.1
2023-01-21T21:00:00,-1.9,7.7,87.4,10.1,19.9
2023-01-21T22:00:00,-2.0,7.71,88.5,5.4,20.3
2023-01-21T23:00:00,-2.0,7.31,88.2,0.7,15.8
2023-01-22T00:00:00,-1.6,7.82,86.1,0.0,20.6
2023-01-22T01:00:00,-1.5,7.23,90.3,0.0,14.4
2023-01-22T02:00:00,-1.6,6.71,88.9,5.4,10.1
2023-01-22T03:00:00,-1.5,6.0,91.1,9.3,5.8
2023-01-22T04:00:00,-1.5,5.7,91.1,18.2,4.4
2023-01-22T05:00:00,-1.4,5.43,88.8,28.0,3.4
2023-01-22T06:00:00,-1.1,4.75,93.2,33.9,1.4
2023-01-22T07:00:00,-0.9,3.76,86.7,39.7,0.1
2023-01-22T08:00:00,-0.7,2.87,88.2,51.3,0.0
2023-01-22T09:00:00,-0.6,1.87,87.8,49.7,0.0
2023-01-22T10:00:00,-0.7,1.51,93.5,65.0,0.0
2023-01-22T11:00:00,-1.0,1.51,91.9,67.8,0.0
2023-01-22T12:00:00,-1.2,1.0,88.1,73.4,0.0
2023-01-22T13:00:00,-2.4,2.22,92.9,69.7,0.0
2023-01-22T14:00:00,-2.7,4.01,90.3,51.2,0.3
2023-01-22T15:00:00,-3.1,5.2,91.2,62.5,2.6
2023-01-22T16:00:00,-3.4,5.81,90.8,49.1,4.9
2023-01-22T17:00:00,-3.7,6.21,88.3,40.0,7.1
2023-01-22T18:00:00,-4.0,6.5,91.1,35.7,8.6
2023-01-22T19:00:00,-4.1,6.8,91.4,26.6,11.1
2023-01-22T20:00:00,-4.1,7.0,91.5,19.5,12.2
2023-01-22T21:00:00,-4.0,6.91,90.6,11.3,11.8
2023-01-22T22:00:00,-3.9,6.8,86.1,4.7,11.5
2023-01-22T23:00:00,-3.6,6.71,88.9,0.0,10.5
2023-01-23T00:00:00,-3.4,6.4,90.5,0.0,8.7
2023-01-23T01:00:00,-3.2,6.61,92.0,0.0,9.7
2023-01-23T02:00:00,-3.0,6.64,90.3,3.8,9.7
2023-01-23T03:00:00,-2.9,6.34,86.7,10.3,8.0
2023-01-23T04:00:00,-2.6,5.61,91.7,16.6,3.8
2023-01-23T05:00:00,-2.2,5.22,88.9,20.3,2.7
2023-01-23T06:00:00,-1.9,4.98,88.2,33.0,1.9
2023-01-23T07:00:00,-1.7,4.54,91.0,44.5,1.0
2023-01-23T08:00:00,-1.5,3.49,87.8,49.2,0.0
2023-01-23T09:00:00,-1.4,2.01,89.8,55.6,0.0
2023-01-23T10:00:00,-1.4,1.14,92.0,57.6,0.0
2023-01-23T11:00:00,-1.8,1.43,86.5,64.4,0.0
2023-01-23T12:00:00,-2.3,2.14,90.1,53.1,0.0
2023-01-23T13:00:00,-3.2,2.7,89.7,60.2,0.0
2023-01-23T14:00:00,-3.7,4.14,89.3,65.3,0.4
2023-01-23T15:00:00,-4.0,5.61,93.0,52.6,4.1
2023-01-23T16:00:00,-4.6,6.38,87.5,48.6,8.0
2023-01-23T17:00:00,-5.1,6.74,90.8,46.2,10.3
2023-01-23T18:00:00,-5.5,7.31,91.5,31.0,15.4
2023-01-23T19:00:00,-5.8,7.34,89.2,21.7,16.5
2023-01-23T20:00:00,-6.0,7.43,89.5,19.7,17.1
2023-01-23T21:00:00,-6.1,7.34,90.0,9.9,16.2
2023-01-23T22:00:00,-6.2,7.12,93.6,4.3,13.3
2023-01-23T23:00:00,-6.1,6.8,89.0,0.0,11.0
2023-01-24T00:00:00,-5.2,6.74,92.6,0.0,10.6
2023-01-24T01:00:00,-4.7,6.3,91.8,0.0,7.5
2023-01-24T02:00:00,-4.4,5.61,86.5,3.5,3.9
2023-01-24T03:00:00,-4.0,4.75,89.4,8.3,1.4
2023-01-24T04:00:00,-3.6,3.86,91.8,18.5,0.2
2023-01-24T05:00:00,-3.2,2.68,90.0,22.5,0.0
2023-01-24T06:00:00,-3.0,1.35,90.6,30.8,0.0
2023-01-24T07:00:00,-2.9,0.85,90.4,46.0,0.0
2023-01-24T08:00:00,-2.9,2.24,90.9,41.5,0.0
2023-01-24T09:00:00,-2.8,3.19,90.5,51.2,0.0
2023-01-24T10:00:00,-2.6,3.19,90.1,49.9,0.0
2023-01-24T11:00:00,-2.6,2.37,90.4,60.1,0.0
2023-01-24T12:00:00,-3.0,3.03,94.3,72.7,0.0
2023-01-24T13:00:00,-3.6,3.18,90.8,63.6,0.0
2023-01-24T14:00:00,-3.8,5.07,86.6,62.4,2.1
2023-01-24T15:00:00,-4.4,6.38,90.1,51.3,8.1
2023-01-24T16:00:00,-5.1,7.03,88.5,45.9,13.0
2023-01-24T17:00:00,-5.5,7.71,91.4,32.9,20.7
2023-01-24T18:00:00,-5.9,8.0,89.2,36.6,22.3
2023-01-24T19:00:00,-6.1,8.1,88.4,27.3,25.8
2023-01-24T20:00:00,-6.4,8.14,86.8,15.9,25.0
2023-01-24T21:00:00,-6.5,8.19,93.5,8.6,24.6
2023-01-24T22:00:00,-6.6,8.16,91.7,4.1,25.3
2023-01-24T23:00:00,-6.4,8.22,91.6,0.0,26.4
2023-01-25T00:00:00,-6.3,8.81,87.1,0.0,36.2
2023-01-25T01:00:00,-5.9,8.87,91.0,0.0,37.3
2023-01-25T02:00:00,-5.6,8.79,90.2,2.7,36.2
2023-01-25T03:00:00,-5.4,8.52,93.1,10.8,30.2
2023-01-25T04:00:00,-5.1,8.1,90.0,14.9,23.4
2023-01-25T05:00:00,-4.8,7.43,87.2,19.6,16.6
2023-01-25T06:00:00,-4.5,6.84,87.1,34.2,11.5
2023-01-25T07:00:00,-4.2,6.14,88.1,38.1,6.8
2023-01-25T08:00:00,-4.0,5.88,86.7,44.1,5.3
2023-01-25T09:00:00,-4.0,5.94,88.8,52.8,5.5
2023-01-25T10:00:00,-4.0,5.72,89.4,62.4,4.7
2023-01-25T11:00:00,-4.1,5.42,93.0,70.9,3.2
2023-01-25T12:00:00,-4.2,4.44,90.0,53.2,0.8
2023-01-25T13:00:00,-4.7,4.37,89.2,55.7,0.7
2023-01-25T14:00:00,-5.1,5.4,91.7,58.2,3.3
2023-01-25T15:00:00,-5.0,6.33,87.6,59.2,7.8
2023-01-25T16:00:00,-5.0,7.91,86.3,47.5,21.2
2023-01-25T17:00:00,-5.7,8.41,93.1,40.9,28.2
2023-01-25T18:00:00,-5.8,9.66,92.7,36.2,52.9
2023-01-25T19:00:00,-5.9,10.32,88.6,26.5,66.7
2023-01-25T20:00:00,-5.9,10.38,88.4,17.5,69.5
2023-01-25T21:00:00,-5.7,10.36,91.9,9.5,69.0
2023-01-25T22:00:00,-5.6,10.41,89.5,3.6,67.0
2023-01-25T23:00:00,-5.3,11.0,89.2,0.0,80.6
2023-01-26T00:00:00,-4.9,11.21,90.7,0.0,89.1
2023-01-26T01:00:00,-4.7,12.03,88.7,0.0,117.6
2023-01-26T02:00:00,-4.6,11.89,90.9,2.5,114.9
2023-01-26T03:00:00,-4.2,11.13,92.2,7.9,85.4
2023-01-26T04:00:00,-3.8,10.38,94.0,17.8,63.7
2023-01-26T05:00:00,-3.3,9.61,90.5,20.8,50.9
2023-01-26T06:00:00,-3.0,8.42,94.5,29.0,28.3
2023-01-26T07:00:00,-2.7,7.68,92.1,34.0,19.2
2023-01-26T08:00:00,-2.5,8.16,94.4,52.9,24.5
2023-01-26T09:00:00,-2.4,8.95,94.0,54.7,38.5
2023-01-26T10:00:00,-2.1,9.02,91.7,48.7,37.3
2023-01-26T11:00:00,-2.1,8.39,86.0,56.4,29.9
2023-01-26T12:00:00,-2.3,8.71,91.9,68.6,33.0
2023-01-26T13:00:00,-2.2,8.44,89.1,58.6,29.2
2023-01-26T14:00:00,-2.0,7.74,91.6,64.5,20.5
2023-01-26T15:00:00,-1.8,7.75,91.2,57.6,19.3
2023-01-26T16:00:00,-1.7,7.34,93.0,42.5,16.4
2023-01-26T17:00:00,-1.7,6.5,90.4,37.5,8.7
2023-01-26T18:00:00,-1.4,6.52,89.4,36.1,8.7
2023-01-26T19:00:00,-1.2,6.86,87.0,25.2,11.8
2023-01-26T20:00:00,-1.2,7.09,91.3,13.3,13.9
2023-01-26T21:00:00,-1.2,6.63,89.1,8.3,10.0
2023-01-26T22:00:00,-1.0,6.9,91.6,2.9,11.8
2023-01-26T23:00:00,-0.9,7.33,91.4,0.0,16.1
2023-01-27T00:00:00,-0.4,9.62,87.7,0.0,47.6
2023-01-27T01:00:00,-0.3,11.26,87.5,0.0,86.1
2023-01-27T02:00:00,-0.1,11.48,91.7,2.2,98.7
2023-01-27T03:00:00,0.2,10.19,93.1,7.6,62.3
2023-01-27T04:00:00,0.3,9.08,88.1,15.5,38.9
2023-01-27T05:00:00,0.3,9.14,90.3,24.7,40.1
2023-01-27T06:00:00,0.4,9.49,86.7,29.8,46.3
2023-01-27T07:00:00,0.4,9.64,92.3,32.2,52.6
2023-01-27T08:00:00,0.4,9.73,93.2,47.6,50.8
2023-01-27T09:00:00,0.5,10.1,88.3,44.3,59.3
2023-01-27T10:00:00,0.5,11.27,90.7,62.6,87.4
2023-01-27T11:00:00,0.2,11.92,92.0,63.4,110.6
2023-01-27T12:00:00,0.5,14.39,90.3,60.7,108.9
2023-01-27T13:00:00,0.2,14.45,92.3,69.8,111.5
2023-01-27T14:00:00,-0.0,15.4,88.3,65.9,118.1
2023-01-27T15:00:00,-0.1,15.85,88.8,58.2,111.0
2023-01-27T16:00:00,-0.2,15.54,89.5,43.1,113.4
2023-01-27T17:00:00,-0.4,15.1,90.1,40.0,116.3
2023-01-27T18:00:00,-0.6,14.46,91.2,26.4,108.4
2023-01-27T19:00:00,-0.8,14.09,91.8,22.2,111.4
2023-01-27T20:00:00,-1.0,13.49,89.5,13.3,119.9
2023-01-27T21:00:00,-1.3,12.96,90.2,8.2,108.2
2023-01-27T22:00:00,-1.6,12.63,90.6,2.0,115.7
2023-01-27T23:00:00,-1.8,12.23,88.1,0.0,114.6
2023-01-28T00:00:00,-1.5,14.12,89.8,0.0,118.7
2023-01-28T01:00:00,-1.3,13.24,90.0,0.0,110.6
2023-01-28T02:00:00,-1.3,11.94,90.8,1.5,116.6
2023-01-28T03:00:00,-1.4,11.3,88.9,8.6,88.2
2023-01-28T04:00:00,-1.2,10.62,91.9,17.4,76.3
2023-01-28T05:00:00,-1.0,10.02,91.9,19.5,56.2
2023-01-28T06:00:00,-0.7,9.51,89.1,27.4,47.2
2023-01-28T07:00:00,-0.5,8.31,89.2,42.5,28.5
2023-01-28T08:00:00,-0.5,6.87,88.1,50.8,11.8
2023-01-28T09:00:00,-0.6,5.63,87.8,55.7,3.9
2023-01-28T10:00:00,-0.7,5.1,90.4,63.1,2.3
2023-01-28T11:00:00,-1.1,4.75,91.6,49.7,1.4
2023-01-28T12:00:00,-1.5,6.51,91.8,57.5,9.3
2023-01-28T13:00:00,-2.1,6.81,86.1,63.5,11.2
2023-01-28T14:00:00,-2.8,6.9,90.2,53.0,11.9
2023-01-28T15:00:00,-3.5,7.32,89.1,60.1,16.0
2023-01-28T16:00:00,-4.0,7.51,88.4,42.8,17.5
2023-01-28T17:00:00,-4.5,8.1,87.9,35.8,24.1
2023-01-28T18:00:00,-4.8,8.31,91.8,28.1,28.1
2023-01-28T19:00:00,-5.1,8.21,91.0,25.1,27.3
2023-01-28T20:00:00,-5.3,8.31,90.3,15.4,28.3
2023-01-28T21:00:00,-5.5,8.41,91.0,8.0,27.9
2023-01-28T22:00:00,-5.6,8.32,88.4,1.7,28.7
2023-01-28T23:00:00,-5.7,8.22,92.5,0.0,25.3
2023-01-29T00:00:00,-5.7,9.22,88.6,0.0,42.5
2023-01-29T01:00:00,-5.5,9.18,90.0,0.0,40.0
2023-01-29T02:00:00,-5.2,8.71,91.4,1.0,31.7
2023-01-29T03:00:00,-4.8,8.32,93.0,7.6,26.3
2023-01-29T04:00:00,-4.5,7.79,89.0,14.6,20.8
2023-01-29T05:00:00,-4.4,7.2,86.8,20.3,15.2
2023-01-29T06:00:00,-4.2,6.33,89.4,26.2,8.0
2023-01-29T07:00:00,-3.9,5.41,87.9,33.6,3.4
2023-01-29T08:00:00,-3.7,4.74,88.5,40.1,1.3
2023-01-29T09:00:00,-3.6,4.38,92.4,54.1,0.7
2023-01-29T10:00:00,-3.5,4.11,88.4,54.2,0.4
2023-01-29T11:00:00,-3.5,3.92,92.5,66.0,0.2
2023-01-29T12:00:00,-3.6,2.55,89.2,55.0,0.0
2023-01-29T13:00:00,-4.6,2.44,91.4,66.9,0.0
2023-01-29T14:00:00,-5.6,2.93,89.5,60.9,0.0
2023-01-29T15:00:00,-6.0,3.93,89.8,43.9,0.2
2023-01-29T16:00:00,-5.9,5.07,88.6,38.8,2.1
2023-01-29T17:00:00,-6.4,5.39,91.0,35.2,3.2
2023-01-29T18:00:00,-6.7,5.39,89.4,30.5,3.2
2023-01-29T19:00:00,-6.5,5.51,90.0,18.7,3.7
2023-01-29T20:00:00,-5.9,6.02,86.8,14.9,6.2
2023-01-29T21:00:00,-6.0,6.2,91.4,7.7,6.9
2023-01-29T22:00:00,-5.8,6.6,88.2,1.0,9.3
2023-01-29T23:00:00,-5.7,6.9,86.7,0.0,12.2
2023-01-30T00:00:00,-5.0,6.9,93.3,0.0,12.0
2023-01-30T01:00:00,-4.5,7.23,93.2,0.0,14.7
2023-01-30T02:00:00,-4.0,7.08,86.8,0.1,13.9
2023-01-30T03:00:00,-3.8,6.51,91.6,7.8,8.7
2023-01-30T04:00:00,-3.7,6.3,87.0,14.0,7.4
2023-01-30T05:00:00,-3.7,6.46,90.9,22.0,8.9
2023-01-30T06:00:00,-3.4,6.28,86.2,26.9,7.3
2023-01-30T07:00:00,-3.2,5.91,90.4,35.1,5.6
2023-01-30T08:00:00,-2.9,5.99,90.0,48.4,5.9
2023-01-30T09:00:00,-2.7,5.95,89.5,54.5,5.3
2023-01-30T10:00:00,-2.7,5.7,88.6,56.8,4.3
2023-01-30T11:00:00,-2.9,5.26,86.5,50.1,2.8
2023-01-30T12:00:00,-2.9,3.72,88.5,53.8,0.1
2023-01-30T13:00:00,-2.9,3.41,93.0,49.7,0.0
2023-01-30T14:00:00,-3.4,3.81,92.3,54.6,0.2
2023-01-30T15:00:00,-4.0,4.3,90.4,52.1,0.6
2023-01-30T16:00:00,-4.6,4.62,90.0,38.5,1.2
2023-01-30T17:00:00,-5.6,5.28,90.7,39.6,2.8
2023-01-30T18:00:00,-6.2,5.41,87.1,31.8,3.2
2023-01-30T19:00:00,-6.5,5.28,92.2,22.1,2.9
2023-01-30T20:00:00,-6.7,5.02,89.3,15.2,2.0
2023-01-30T21:00:00,-6.2,4.59,89.1,6.3,1.1
2023-01-30T22:00:00,-6.4,4.4,89.7,0.1,0.7
2023-01-30T23:00:00,-6.5,4.43,89.7,0.0,0.8
2023-01-31T00:00:00,-4.9,3.14,89.5,0.0,0.0
2023-01-31T01:00:00,-4.1,3.08,90.8,0.0,0.0
2023-01-31T02:00:00,-3.8,3.2,89.3,0.0,0.0
2023-01-31T03:00:00,-3.4,3.13,90.0,5.6,0.0
2023-01-31T04:00:00,-3.1,3.62,92.0,15.6,0.1
2023-01-31T05:00:00,-3.0,3.83,88.2,17.9,0.2
2023-01-31T06:00:00,-2.8,4.1,87.8,31.1,0.4
2023-01-31T07:00:00,-2.5,4.03,90.8,34.7,0.3
2023-01-31T08:00:00,-2.3,4.17,90.7,42.7,0.5
2023-01-31T09:00:00,-2.4,4.19,90.2,52.2,0.5
2023-01-31T10:00:00,-2.5,4.16,88.5,55.0,0.4
2023-01-31T11:00:00,-2.8,4.54,90.1,54.7,1.0
2023-01-31T12:00:00,-2.8,2.91,89.9,64.8,0.0
2023-01-31T13:00:00,-3.6,3.85,90.5,68.3,0.2
2023-01-31T14:00:00,-4.0,4.0,89.3,64.3,0.3
2023-01-31T15:00:00,-4.5,3.24,91.1,54.0,0.0
2023-01-31T16:00:00,-4.8,1.97,90.3,41.6,0.0
2023-01-31T17:00:00,-6.0,1.44,89.9,41.8,0.0
2023-01-31T18:00:00,-5.7,1.3,94.7,31.0,0.0
2023-01-31T19:00:00,-5.1,0.81,89.6,23.2,0.0
2023-01-31T20:00:00,-5.1,0.76,91.7,13.9,0.0
2023-01-31T21:00:00,-5.2,0.91,88.2,5.5,0.0
2023-01-31T22:00:00,-5.1,0.41,89.1,0.0,0.0
2023-01-31T23:00:00,-6.1,1.52,89.5,0.0,0.0
2023-02-01T00:00:00,-5.5,3.42,89.4,0.0,0.0
2023-02-01T01:00:00,-4.7,4.44,91.1,0.0,0.9
2023-02-01T02:00:00,-4.4,5.46,91.3,0.0,3.6
2023-02-01T03:00:00,-3.8,6.3,89.2,6.6,7.4
2023-02-01T04:00:00,-3.3,6.62,90.0,12.6,10.1
2023-02-01T05:00:00,-3.0,6.7,90.0,23.2,9.9
2023-02-01T06:00:00,-2.9,6.1,89.5,31.8,6.6
2023-02-01T07:00:00,-2.6,6.05,88.6,36.5,6.4
2023-02-01T08:00:00,-2.6,6.14,89.9,36.6,6.6
2023-02-01T09:00:00,-2.6,5.86,89.5,46.6,5.0
2023-02-01T10:00:00,-2.6,5.3,89.7,53.9,3.0
2023-02-01T11:00:00,-2.6,4.24,90.8,62.4,0.5
2023-02-01T12:00:00,-3.1,1.49,91.0,56.2,0.0
2023-02-01T13:00:00,-3.8,2.98,93.5,66.8,0.0
2023-02-01T14:00:00,-4.5,4.44,86.7,56.4,0.8
2023-02-01T15:00:00,-5.2,5.28,91.3,58.8,2.7
2023-02-01T16:00:00,-6.1,6.32,91.5,43.1,7.8
2023-02-01T17:00:00,-6.7,6.84,89.7,41.7,11.0
2023-02-01T18:00:00,-7.1,6.84,91.2,33.8,11.2
2023-02-01T19:00:00,-7.4,7.2,90.1,19.4,14.1
2023-02-01T20:00:00,-7.6,7.29,90.2,13.0,16.1
2023-02-01T21:00:00,-7.8,7.17,91.8,5.0,14.4
2023-02-01T22:00:00,-7.9,7.28,89.8,0.0,15.9
2023-02-01T23:00:00,-7.8,7.15,91.8,0.0,13.6
2023-02-02T00:00:00,-7.1,6.14,88.2,0.0,6.4
2023-02-02T01:00:00,-6.6,5.57,88.1,0.0,4.0
2023-02-02T02:00:00,-6.2,5.25,90.7,0.0,2.8
2023-02-02T03:00:00,-5.8,5.02,90.5,5.3,1.9
2023-02-02T04:00:00,-5.5,4.62,91.2,14.8,1.2
2023-02-02T05:00:00,-5.1,4.03,86.2,21.6,0.3
2023-02-02T06:00:00,-4.8,3.18,87.8,28.1,0.0
2023-02-02T07:00:00,-4.6,2.25,89.0,33.7,0.0
2023-02-02T08:00:00,-4.4,1.3,88.4,37.6,0.0
2023-02-02T09:00:00,-4.4,0.28,88.2,42.6,0.0
2023-02-02T10:00:00,-4.3,0.64,92.2,45.8,0.0
2023-02-02T11:00:00,-4.3,1.42,87.9,50.3,0.0
2023-02-02T12:00:00,-4.6,1.92,86.3,53.7,0.0
2023-02-02T13:00:00,-5.2,1.71,87.7,62.0,0.0
2023-02-02T14:00:00,-5.9,1.71,90.7,56.0,0.0
2023-02-02T15:00:00,-6.7,2.02,87.5,47.1,0.0
2023-02-02T16:00:00,-7.9,2.6,89.7,45.1,0.0
2023-02-02T17:00:00,-7.5,4.08,93.3,30.5,0.4
2023-02-02T18:00:00,-7.4,4.84,89.8,30.7,1.5
2023-02-02T19:00:00,-7.5,5.11,90.0,17.4,2.4
2023-02-02T20:00:00,-7.5,5.12,89.6,12.2,2.2
2023-02-02T21:00:00,-7.5,5.16,89.9,4.8,2.3
2023-02-02T22:00:00,-7.6,5.12,91.4,0.0,2.2
2023-02-02T23:00:00,-7.5,5.22,88.8,0.0,2.6
2023-02-03T00:00:00,-6.5,5.51,87.7,0.0,3.8
2023-02-03T01:00:00,-5.9,5.4,90.8,0.0,3.3
2023-02-03T02:00:00,-5.3,5.12,90.7,0.0,2.3
2023-02-03T03:00:00,-4.7,5.05,90.1,5.7,2.1
2023-02-03T04:00:00,-4.4,4.92,90.8,11.0,1.8
2023-02-03T05:00:00,-3.9,4.97,92.2,19.3,1.9
2023-02-03T06:00:00,-3.5,5.03,89.7,26.6,2.1
2023-02-03T07:00:00,-3.2,4.74,91.1,36.8,1.3
2023-02-03T08:00:00,-3.1,4.7,88.2,48.3,1.2
2023-02-03T09:00:00,-3.0,4.97,88.2,50.6,1.9
2023-02-03T10:00:00,-2.9,5.15,88.5,60.7,2.4
2023-02-03T11:00:00,-2.9,4.81,89.7,47.8,1.5
2023-02-03T12:00:00,-2.5,4.46,90.2,51.8,0.9
2023-02-03T13:00:00,-2.5,4.44,88.6,57.1,0.8
2023-02-03T14:00:00,-2.5,4.92,87.7,50.4,1.7
2023-02-03T15:00:00,-2.7,4.97,89.6,48.6,1.9
2023-02-03T16:00:00,-3.0,4.55,92.9,35.7,0.9
2023-02-03T17:00:00,-3.2,5.07,88.5,30.8,2.2
2023-02-03T18:00:00,-3.1,5.28,90.0,24.1,2.8
2023-02-03T19:00:00,-3.0,5.04,92.3,17.2,2.0
2023-02-03T20:00:00,-2.6,5.12,90.3,11.8,2.4
2023-02-03T21:00:00,-2.3,5.39,89.8,4.6,3.2
2023-02-03T22:00:00,-2.1,5.92,88.0,0.0,5.5
2023-02-03T23:00:00,-1.6,7.18,88.3,0.0,14.2
2023-02-04T00:00:00,-2.1,7.47,92.8,0.0,17.6
2023-02-04T01:00:00,-1.9,8.2,90.6,0.0,25.8
2023-02-04T02:00:00,-1.7,8.48,95.2,0.0,30.2
2023-02-04T03:00:00,-1.4,8.26,91.5,4.0,27.8
2023-02-04T04:00:00,-1.2,8.38,92.6,10.7,27.4
2023-02-04T05:00:00,-1.0,8.06,88.2,16.7,23.0
2023-02-04T06:00:00,-0.7,7.83,89.2,30.9,20.6
2023-02-04T07:00:00,-0.7,7.62,89.3,29.5,18.6
2023-02-04T08:00:00,-0.5,7.56,89.0,46.7,17.8
2023-02-04T09:00:00,-0.3,7.74,89.0,57.6,20.2
2023-02-04T10:00:00,-0.2,7.66,90.4,57.1,19.3
2023-02-04T11:00:00,-0.2,7.02,87.3,66.8,12.5
2023-02-04T12:00:00,0.0,6.36,93.1,63.6,7.6
2023-02-04T13:00:00,-0.2,7.26,93.4,52.4,15.6
2023-02-04T14:00:00,-0.3,7.96,84.3,62.3,21.6
2023-02-04T15:00:00,-0.3,8.35,89.6,42.8,27.3
2023-02-04T16:00:00,-0.3,8.13,87.1,41.0,23.7
2023-02-04T17:00:00,-0.3,8.92,86.8,39.7,38.6
2023-02-04T18:00:00,-0.5,9.77,90.3,25.7,53.2
2023-02-04T19:00:00,-0.8,10.53,90.0,17.6,67.4
2023-02-04T20:00:00,-0.7,11.45,92.4,12.3,96.9
2023-02-04T21:00:00,-0.6,12.87,88.8,4.5,118.9
2023-02-04T22:00:00,-0.4,11.74,91.6,0.0,109.7
2023-02-04T23:00:00,-0.2,11.06,89.0,0.0,85.1
2023-02-05T00:00:00,-0.7,10.8,85.8,0.0,75.2
2023-02-05T01:00:00,-0.6,10.5,91.8,0.0,69.8
2023-02-05T02:00:00,-0.3,10.24,93.8,0.0,63.8
2023-02-05T03:00:00,-0.2,9.3,89.6,4.1,43.1
2023-02-05T04:00:00,-0.1,8.52,90.0,11.6,29.0
2023-02-05T05:00:00,0.0,8.08,91.8,20.9,24.3
2023-02-05T06:00:00,0.2,7.6,89.4,26.7,19.2
2023-02-05T07:00:00,0.2,7.14,91.7,33.4,14.7
2023-02-05T08:00:00,0.3,6.76,88.6,49.5,10.5
2023-02-05T09:00:00,0.3,6.28,91.6,55.9,7.2
2023-02-05T10:00:00,0.4,5.84,92.5,61.3,4.9
2023-02-05T11:00:00,0.3,5.09,89.5,63.6,2.2
2023-02-05T12:00:00,0.4,4.39,90.0,56.5,0.8
2023-02-05T13:00:00,0.1,3.69,92.7,61.3,0.1
2023-02-05T14:00:00,-0.4,4.21,86.3,50.2,0.5
2023-02-05T15:00:00,-0.6,5.34,91.3,52.8,3.0
2023-02-05T16:00:00,-0.6,6.24,90.3,46.3,7.2
2023-02-05T17:00:00,-0.4,6.66,91.7,41.3,10.1
2023-02-05T18:00:00,-0.3,6.94,90.3,25.7,11.8
2023-02-05T19:00:00,-0.3,7.14,90.3,22.7,14.0
2023-02-05T20:00:00,-0.5,6.73,89.7,10.8,10.2
2023-02-05T21:00:00,-0.6,6.8,88.8,4.4,10.6
2023-02-05T22:00:00,-0.6,7.11,89.8,0.0,13.6
2023-02-05T23:00:00,-0.9,7.32,90.2,0.0,15.6
2023-02-06T00:00:00,-1.0,8.14,89.5,0.0,26.1
2023-02-06T01:00:00,-1.1,7.89,89.1,0.0,21.7
2023-02-06T02:00:00,-1.1,7.16,88.8,0.0,14.1
2023-02-06T03:00:00,-1.0,6.14,87.6,3.3,6.8
2023-02-06T04:00:00,-1.0,5.46,94.0,11.0,3.3
2023-02-06T05:00:00,-0.7,4.74,84.7,17.3,1.4
2023-02-06T06:00:00,-0.4,3.86,90.2,31.3,0.2
2023-02-06T07:00:00,-0.1,2.75,94.1,39.0,0.0
2023-02-06T08:00:00,0.2,1.49,88.3,45.2,0.0
2023-02-06T09:00:00,0.4,0.32,89.7,40.5,0.0
2023-02-06T10:00:00,0.3,1.44,91.8,51.2,0.0
2023-02-06T11:00:00,-0.7,2.66,90.5,62.9,0.0
2023-02-06T12:00:00,-0.9,3.04,89.3,66.6,0.0
2023-02-06T13:00:00,-2.2,2.61,88.3,55.6,0.0
2023-02-06T14:00:00,-3.5,2.36,89.3,47.4,0.0
2023-02-06T15:00:00,-4.1,3.29,85.6,55.8,0.0
2023-02-06T16:00:00,-3.9,4.55,94.6,45.6,1.0
2023-02-06T17:00:00,-3.9,5.41,85.5,33.6,3.1
2023-02-06T18:00:00,-4.0,5.89,85.8,31.2,5.2
2023-02-06T19:00:00,-4.0,6.06,90.5,20.9,6.0
2023-02-06T20:00:00,-4.1,6.45,90.7,10.0,8.8
2023-02-06T21:00:00,-4.0,7.0,93.5,2.6,12.6
2023-02-06T22:00:00,-4.0,6.95,89.5,0.0,12.4
2023-02-06T23:00:00,-4.0,7.03,90.8,0.0,12.8
2023-02-07T00:00:00,-3.6,7.61,87.7,0.0,19.2
2023-02-07T01:00:00,-3.0,7.01,88.4,0.0,12.4
2023-02-07T02:00:00,-2.7,6.71,91.0,0.0,10.2
2023-02-07T03:00:00,-2.6,6.5,87.1,2.7,9.3
2023-02-07T04:00:00,-2.4,5.9,88.1,12.2,5.6
2023-02-07T05:00:00,-2.3,5.51,90.4,18.7,3.6
2023-02-07T06:00:00,-2.1,4.87,91.2,29.7,1.6
2023-02-07T07:00:00,-1.7,4.32,91.3,32.2,0.6
2023-02-07T08:00:00,-1.7,3.9,89.0,48.7,0.2
2023-02-07T09:00:00,-1.9,3.58,94.3,45.7,0.1
2023-02-07T10:00:00,-2.0,2.69,91.1,51.2,0.0
2023-02-07T11:00:00,-2.4,2.31,88.6,60.4,0.0
2023-02-07T12:00:00,-3.6,2.01,91.9,65.5,0.0
2023-02-07T13:00:00,-4.0,2.81,89.1,55.7,0.0
2023-02-07T14:00:00,-4.1,4.62,91.0,49.1,1.1
2023-02-07T15:00:00,-4.3,6.35,88.9,39.6,7.9
2023-02-07T16:00:00,-4.7,7.36,89.9,35.8,16.8
2023-02-07T17:00:00,-4.7,7.94,92.0,34.5,22.1
2023-02-07T18:00:00,-4.7,8.6,89.5,24.9,32.2
2023-02-07T19:00:00,-4.8,8.94,95.0,16.3,37.1
2023-02-07T20:00:00,-4.7,9.22,86.5,9.0,43.8
2023-02-07T21:00:00,-4.4,8.88,91.0,2.9,34.3
2023-02-07T22:00:00,-4.2,8.0,89.4,0.0,23.7
2023-02-07T23:00:00,-4.5,7.91,90.6,0.0,23.0
2023-02-08T00:00:00,-5.5,7.99,92.3,0.0,22.1
2023-02-08T01:00:00,-5.5,7.35,91.1,0.0,16.5
2023-02-08T02:00:00,-5.6,6.79,92.7,0.0,11.5
2023-02-08T03:00:00,-5.4,6.12,89.4,1.8,6.5
2023-02-08T04:00:00,-5.1,5.79,92.0,10.7,4.8
2023-02-08T05:00:00,-5.1,5.37,90.9,16.5,3.0
2023-02-08T06:00:00,-4.8,5.28,88.8,25.1,2.9
2023-02-08T07:00:00,-4.7,5.58,86.8,36.7,4.0
2023-02-08T08:00:00,-4.6,5.69,93.8,45.7,4.4
2023-02-08T09:00:00,-4.6,5.39,93.8,53.5,3.3
2023-02-08T10:00:00,-4.6,5.38,90.6,44.8,3.2
2023-02-08T11:00:00,-4.7,5.44,88.6,52.6,3.2
2023-02-08T12:00:00,-4.6,6.01,89.0,62.5,6.0
2023-02-08T13:00:00,-4.5,6.51,89.7,53.6,9.0
2023-02-08T14:00:00,-4.4,6.81,89.3,46.9,11.0
2023-02-08T15:00:00,-4.5,7.29,90.0,40.9,15.2
2023-02-08T16:00:00,-5.1,7.53,92.6,37.1,17.4
2023-02-08T17:00:00,-5.8,8.01,89.4,30.4,24.1
2023-02-08T18:00:00,-5.9,8.24,93.2,27.9,26.1
2023-02-08T19:00:00,-6.4,8.6,88.8,19.5,30.2
2023-02-08T20:00:00,-6.3,8.81,92.6,11.4,35.8
2023-02-08T21:00:00,-6.2,8.79,88.4,1.7,35.1
2023-02-08T22:00:00,-6.5,9.51,89.7,0.0,46.4
2023-02-08T23:00:00,-6.4,9.77,89.8,0.0,51.1
2023-02-09T00:00:00,-6.4,10.41,90.2,0.0,66.6
2023-02-09T01:00:00,-6.3,10.32,89.8,0.0,62.0
2023-02-09T02:00:00,-6.4,10.05,90.3,0.0,61.5
2023-02-09T03:00:00,-6.4,9.71,91.7,1.0,49.7
2023-02-09T04:00:00,-6.2,9.55,89.8,10.4,46.1
2023-02-09T05:00:00,-6.0,9.45,89.0,15.7,48.7
2023-02-09T06:00:00,-5.9,9.19,89.9,25.2,41.1
2023-02-09T07:00:00,-5.6,8.42,89.3,29.4,28.6
2023-02-09T08:00:00,-5.5,7.96,87.6,38.5,23.1
2023-02-09T09:00:00,-5.4,7.66,95.3,46.7,19.7
2023-02-09T10:00:00,-5.2,7.2,90.3,58.7,13.9
2023-02-09T11:00:00,-5.2,7.45,92.2,53.1,16.4
2023-02-09T12:00:00,-5.2,4.75,89.2,54.3,1.3
2023-02-09T13:00:00,-5.4,3.94,87.1,50.7,0.3
2023-02-09T14:00:00,-5.9,3.14,90.4,48.8,0.0
2023-02-09T15:00:00,-8.1,3.31,89.7,46.3,0.0
2023-02-09T16:00:00,-8.8,5.22,90.8,46.6,2.6
2023-02-09T17:00:00,-9.7,5.25,91.2,33.2,2.7
2023-02-09T18:00:00,-10.0,5.73,85.9,30.0,4.7
2023-02-09T19:00:00,-9.9,5.77,89.7,20.5,4.8
2023-02-09T20:00:00,-10.1,5.78,87.4,10.7,4.6
2023-02-09T21:00:00,-10.3,5.98,89.1,1.2,5.5
2023-02-09T22:00:00,-10.5,6.11,90.9,0.0,6.3
2023-02-09T23:00:00,-10.6,6.46,90.0,0.0,8.4
2023-02-10T00:00:00,-9.6,6.07,91.0,0.0,6.0
2023-02-10T01:00:00,-9.0,6.57,89.6,0.0,9.1
2023-02-10T02:00:00,-8.7,6.72,94.1,0.0,10.4
2023-02-10T03:00:00,-8.2,6.51,88.6,0.1,8.6
2023-02-10T04:00:00,-7.9,6.33,90.4,10.3,7.6
2023-02-10T05:00:00,-7.6,5.94,91.7,15.7,5.3
2023-02-10T06:00:00,-7.5,5.85,89.7,21.4,5.2
2023-02-10T07:00:00,-7.3,5.73,89.0,35.6,4.7
2023-02-10T08:00:00,-7.2,5.39,92.6,45.3,3.3
2023-02-10T09:00:00,-7.2,5.24,91.8,49.9,2.5
2023-02-10T10:00:00,-7.2,5.7,91.4,51.8,4.2
2023-02-10T11:00:00,-7.3,6.28,89.3,56.2,7.7
2023-02-10T12:00:00,-7.1,7.61,90.3,64.3,19.7
2023-02-10T13:00:00,-7.0,7.3,91.9,56.1,16.0
2023-02-10T14:00:00,-7.2,7.6,85.7,50.6,17.9
2023-02-10T15:00:00,-8.3,7.45,91.3,41.2,16.3
2023-02-10T16:00:00,-9.0,7.83,89.8,45.9,20.9
2023-02-10T17:00:00,-9.1,8.34,89.5,27.4,27.4
2023-02-10T18:00:00,-9.1,8.53,90.3,27.6,31.1
2023-02-10T19:00:00,-9.2,8.71,89.1,15.8,32.3
2023-02-10T20:00:00,-9.3,9.0,89.3,7.8,39.7
2023-02-10T21:00:00,-9.4,9.12,90.0,0.1,41.7
2023-02-10T22:00:00,-9.5,9.26,90.8,0.0,41.6
2023-02-10T23:00:00,-9.5,9.34,88.4,0.0,46.1
2023-02-11T00:00:00,-8.9,9.54,89.0,0.0,46.5
2023-02-11T01:00:00,-8.5,8.97,91.4,0.0,38.8
2023-02-11T02:00:00,-8.1,8.58,91.4,0.0,31.5
2023-02-11T03:00:00,-7.7,8.7,91.8,0.0,34.5
2023-02-11T04:00:00,-7.3,8.58,88.0,8.2,29.7
2023-02-11T05:00:00,-6.9,8.06,88.4,17.7,23.2
2023-02-11T06:00:00,-6.4,7.13,88.8,26.1,13.9
2023-02-11T07:00:00,-6.0,5.81,93.4,33.3,5.0
2023-02-11T08:00:00,-5.9,4.27,91.9,40.2,0.6
2023-02-11T09:00:00,-6.3,2.93,95.1,48.9,0.0
2023-02-11T10:00:00,-6.9,2.5,90.2,51.8,0.0
2023-02-11T11:00:00,-6.7,1.8,93.4,60.0,0.0
2023-02-11T12:00:00,-6.3,4.39,86.0,59.8,0.8
2023-02-11T13:00:00,-8.2,3.21,90.0,58.0,0.0
2023-02-11T14:00:00,-8.8,2.52,88.6,59.1,0.0
2023-02-11T15:00:00,-9.6,4.0,93.8,41.1,0.3
2023-02-11T16:00:00,-7.9,5.77,89.4,45.9,4.8
2023-02-11T17:00:00,-7.0,7.02,85.9,38.1,12.9
2023-02-11T18:00:00,-6.6,8.49,88.7,23.1,30.6
2023-02-11T19:00:00,-6.3,10.36,88.4,13.7,65.9
2023-02-11T20:00:00,-5.7,9.46,92.0,8.9,44.5
2023-02-11T21:00:00,-6.0,9.96,89.4,0.0,56.6
2023-02-11T22:00:00,-6.1,10.69,93.6,0.0,77.6
2023-02-11T23:00:00,-5.8,10.58,89.6,0.0,70.8
2023-02-12T00:00:00,-6.1,9.51,89.3,0.0,46.4
2023-02-12T01:00:00,-6.4,9.17,89.9,0.0,43.2
2023-02-12T02:00:00,-6.5,8.94,89.7,0.0,37.5
2023-02-12T03:00:00,-6.3,8.5,89.3,0.0,31.6
2023-02-12T04:00:00,-6.3,8.17,90.9,7.8,25.8
2023-02-12T05:00:00,-6.1,7.74,89.6,17.2,21.2
2023-02-12T06:00:00,-5.6,7.52,91.9,23.3,17.5
2023-02-12T07:00:00,-5.3,6.85,83.2,29.3,11.1
2023-02-12T08:00:00,-5.2,6.15,90.3,38.3,7.0
2023-02-12T09:00:00,-5.3,5.36,89.7,41.1,3.1
2023-02-12T10:00:00,-5.4,4.74,90.4,50.4,1.3
2023-02-12T11:00:00,-5.7,4.1,89.8,46.9,0.4
2023-02-12T12:00:00,-5.7,4.24,88.5,55.9,0.5
2023-02-12T13:00:00,-6.6,4.14,85.4,52.6,0.5
2023-02-12T14:00:00,-7.4,4.97,89.5,56.3,2.0
2023-02-12T15:00:00,-8.3,4.49,89.8,44.5,0.9
2023-02-12T16:00:00,-8.6,4.84,89.6,40.1,1.5
2023-02-12T17:00:00,-8.3,5.25,90.4,36.2,2.6
2023-02-12T18:00:00,-8.2,4.94,85.8,20.7,1.8
2023-02-12T19:00:00,-8.3,4.57,90.0,14.5,1.1
2023-02-12T20:00:00,-7.9,4.74,92.4,7.9,1.3
2023-02-12T21:00:00,-7.8,4.9,89.4,0.0,1.7
2023-02-12T22:00:00,-7.4,5.32,88.3,0.0,2.9
2023-02-12T23:00:00,-6.6,5.83,90.6,0.0,4.8
2023-02-13T00:00:00,-6.5,5.42,89.0,0.0,3.2
2023-02-13T01:00:00,-6.0,5.61,93.4,0.0,4.2
2023-02-13T02:00:00,-5.4,5.28,90.5,0.0,2.9
2023-02-13T03:00:00,-5.0,4.81,91.0,0.0,1.5
2023-02-13T04:00:00,-4.7,4.51,89.5,6.0,0.9
2023-02-13T05:00:00,-4.2,3.96,89.4,13.6,0.3
2023-02-13T06:00:00,-3.8,3.67,91.4,25.4,0.1
2023-02-13T07:00:00,-3.4,3.62,88.8,26.7,0.1
2023-02-13T08:00:00,-3.4,3.58,94.1,43.7,0.1
2023-02-13T09:00:00,-3.2,3.4,91.5,52.4,0.0
2023-02-13T10:00:00,-3.3,3.14,92.1,58.6,0.0
2023-02-13T11:00:00,-3.6,3.4,92.9,50.3,0.0
2023-02-13T12:00:00,-4.2,2.11,89.2,45.5,0.0
2023-02-13T13:00:00,-4.3,1.84,94.8,45.3,0.0
2023-02-13T14:00:00,-3.8,1.61,89.2,54.9,0.0
2023-02-13T15:00:00,-4.6,1.92,89.6,37.7,0.0
2023-02-13T16:00:00,-4.9,2.12,89.4,40.6,0.0
2023-02-13T17:00:00,-4.4,1.9,90.8,26.8,0.0
2023-02-13T18:00:00,-4.7,2.53,89.9,23.6,0.0
2023-02-13T19:00:00,-3.5,4.48,86.0,14.1,0.8
2023-02-13T20:00:00,-3.1,5.78,87.0,6.6,4.8
2023-02-13T21:00:00,-3.0,6.98,92.3,0.0,12.5
2023-02-13T22:00:00,-3.1,7.13,91.8,0.0,14.2
2023-02-13T23:00:00,-3.5,6.48,92.6,0.0,8.4
2023-02-14T00:00:00,-2.9,6.97,90.3,0.0,12.9
2023-02-14T01:00:00,-2.4,7.25,92.8,0.0,15.1
2023-02-14T02:00:00,-2.2,7.69,88.6,0.0,19.7
2023-02-14T03:00:00,-2.0,7.83,89.8,0.0,20.3
2023-02-14T04:00:00,-1.7,7.35,89.6,7.6,16.7
2023-02-14T05:00:00,-1.5,7.58,90.5,16.0,18.1
2023-02-14T06:00:00,-1.5,7.56,89.7,20.1,18.2
2023-02-14T07:00:00,-1.6,7.02,87.5,30.8,12.8
2023-02-14T08:00:00,-1.6,6.26,87.5,37.7,7.6
2023-02-14T09:00:00,-1.7,5.5,88.4,49.4,3.7
2023-02-14T10:00:00,-1.9,4.47,90.5,54.0,0.8
2023-02-14T11:00:00,-2.5,3.64,87.7,59.7,0.1
2023-02-14T12:00:00,-2.6,4.43,89.4,56.0,0.8
2023-02-14T13:00:00,-3.0,5.31,87.7,53.7,2.9
2023-02-14T14:00:00,-3.5,5.83,92.9,55.6,5.0
2023-02-14T15:00:00,-4.1,6.07,91.0,43.8,6.6
2023-02-14T16:00:00,-4.6,6.41,93.1,32.3,8.4
2023-02-14T17:00:00,-4.7,6.71,89.4,35.7,10.8
2023-02-14T18:00:00,-4.7,6.76,88.9,23.4,11.1
2023-02-14T19:00:00,-4.9,7.05,91.1,16.4,12.7
2023-02-14T20:00:00,-4.9,7.23,90.8,5.8,14.5
2023-02-14T21:00:00,-4.7,7.13,90.0,0.0,13.9
2023-02-14T22:00:00,-5.1,7.14,90.7,0.0,14.3
2023-02-14T23:00:00,-5.3,7.05,89.1,0.0,12.9
2023-02-15T00:00:00,-3.5,6.99,92.4,0.0,12.2
2023-02-15T01:00:00,-3.5,6.93,88.9,0.0,12.2
2023-02-15T02:00:00,-3.1,6.41,88.8,0.0,8.2
2023-02-15T03:00:00,-2.8,5.8,85.9,0.0,4.7
2023-02-15T04:00:00,-2.3,5.08,89.5,6.9,2.3
2023-02-15T05:00:00,-2.2,4.33,87.5,15.6,0.7
2023-02-15T06:00:00,-2.0,3.49,89.3,24.3,0.0
2023-02-15T07:00:00,-1.9,2.91,89.3,30.5,0.0
2023-02-15T08:00:00,-1.9,2.78,90.1,34.8,0.0
2023-02-15T09:00:00,-2.1,3.0,92.3,41.2,0.0
2023-02-15T10:00:00,-2.3,3.27,91.4,44.9,0.0
2023-02-15T11:00:00,-2.8,3.07,90.0,45.0,0.0
2023-02-15T12:00:00,-3.1,3.4,89.6,61.2,0.0
2023-02-15T13:00:00,-3.6,3.81,86.9,56.0,0.2
2023-02-15T14:00:00,-4.3,4.14,90.7,52.0,0.4
2023-02-15T15:00:00,-4.8,4.44,86.1,41.1,0.8
2023-02-15T16:00:00,-5.1,4.59,91.9,44.1,1.0
2023-02-15T17:00:00,-4.8,5.07,91.6,34.4,2.1
2023-02-15T18:00:00,-4.5,5.47,88.5,22.3,3.4
2023-02-15T19:00:00,-4.5,5.51,89.9,14.9,3.5
2023-02-15T20:00:00,-4.6,5.22,88.5,6.5,2.5
2023-02-15T21:00:00,-4.8,4.98,87.4,0.0,1.9
2023-02-15T22:00:00,-4.9,4.71,92.7,0.0,1.3
2023-02-15T23:00:00,-4.8,4.7,88.5,0.0,1.3
2023-02-16T00:00:00,-3.9,4.7,91.4,0.0,1.3
2023-02-16T01:00:00,-2.9,4.6,84.6,0.0,1.0
2023-02-16T02:00:00,-2.2,4.75,90.4,0.0,1.4
2023-02-16T03:00:00,-1.7,4.39,91.6,0.0,0.8
2023-02-16T04:00:00,-1.0,4.02,91.8,4.6,0.3
2023-02-16T05:00:00,-0.4,3.99,87.0,15.9,0.3
2023-02-16T06:00:00,0.3,4.27,88.5,20.8,0.6
2023-02-16T07:00:00,0.5,4.46,89.0,28.2,0.8
2023-02-16T08:00:00,0.4,4.55,89.3,38.7,1.0
2023-02-16T09:00:00,0.3,4.15,88.8,43.4,0.4
2023-02-16T10:00:00,0.0,3.52,90.2,45.4,0.0
2023-02-16T11:00:00,-0.2,3.31,87.7,50.7,0.0
2023-02-16T12:00:00,-0.6,4.21,89.5,56.3,0.5
2023-02-16T13:00:00,-0.1,5.41,88.3,45.0,3.1
2023-02-16T14:00:00,-0.2,6.03,88.5,56.7,6.2
2023-02-16T15:00:00,-0.5,6.1,90.3,41.0,6.6
2023-02-16T16:00:00,-0.4,6.4,88.1,37.6,8.0
2023-02-16T17:00:00,-0.9,6.8,91.9,32.2,11.3
2023-02-16T18:00:00,-1.3,6.8,90.9,20.8,10.9
2023-02-16T19:00:00,-1.4,6.81,91.4,15.8,11.0
2023-02-16T20:00:00,-1.3,7.2,91.3,4.9,14.8
2023-02-16T21:00:00,-1.5,7.72,91.8,0.0,20.7
2023-02-16T22:00:00,-1.8,8.04,89.4,0.0,24.5
2023-02-16T23:00:00,-2.0,8.45,91.0,0.0,28.3
2023-02-17T00:00:00,-1.6,8.76,90.8,0.0,34.8
2023-02-17T01:00:00,-1.3,8.86,90.6,0.0,36.7
2023-02-17T02:00:00,-1.0,8.24,90.5,0.0,25.7
2023-02-17T03:00:00,-0.7,8.2,90.4,0.0,26.3
2023-02-17T04:00:00,-0.4,8.2,90.2,5.3,24.9
2023-02-17T05:00:00,-0.0,8.1,88.9,13.3,25.1
2023-02-17T06:00:00,0.2,7.97,88.6,18.7,22.3
2023-02-17T07:00:00,0.3,7.45,90.6,33.3,17.9
2023-02-17T08:00:00,0.5,6.84,89.0,33.4,11.3
2023-02-17T09:00:00,0.5,5.66,92.5,49.6,4.0
2023-02-17T10:00:00,0.4,4.81,86.3,56.7,1.6
2023-02-17T11:00:00,0.1,4.64,89.9,43.1,1.1
2023-02-17T12:00:00,-0.1,5.57,87.4,54.3,3.9
2023-02-17T13:00:00,-0.3,6.43,91.4,55.3,8.0
2023-02-17T14:00:00,-0.5,7.4,89.9,43.5,17.0
2023-02-17T15:00:00,-1.2,7.72,92.2,37.1,19.1
2023-02-17T16:00:00,-1.7,8.01,88.2,41.1,22.5
2023-02-17T17:00:00,-2.1,8.47,88.4,34.2,30.0
2023-02-17T18:00:00,-2.3,8.67,86.8,22.7,33.2
2023-02-17T19:00:00,-2.4,8.7,91.2,12.8,32.6
2023-02-17T20:00:00,-2.5,8.55,92.5,4.4,29.4
2023-02-17T21:00:00,-2.5,8.71,91.6,0.0,32.6
2023-02-17T22:00:00,-2.5,8.7,86.6,0.0,32.9
2023-02-17T23:00:00,-2.5,8.73,93.3,0.0,33.5
2023-02-18T00:00:00,-2.2,9.29,91.8,0.0,45.2
2023-02-18T01:00:00,-2.1,8.77,90.2,0.0,33.3
2023-02-18T02:00:00,-1.8,8.18,90.5,0.0,26.4
2023-02-18T03:00:00,-1.5,7.4,91.7,0.0,16.8
2023-02-18T04:00:00,-1.0,7.21,95.4,4.4,14.8
2023-02-18T05:00:00,-0.8,6.94,88.0,12.5,12.8
2023-02-18T06:00:00,-0.7,6.4,87.7,20.6,7.8
2023-02-18T07:00:00,-0.6,5.81,88.4,30.5,4.8
2023-02-18T08:00:00,-0.6,5.28,87.4,36.7,2.9
2023-02-18T09:00:00,-0.6,4.66,85.8,47.8,1.2
2023-02-18T10:00:00,-0.9,4.17,87.6,53.1,0.5
2023-02-18T11:00:00,-1.3,3.85,90.6,50.3,0.2
2023-02-18T12:00:00,-1.4,3.73,89.5,46.1,0.1
2023-02-18T13:00:00,-1.6,3.98,87.5,49.1,0.3
2023-02-18T14:00:00,-1.6,5.2,91.3,48.6,2.6
2023-02-18T15:00:00,-1.7,6.14,87.3,37.7,6.4
2023-02-18T16:00:00,-1.9,6.24,87.8,32.7,6.9
2023-02-18T17:00:00,-2.2,6.71,92.7,30.5,10.5
2023-02-18T18:00:00,-1.9,6.8,89.3,19.7,11.6
2023-02-18T19:00:00,-2.3,6.9,88.0,12.0,11.5
2023-02-18T20:00:00,-2.2,6.6,90.9,3.6,10.1
2023-02-18T21:00:00,-2.4,6.63,92.0,0.0,9.7
2023-02-18T22:00:00,-3.4,7.09,86.8,0.0,13.1
2023-02-18T23:00:00,-4.0,7.28,93.5,0.0,14.8
2023-02-19T00:00:00,-3.7,7.53,90.1,0.0,17.0
2023-02-19T01:00:00,-3.2,7.31,88.8,0.0,15.1
2023-02-19T02:00:00,-2.8,6.8,88.9,0.0,10.9
2023-02-19T03:00:00,-2.3,6.11,89.1,0.0,6.3
2023-02-19T04:00:00,-1.7,5.47,86.7,3.6,3.6
2023-02-19T05:00:00,-1.2,5.48,89.9,11.6,3.6
2023-02-19T06:00:00,-0.9,4.56,93.5,17.6,1.0
2023-02-19T07:00:00,-0.7,3.54,90.0,32.5,0.1
2023-02-19T08:00:00,-0.6,3.2,90.9,30.0,0.0
2023-02-19T09:00:00,-0.5,3.5,91.3,36.2,0.0
2023-02-19T10:00:00,-0.4,4.33,90.8,47.3,0.7
2023-02-19T11:00:00,-0.6,5.23,89.7,56.5,2.6
2023-02-19T12:00:00,-1.1,4.83,90.2,51.3,1.5
2023-02-19T13:00:00,-1.0,6.51,90.8,56.6,8.6
2023-02-19T14:00:00,-1.0,8.24,87.7,43.6,26.2
2023-02-19T15:00:00,-1.5,8.08,88.8,40.9,24.4
2023-02-19T16:00:00,-1.7,8.35,86.1,37.6,26.9
2023-02-19T17:00:00,-2.0,8.1,88.8,30.3,24.5
2023-02-19T18:00:00,-2.1,8.29,90.5,24.5,27.3
2023-02-19T19:00:00,-2.2,8.83,92.4,13.2,36.9
2023-02-19T20:00:00,-2.3,9.11,88.5,3.1,38.3
2023-02-19T21:00:00,-2.5,9.1,88.9,0.0,40.4
2023-02-19T22:00:00,-2.7,9.2,90.1,0.0,43.2
2023-02-19T23:00:00,-2.7,9.3,89.6,0.0,44.9
2023-02-20T00:00:00,-3.1,10.12,87.4,0.0,58.3
2023-02-20T01:00:00,-2.6,9.81,90.8,0.0,54.2
2023-02-20T02:00:00,-2.0,9.73,89.5,0.0,49.8
2023-02-20T03:00:00,-1.8,8.63,92.5,0.0,32.7
2023-02-20T04:00:00,-1.6,7.71,90.7,2.4,19.7
2023-02-20T05:00:00,-1.5,6.99,88.1,9.9,12.1
2023-02-20T06:00:00,-1.2,6.65,91.9,18.3,9.7
2023-02-20T07:00:00,-1.1,5.76,89.8,23.9,4.5
2023-02-20T08:00:00,-1.1,4.83,90.6,30.9,1.5
2023-02-20T09:00:00,-1.3,4.0,90.4,43.8,0.3
2023-02-20T10:00:00,-1.6,3.79,92.6,54.3,0.2
2023-02-20T11:00:00,-2.0,4.12,88.4,56.3,0.4
2023-02-20T12:00:00,-1.8,6.31,90.3,45.3,7.3
2023-02-20T13:00:00,-2.4,4.95,91.9,47.4,1.8
2023-02-20T14:00:00,-3.4,5.19,88.3,54.2,2.5
2023-02-20T15:00:00,-3.3,7.03,92.3,44.1,12.4
2023-02-20T16:00:00,-3.0,8.3,88.8,36.2,28.3
2023-02-20T17:00:00,-2.9,9.21,94.7,33.1,40.5
2023-02-20T18:00:00,-2.8,9.51,93.9,20.9,48.7
2023-02-20T19:00:00,-2.7,9.5,90.3,11.5,45.8
2023-02-20T20:00:00,-3.0,9.4,93.5,2.2,45.2
2023-02-20T21:00:00,-3.1,9.31,88.6,0.0,44.0
2023-02-20T22:00:00,-3.3,9.21,93.1,0.0,40.6
2023-02-20T23:00:00,-3.5,9.01,87.8,0.0,38.9
2023-02-21T00:00:00,-4.5,10.07,90.1,0.0,58.4
2023-02-21T01:00:00,-4.5,9.31,91.2,0.0,43.0
2023-02-21T02:00:00,-4.3,8.34,92.7,0.0,27.2
2023-02-21T03:00:00,-3.9,7.23,89.0,0.0,14.8
2023-02-21T04:00:00,-3.6,6.29,88.3,1.6,7.4
2023-02-21T05:00:00,-3.2,6.09,92.2,13.0,6.6
2023-02-21T06:00:00,-2.9,6.09,89.8,21.1,6.6
2023-02-21T07:00:00,-2.7,5.95,85.9,32.5,5.9
2023-02-21T08:00:00,-2.5,5.52,90.1,39.2,3.6
2023-02-21T09:00:00,-2.7,5.15,89.6,35.7,2.4
2023-02-21T10:00:00,-2.9,5.18,91.7,46.7,2.4
2023-02-21T11:00:00,-3.2,5.32,93.1,57.6,2.8
2023-02-21T12:00:00,-3.3,5.57,93.1,58.2,4.1
2023-02-21T13:00:00,-3.8,5.67,87.7,53.2,4.5
2023-02-21T14:00:00,-4.3,6.32,92.4,40.1,7.8
2023-02-21T15:00:00,-4.6,7.62,90.9,47.2,18.3
2023-02-21T16:00:00,-4.6,8.5,90.5,36.3,29.6
2023-02-21T17:00:00,-4.6,9.34,89.2,26.9,44.0
2023-02-21T18:00:00,-4.6,9.44,89.6,19.5,45.0
2023-02-21T19:00:00,-4.7,9.24,87.3,12.9,42.2
2023-02-21T20:00:00,-4.6,9.75,92.2,1.7,53.5
2023-02-21T21:00:00,-4.4,10.09,88.7,0.0,59.4
2023-02-21T22:00:00,-4.3,9.27,90.6,0.0,44.2
2023-02-21T23:00:00,-4.1,9.9,87.4,0.0,53.2
2023-02-22T00:00:00,-4.7,10.07,89.3,0.0,58.2
2023-02-22T01:00:00,-4.8,9.64,90.1,0.0,48.5
2023-02-22T02:00:00,-4.6,8.43,88.2,0.0,28.1
2023-02-22T03:00:00,-4.4,7.44,92.4,0.0,17.1
2023-02-22T04:00:00,-3.9,7.22,91.2,0.6,14.2
2023-02-22T05:00:00,-3.6,6.88,88.2,11.5,11.8
2023-02-22T06:00:00,-3.5,5.6,90.1,18.1,4.0
2023-02-22T07:00:00,-3.6,3.32,91.4,24.2,0.0
2023-02-22T08:00:00,-3.9,1.08,90.9,32.7,0.0
2023-02-22T09:00:00,-4.3,1.7,87.6,45.4,0.0
2023-02-22T10:00:00,-4.4,3.89,89.1,52.7,0.2
2023-02-22T11:00:00,-4.3,2.3,88.1,46.2,0.0
2023-02-22T12:00:00,-4.5,3.62,90.7,57.5,0.1
2023-02-22T13:00:00,-3.8,7.66,87.6,47.2,18.8
2023-02-22T14:00:00,-3.9,6.23,91.8,45.9,7.4
2023-02-22T15:00:00,-3.7,6.04,87.4,46.0,5.8
2023-02-22T16:00:00,-3.5,6.26,91.4,34.8,7.1
2023-02-22T17:00:00,-3.3,5.94,92.7,26.2,5.7
2023-02-22T18:00:00,-3.8,4.07,91.0,18.3,0.4
2023-02-22T19:00:00,-4.6,2.9,91.3,10.3,0.0
2023-02-22T20:00:00,-4.4,3.21,87.7,0.8,0.0
2023-02-22T21:00:00,-4.1,3.82,91.1,0.0,0.2
2023-02-22T22:00:00,-3.6,4.4,93.4,0.0,0.8
2023-02-22T23:00:00,-3.3,5.02,87.9,0.0,2.0
2023-02-23T00:00:00,-1.9,8.15,90.0,0.0,25.6
2023-02-23T01:00:00,-1.9,7.43,90.7,0.0,17.6
2023-02-23T02:00:00,-2.1,5.97,88.2,0.0,5.7
2023-02-23T03:00:00,-2.1,6.28,89.7,0.0,7.8
2023-02-23T04:00:00,-1.8,6.2,88.8,0.0,6.9
2023-02-23T05:00:00,-1.5,6.07,89.2,10.5,5.9
2023-02-23T06:00:00,-1.2,5.77,86.9,19.5,4.8
2023-02-23T07:00:00,-1.0,4.59,89.6,24.7,1.0
2023-02-23T08:00:00,-1.1,3.71,90.9,34.5,0.1
2023-02-23T09:00:00,-1.2,3.0,88.1,35.0,0.0
2023-02-23T10:00:00,-1.7,2.67,90.9,40.9,0.0
2023-02-23T11:00:00,-1.9,2.73,88.6,49.5,0.0
2023-02-23T12:00:00,-1.3,6.4,90.6,58.6,8.1
2023-02-23T13:00:00,-1.7,5.86,91.7,52.7,5.3
2023-02-23T14:00:00,-2.5,3.95,88.2,47.2,0.3
2023-02-23T15:00:00,-2.5,4.7,88.0,44.9,1.3
2023-02-23T16:00:00,-2.1,6.26,88.8,39.2,7.1
2023-02-23T17:00:00,-1.6,7.82,90.0,24.5,22.2
2023-02-23T18:00:00,-1.6,8.45,92.1,17.5,29.5
2023-02-23T19:00:00,-1.5,9.27,89.3,9.6,44.0
2023-02-23T20:00:00,-1.7,9.9,87.3,0.0,55.8
2023-02-23T21:00:00,-2.0,9.53,92.4,0.0,46.2
2023-02-23T22:00:00,-2.6,9.29,88.2,0.0,43.3
2023-02-23T23:00:00,-2.9,9.39,88.8,0.0,43.3
2023-02-24T00:00:00,-3.0,10.53,90.4,0.0,73.3
2023-02-24T01:00:00,-3.0,9.77,89.9,0.0,51.7
2023-02-24T02:00:00,-3.1,9.63,85.4,0.0,47.4
2023-02-24T03:00:00,-3.0,8.92,89.1,0.0,37.5
2023-02-24T04:00:00,-3.0,7.91,87.4,0.0,22.7
2023-02-24T05:00:00,-2.8,8.0,88.3,7.9,23.2
2023-02-24T06:00:00,-2.7,7.93,91.0,15.9,21.4
2023-02-24T07:00:00,-2.6,7.33,89.1,28.5,16.3
2023-02-24T08:00:00,-2.6,6.57,89.9,37.8,9.5
2023-02-24T09:00:00,-2.7,5.65,96.8,42.1,4.3
2023-02-24T10:00:00,-3.0,5.19,88.8,50.2,2.5
2023-02-24T11:00:00,-3.3,5.35,89.1,55.0,3.0
2023-02-24T12:00:00,-3.6,7.43,90.0,52.2,16.5
2023-02-24T13:00:00,-4.0,7.92,91.8,44.5,21.7
2023-02-24T14:00:00,-4.6,7.99,90.9,45.9,23.3
2023-02-24T15:00:00,-5.2,7.75,86.9,36.7,20.2
2023-02-24T16:00:00,-5.6,7.4,94.9,36.8,16.3
2023-02-24T17:00:00,-5.8,7.01,87.1,25.8,13.3
2023-02-24T18:00:00,-5.8,7.0,88.4,17.6,12.7
2023-02-24T19:00:00,-5.9,7.3,89.6,8.7,15.6
2023-02-24T20:00:00,-5.9,7.3,92.0,0.0,15.4
2023-02-24T21:00:00,-6.0,7.3,89.9,0.0,15.3
2023-02-24T22:00:00,-6.1,7.31,85.7,0.0,15.5
2023-02-24T23:00:00,-6.1,7.5,90.6,0.0,18.1
2023-02-25T00:00:00,-5.9,8.05,90.7,0.0,23.8
2023-02-25T01:00:00,-5.4,7.91,88.5,0.0,21.6
2023-02-25T02:00:00,-5.0,7.36,87.8,0.0,15.5
2023-02-25T03:00:00,-4.7,6.81,94.2,0.0,11.2
2023-02-25T04:00:00,-4.5,6.41,90.4,0.0,8.0
2023-02-25T05:00:00,-4.2,6.04,89.2,8.6,5.9
2023-02-25T06:00:00,-4.0,5.54,90.3,15.5,3.9
2023-02-25T07:00:00,-3.9,5.23,91.7,21.6,2.7
2023-02-25T08:00:00,-3.8,4.75,89.0,38.3,1.4
2023-02-25T09:00:00,-3.6,4.28,95.6,45.6,0.6
2023-02-25T10:00:00,-3.4,3.86,92.7,41.1,0.2
2023-02-25T11:00:00,-4.0,3.91,87.5,46.3,0.2
2023-02-25T12:00:00,-6.4,3.01,89.8,40.4,0.0
2023-02-25T13:00:00,-6.6,3.45,87.9,49.7,0.0
2023-02-25T14:00:00,-7.1,4.05,88.8,51.1,0.3
2023-02-25T15:00:00,-7.5,4.81,88.8,46.3,1.5
2023-02-25T16:00:00,-7.9,4.9,90.1,35.2,1.7
2023-02-25T17:00:00,-8.2,4.88,88.6,28.7,1.7
2023-02-25T18:00:00,-8.1,5.18,89.4,14.6,2.4
2023-02-25T19:00:00,-7.7,5.77,91.1,9.6,4.8
2023-02-25T20:00:00,-7.3,5.95,89.0,0.0,5.6
2023-02-25T21:00:00,-6.9,5.71,93.2,0.0,4.6
2023-02-25T22:00:00,-6.9,5.9,91.6,0.0,5.6
2023-02-25T23:00:00,-7.2,6.1,88.2,0.0,6.5
2023-02-26T00:00:00,-6.7,7.04,91.8,0.0,12.7
2023-02-26T01:00:00,-6.2,7.23,94.2,0.0,14.4
2023-02-26T02:00:00,-5.8,7.14,92.6,0.0,14.1
2023-02-26T03:00:00,-5.7,6.84,87.9,0.0,11.7
2023-02-26T04:00:00,-5.5,6.48,88.9,0.0,8.8
2023-02-26T05:00:00,-5.3,6.26,89.9,6.8,7.0
2023-02-26T06:00:00,-5.1,5.89,91.6,18.3,5.1
2023-02-26T07:00:00,-4.9,5.55,91.6,29.0,3.6
2023-02-26T08:00:00,-4.7,5.28,87.0,34.9,2.7
2023-02-26T09:00:00,-4.7,5.15,91.1,44.6,2.4
2023-02-26T10:00:00,-4.7,5.42,90.6,50.0,3.4
2023-02-26T11:00:00,-4.7,5.82,85.0,47.8,4.9
2023-02-26T12:00:00,-5.2,5.91,90.0,54.1,5.5
2023-02-26T13:00:00,-5.3,6.31,89.8,52.6,7.3
2023-02-26T14:00:00,-5.6,6.79,87.8,39.1,10.9
2023-02-26T15:00:00,-6.1,6.64,92.1,41.8,9.9
2023-02-26T16:00:00,-6.6,6.32,87.7,29.4,7.6
2023-02-26T17:00:00,-6.7,6.14,90.7,24.1,6.4
2023-02-26T18:00:00,-6.4,6.54,91.2,15.8,9.6
2023-02-26T19:00:00,-6.8,6.93,89.7,8.4,12.3
2023-02-26T20:00:00,-6.9,7.47,91.3,0.0,17.7
2023-02-26T21:00:00,-6.8,7.61,90.3,0.0,19.6
2023-02-26T22:00:00,-6.9,7.58,91.8,0.0,18.0
2023-02-26T23:00:00,-7.4,7.54,90.2,0.0,18.1
2023-02-27T00:00:00,-6.7,8.88,90.1,0.0,34.6
2023-02-27T01:00:00,-6.5,8.36,89.1,0.0,27.4
2023-02-27T02:00:00,-6.4,7.74,88.3,0.0,20.6
2023-02-27T03:00:00,-6.8,7.57,88.4,0.0,17.9
2023-02-27T04:00:00,-7.0,7.32,87.3,0.0,15.6
2023-02-27T05:00:00,-6.8,6.76,90.2,7.4,10.4
2023-02-27T06:00:00,-6.6,6.01,93.0,14.2,6.1
2023-02-27T07:00:00,-6.4,5.0,89.5,23.9,2.0
2023-02-27T08:00:00,-6.1,4.0,90.4,34.8,0.3
2023-02-27T09:00:00,-5.8,3.2,91.4,38.1,0.0
2023-02-27T10:00:00,-6.4,2.92,92.5,44.4,0.0
2023-02-27T11:00:00,-7.2,3.11,89.1,49.1,0.0
2023-02-27T12:00:00,-7.9,3.18,93.2,53.7,0.0
2023-02-27T13:00:00,-7.8,4.02,90.4,45.2,0.3
2023-02-27T14:00:00,-8.2,4.72,91.5,49.4,1.3
2023-02-27T15:00:00,-8.5,5.25,92.5,38.6,2.7
2023-02-27T16:00:00,-8.7,5.36,92.5,36.4,3.0
2023-02-27T17:00:00,-8.6,5.15,88.5,22.7,2.5
2023-02-27T18:00:00,-8.9,5.51,91.0,14.8,3.6
2023-02-27T19:00:00,-9.2,5.75,90.1,8.2,4.5
2023-02-27T20:00:00,-9.4,5.77,90.5,0.0,4.7
2023-02-27T21:00:00,-9.6,5.8,90.2,0.0,4.9
2023-02-27T22:00:00,-9.7,5.8,92.1,0.0,4.8
2023-02-27T23:00:00,-9.8,5.92,90.7,0.0,5.6
2023-02-28T00:00:00,-9.4,6.3,94.3,0.0,7.8
2023-02-28T01:00:00,-9.0,6.41,91.6,0.0,8.0
2023-02-28T02:00:00,-8.6,6.21,90.8,0.0,7.3
2023-02-28T03:00:00,-8.1,6.24,85.8,0.0,7.1
2023-02-28T04:00:00,-7.7,5.98,90.2,0.0,6.0
2023-02-28T05:00:00,-7.4,5.68,86.9,7.2,4.4
2023-02-28T06:00:00,-7.1,5.7,89.2,16.9,4.4
2023-02-28T07:00:00,-6.8,5.73,87.6,26.3,4.6
2023-02-28T08:00:00,-6.6,5.76,88.5,34.7,4.6
2023-02-28T09:00:00,-6.3,5.79,87.5,37.5,4.8
2023-02-28T10:00:00,-6.3,5.72,89.4,41.1,4.7
2023-02-28T11:00:00,-6.4,5.8,90.4,49.3,5.1
2023-02-28T12:00:00,-6.3,6.0,87.1,49.4,5.7
2023-02-28T13:00:00,-6.3,5.91,88.0,51.6,5.2
2023-02-28T14:00:00,-6.8,6.18,88.4,46.1,7.1
2023-02-28T15:00:00,-7.0,6.91,88.8,36.7,11.4
2023-02-28T16:00:00,-7.2,7.62,89.2,34.2,17.8
2023-02-28T17:00:00,-7.1,6.95,90.9,25.4,12.1
2023-02-28T18:00:00,-7.8,6.28,88.5,17.6,7.8
2023-02-28T19:00:00,-8.4,6.51,88.5,6.4,8.9
2023-02-28T20:00:00,-8.5,6.22,89.0,0.0,7.2
2023-02-28T21:00:00,-8.3,6.0,90.2,0.0,5.8
2023-02-28T22:00:00,-7.8,6.31,86.7,0.0,7.9
2023-02-28T23:00:00,-7.5,6.38,90.2,0.0,8.4
2023-03-01T00:00:00,-6.9,7.4,89.6,0.0,16.3
2023-03-01T01:00:00,-6.5,7.19,92.0,0.0,14.0
2023-03-01T02:00:00,-6.3,6.72,89.5,0.0,10.6
2023-03-01T03:00:00,-6.3,5.88,89.7,0.0,5.3
2023-03-01T04:00:00,-6.4,4.64,91.3,0.0,1.1
2023-03-01T05:00:00,-6.0,3.22,90.1,6.6,0.0
2023-03-01T06:00:00,-5.6,2.09,90.7,17.7,0.0
2023-03-01T07:00:00,-5.3,1.36,90.7,25.4,0.0
2023-03-01T08:00:00,-5.2,1.27,86.9,30.6,0.0
2023-03-01T09:00:00,-5.1,1.62,92.5,41.4,0.0
2023-03-01T10:00:00,-5.1,1.3,85.6,48.0,0.0
2023-03-01T11:00:00,-5.3,1.84,89.2,49.6,0.0
2023-03-01T12:00:00,-4.8,4.1,86.6,40.0,0.4
2023-03-01T13:00:00,-4.8,3.4,92.8,39.8,0.0
2023-03-01T14:00:00,-5.3,2.62,89.5,37.9,0.0
2023-03-01T15:00:00,-5.7,2.2,90.3,40.8,0.0
2023-03-01T16:00:00,-5.9,2.82,90.2,31.4,0.0
2023-03-01T17:00:00,-5.9,3.51,87.9,24.8,0.0
2023-03-01T18:00:00,-6.1,3.92,94.1,14.1,0.2
2023-03-01T19:00:00,-6.2,4.26,86.2,5.8,0.6
2023-03-01T20:00:00,-6.3,4.87,89.7,0.0,1.7
2023-03-01T21:00:00,-7.2,5.24,92.2,0.0,2.7
2023-03-01T22:00:00,-7.7,5.38,90.5,0.0,3.3
2023-03-01T23:00:00,-8.0,5.5,91.0,0.0,3.7
2023-03-02T00:00:00,-5.9,5.01,89.0,0.0,2.0
2023-03-02T01:00:00,-5.5,4.71,92.5,0.0,1.3
2023-03-02T02:00:00,-5.7,4.41,86.3,0.0,0.8
2023-03-02T03:00:00,-5.7,4.69,88.2,0.0,1.3
2023-03-02T04:00:00,-5.5,4.71,90.6,0.0,1.2
2023-03-02T05:00:00,-5.3,4.78,88.7,4.8,1.4
2023-03-02T06:00:00,-5.3,4.57,88.5,13.5,1.0
2023-03-02T07:00:00,-5.0,4.34,90.0,20.7,0.7
2023-03-02T08:00:00,-5.1,4.07,89.0,28.5,0.4
2023-03-02T09:00:00,-5.3,4.18,93.4,43.6,0.5
2023-03-02T10:00:00,-5.2,3.96,89.2,45.2,0.3
2023-03-02T11:00:00,-5.4,3.77,88.8,46.3,0.2
2023-03-02T12:00:00,-6.7,3.86,90.5,40.8,0.2
2023-03-02T13:00:00,-7.2,4.8,85.2,52.3,1.5
2023-03-02T14:00:00,-7.4,5.8,88.4,38.4,4.9
2023-03-02T15:00:00,-7.8,5.95,91.4,31.5,5.8
2023-03-02T16:00:00,-7.6,5.53,85.9,30.3,3.8
2023-03-02T17:00:00,-7.7,5.22,92.6,27.1,2.6
2023-03-02T18:00:00,-6.9,5.35,89.0,14.1,2.9
2023-03-02T19:00:00,-6.5,5.26,89.0,6.1,2.8
2023-03-02T20:00:00,-6.0,5.15,86.6,0.0,2.5
2023-03-02T21:00:00,-6.1,5.12,87.6,0.0,2.4
2023-03-02T22:00:00,-6.5,5.6,86.2,0.0,4.1
2023-03-02T23:00:00,-6.7,6.58,90.1,0.0,9.3
2023-03-03T00:00:00,-7.2,5.33,88.0,0.0,3.0
2023-03-03T01:00:00,-7.3,2.02,88.6,0.0,0.0
2023-03-03T02:00:00,-7.3,5.69,92.0,0.0,4.3
2023-03-03T03:00:00,-8.3,6.91,91.7,0.0,12.6
2023-03-03T04:00:00,-8.6,5.61,90.6,0.0,3.9
2023-03-03T05:00:00,-8.9,5.71,93.7,4.4,4.6
2023-03-03T06:00:00,-9.2,5.61,94.9,13.9,3.8
2023-03-03T07:00:00,-9.5,5.25,93.1,18.9,2.6
2023-03-03T08:00:00,-9.8,4.39,89.4,31.6,0.7
2023-03-03T09:00:00,-10.2,3.62,93.2,40.1,0.1
2023-03-03T10:00:00,-10.7,3.32,90.8,36.8,0.0
2023-03-03T11:00:00,-11.3,3.44,90.5,37.7,0.0
2023-03-03T12:00:00,-13.2,2.91,88.8,38.8,0.0
2023-03-03T13:00:00,-14.0,3.18,92.7,45.4,0.0
2023-03-03T14:00:00,-14.8,3.36,91.3,43.6,0.0
2023-03-03T15:00:00,-15.3,3.11,88.3,37.5,0.0
2023-03-03T16:00:00,-15.1,3.76,95.3,30.3,0.1
2023-03-03T17:00:00,-14.9,3.83,91.4,23.7,0.2
2023-03-03T18:00:00,-15.1,3.16,96.0,14.9,0.0
2023-03-03T19:00:00,-13.2,2.26,90.1,5.0,0.0
2023-03-03T20:00:00,-12.5,1.92,94.1,0.0,0.0
2023-03-03T21:00:00,-12.2,1.72,90.2,0.0,0.0
2023-03-03T22:00:00,-11.8,1.43,92.1,0.0,0.0
2023-03-03T23:00:00,-11.9,1.4,89.0,0.0,0.0
2023-03-04T00:00:00,-12.6,3.19,90.5,0.0,0.0
2023-03-04T01:00:00,-13.0,2.97,91.8,0.0,0.0
2023-03-04T02:00:00,-13.0,2.3,93.0,0.0,0.0
2023-03-04T03:00:00,-12.3,2.35,92.9,0.0,0.0
2023-03-04T04:00:00,-11.7,2.38,90.1,0.0,0.0
2023-03-04T05:00:00,-11.5,0.81,90.0,4.4,0.0
2023-03-04T06:00:00,-11.3,1.53,91.9,14.3,0.0
2023-03-04T07:00:00,-11.3,3.04,90.5,22.2,0.0
2023-03-04T08:00:00,-11.4,3.18,89.6,31.2,0.0
2023-03-04T09:00:00,-11.5,3.08,90.7,40.0,0.0
2023-03-04T10:00:00,-11.7,2.76,90.5,44.1,0.0
2023-03-04T11:00:00,-12.3,2.21,90.8,42.2,0.0
2023-03-04T12:00:00,-13.3,2.33,92.9,42.6,0.0
2023-03-04T13:00:00,-13.8,2.33,92.7,48.5,0.0
2023-03-04T14:00:00,-14.9,3.42,94.7,36.5,0.0
2023-03-04T15:00:00,-14.6,3.9,93.7,37.3,0.2
2023-03-04T16:00:00,-16.0,3.89,94.2,29.4,0.2
2023-03-04T17:00:00,-15.5,3.23,94.1,23.1,0.0
2023-03-04T18:00:00,-14.0,3.42,92.2,12.4,0.0
2023-03-04T19:00:00,-14.3,2.8,91.0,4.4,0.0
2023-03-04T20:00:00,-13.4,2.67,93.1,0.0,0.0
2023-03-04T21:00:00,-13.6,3.0,92.7,0.0,0.0
2023-03-04T22:00:00,-14.1,3.77,89.5,0.0,0.1
2023-03-04T23:00:00,-14.3,3.69,93.7,0.0,0.1
2023-03-05T00:00:00,-12.9,3.67,91.8,0.0,0.1
2023-03-05T01:00:00,-10.0,4.83,89.2,0.0,1.6
2023-03-05T02:00:00,-9.3,4.89,91.2,0.0,1.7
2023-03-05T03:00:00,-8.7,5.28,92.2,0.0,2.7
2023-03-05T04:00:00,-8.3,5.96,92.4,0.0,5.8
2023-03-05T05:00:00,-7.9,6.53,89.0,2.6,8.8
2023-03-05T06:00:00,-7.6,6.65,89.3,11.9,9.5
2023-03-05T07:00:00,-7.1,6.63,88.4,18.8,10.1
2023-03-05T08:00:00,-6.6,5.8,89.8,27.3,4.9
2023-03-05T09:00:00,-6.4,3.76,92.8,29.9,0.2
2023-03-05T10:00:00,-6.8,2.3,88.6,36.9,0.0
2023-03-05T11:00:00,-6.9,1.63,86.3,36.3,0.0
2023-03-05T12:00:00,-8.3,3.35,91.3,44.5,0.0
2023-03-05T13:00:00,-7.9,4.43,89.5,40.1,0.8
2023-03-05T14:00:00,-7.2,4.62,90.5,44.7,1.2
2023-03-05T15:00:00,-7.2,4.27,88.8,40.6,0.6
2023-03-05T16:00:00,-7.5,3.83,89.1,25.8,0.2
2023-03-05T17:00:00,-7.8,3.74,91.8,19.4,0.1
2023-03-05T18:00:00,-7.6,4.05,87.8,11.4,0.3
2023-03-05T19:00:00,-7.6,4.04,89.4,2.6,0.3
2023-03-05T20:00:00,-7.4,3.81,89.2,0.0,0.2
2023-03-05T21:00:00,-7.5,3.63,90.6,0.0,0.1
2023-03-05T22:00:00,-7.5,3.69,88.1,0.0,0.1
2023-03-05T23:00:00,-8.6,4.06,89.4,0.0,0.3
2023-03-06T00:00:00,-9.6,3.57,94.1,0.0,0.1
2023-03-06T01:00:00,-6.7,5.1,89.6,0.0,2.3
2023-03-06T02:00:00,-5.5,5.46,90.6,0.0,3.6
2023-03-06T03:00:00,-5.0,5.36,88.5,0.0,3.1
2023-03-06T04:00:00,-4.4,5.07,88.4,0.0,2.3
2023-03-06T05:00:00,-4.1,4.65,93.4,2.0,1.2
2023-03-06T06:00:00,-4.0,4.16,90.4,11.7,0.4
2023-03-06T07:00:00,-3.6,4.05,93.2,24.3,0.3
2023-03-06T08:00:00,-3.5,4.03,87.4,24.3,0.3
2023-03-06T09:00:00,-3.5,3.35,86.0,29.4,0.0
2023-03-06T10:00:00,-4.6,2.1,87.5,42.6,0.0
2023-03-06T11:00:00,-3.4,1.56,87.6,40.2,0.0
2023-03-06T12:00:00,-5.8,3.01,89.7,43.7,0.0
2023-03-06T13:00:00,-6.3,2.44,90.1,50.1,0.0
2023-03-06T14:00:00,-7.6,2.91,89.3,40.1,0.0
2023-03-06T15:00:00,-7.8,4.22,86.5,39.0,0.5
2023-03-06T16:00:00,-8.2,4.88,86.4,28.8,1.6
2023-03-06T17:00:00,-8.1,5.63,91.4,19.9,4.2
2023-03-06T18:00:00,-8.1,5.91,86.5,10.7,5.4
2023-03-06T19:00:00,-8.2,6.1,89.0,2.5,6.2
2023-03-06T20:00:00,-8.5,5.82,91.9,0.0,4.7
2023-03-06T21:00:00,-8.8,5.48,90.7,0.0,3.4
2023-03-06T22:00:00,-8.7,5.7,92.7,0.0,4.2
2023-03-06T23:00:00,-8.5,5.97,90.0,0.0,5.7
2023-03-07T00:00:00,-7.7,6.5,92.0,0.0,9.0
2023-03-07T01:00:00,-7.1,6.31,87.5,0.0,7.4
2023-03-07T02:00:00,-6.6,6.0,92.6,0.0,6.1
2023-03-07T03:00:00,-6.0,5.9,88.0,0.0,5.4
2023-03-07T04:00:00,-5.3,5.81,91.2,0.0,5.0
2023-03-07T05:00:00,-4.7,5.49,89.4,1.1,3.4
2023-03-07T06:00:00,-4.4,5.07,88.7,11.5,2.2
2023-03-07T07:00:00,-3.8,5.63,91.2,17.5,4.2
2023-03-07T08:00:00,-3.6,5.99,88.4,27.2,5.9
2023-03-07T09:00:00,-3.5,6.35,91.2,39.6,7.7
2023-03-07T10:00:00,-3.6,6.45,88.9,37.0,8.1
2023-03-07T11:00:00,-3.8,6.71,91.0,42.5,9.9
2023-03-07T12:00:00,-4.2,6.56,89.1,45.2,9.2
2023-03-07T13:00:00,-4.2,7.06,90.6,49.8,13.4
2023-03-07T14:00:00,-3.9,8.2,89.8,39.4,26.0
2023-03-07T15:00:00,-4.2,8.46,90.8,34.3,29.1
2023-03-07T16:00:00,-3.9,8.55,90.8,23.7,32.0
2023-03-07T17:00:00,-3.3,9.0,90.6,20.9,38.0
2023-03-07T18:00:00,-2.9,8.94,89.7,9.9,37.7
2023-03-07T19:00:00,-2.6,9.39,90.2,1.4,47.4
2023-03-07T20:00:00,-2.4,10.09,90.2,0.0,59.9
2023-03-07T21:00:00,-2.2,11.32,90.7,0.0,91.8
2023-03-07T22:00:00,-2.2,11.29,88.1,0.0,95.0
2023-03-07T23:00:00,-2.3,10.32,88.3,0.0,62.4
2023-03-08T00:00:00,-2.4,10.6,86.4,0.0,75.6
2023-03-08T01:00:00,-2.5,10.51,92.8,0.0,67.1
2023-03-08T02:00:00,-2.4,10.26,88.2,0.0,61.0
2023-03-08T03:00:00,-2.2,10.64,92.0,0.0,71.2
2023-03-08T04:00:00,-2.1,11.07,90.0,0.0,89.2
2023-03-08T05:00:00,-2.0,11.45,88.4,0.2,97.9
2023-03-08T06:00:00,-1.9,11.32,89.4,10.1,89.0
2023-03-08T07:00:00,-1.9,10.97,91.3,18.6,80.1
2023-03-08T08:00:00,-1.7,10.47,90.0,25.0,70.3
2023-03-08T09:00:00,-1.7,10.47,90.4,39.6,70.7
2023-03-08T10:00:00,-1.6,10.5,90.4,39.8,69.8
2023-03-08T11:00:00,-1.5,10.59,88.1,36.7,70.6
2023-03-08T12:00:00,-1.0,11.67,91.8,37.2,101.6
2023-03-08T13:00:00,-1.0,11.18,94.2,42.8,85.7
2023-03-08T14:00:00,-1.1,11.05,90.1,42.7,80.2
2023-03-08T15:00:00,-1.1,12.01,88.8,30.3,109.2
2023-03-08T16:00:00,-1.2,12.38,89.4,29.9,113.3
2023-03-08T17:00:00,-1.4,10.98,88.2,20.0,82.1
2023-03-08T18:00:00,-1.6,10.69,93.3,9.1,71.6
2023-03-08T19:00:00,-1.6,10.11,90.7,0.2,62.7
2023-03-08T20:00:00,-1.7,9.88,88.1,0.0,56.4
2023-03-08T21:00:00,-1.7,9.17,93.1,0.0,41.2
2023-03-08T22:00:00,-1.8,8.38,89.9,0.0,28.5
2023-03-08T23:00:00,-1.8,8.07,91.4,0.0,24.5
2023-03-09T00:00:00,-1.3,8.35,88.0,0.0,28.8
2023-03-09T01:00:00,-1.2,8.05,90.2,0.0,22.9
2023-03-09T02:00:00,-1.5,7.74,90.3,0.0,19.9
2023-03-09T03:00:00,-1.6,7.26,88.3,0.0,15.6
2023-03-09T04:00:00,-1.8,6.58,91.2,0.0,9.7
2023-03-09T05:00:00,-1.7,5.77,85.8,0.0,4.8
2023-03-09T06:00:00,-1.7,5.19,91.1,11.5,2.5
2023-03-09T07:00:00,-1.7,4.8,88.2,17.4,1.5
2023-03-09T08:00:00,-1.7,3.91,93.6,28.7,0.2
2023-03-09T09:00:00,-2.0,3.18,91.0,39.0,0.0
2023-03-09T10:00:00,-2.4,2.1,89.6,32.4,0.0
2023-03-09T11:00:00,-2.8,1.78,88.1,42.8,0.0
2023-03-09T12:00:00,-2.5,1.58,88.2,44.9,0.0
2023-03-09T13:00:00,-1.4,0.42,89.2,48.6,0.0
2023-03-09T14:00:00,-2.0,1.14,89.1,45.1,0.0
2023-03-09T15:00:00,-3.1,2.87,91.7,36.4,0.0
2023-03-09T16:00:00,-2.7,3.45,88.7,23.4,0.0
2023-03-09T17:00:00,-3.3,2.57,91.2,17.2,0.0
2023-03-09T18:00:00,-3.5,2.62,88.8,11.4,0.0
2023-03-09T19:00:00,-3.0,3.57,91.6,0.0,0.1
2023-03-09T20:00:00,-2.6,4.13,89.0,0.0,0.4
2023-03-09T21:00:00,-3.5,2.61,89.4,0.0,0.0
2023-03-09T22:00:00,-3.3,3.03,86.2,0.0,0.0
2023-03-09T23:00:00,-3.3,3.34,93.7,0.0,0.0
2023-03-10T00:00:00,-4.1,2.79,91.9,0.0,0.0
2023-03-10T01:00:00,-3.6,3.9,89.1,0.0,0.2
2023-03-10T02:00:00,-3.3,4.7,95.8,0.0,1.3
2023-03-10T03:00:00,-3.1,4.6,91.8,0.0,1.1
2023-03-10T04:00:00,-3.2,3.52,86.9,0.0,0.1
2023-03-10T05:00:00,-3.1,1.33,91.1,0.0,0.0
2023-03-10T06:00:00,-3.6,2.06,92.8,8.4,0.0
2023-03-10T07:00:00,-3.2,4.39,90.2,18.4,0.7
2023-03-10T08:00:00,-3.7,4.85,91.0,27.5,1.6
2023-03-10T09:00:00,-3.8,4.34,91.8,35.5,0.7
2023-03-10T10:00:00,-4.2,3.36,85.3,41.2,0.0
2023-03-10T11:00:00,-5.2,2.69,91.0,45.4,0.0
2023-03-10T12:00:00,-5.9,3.36,90.2,48.0,0.0
2023-03-10T13:00:00,-6.2,2.82,88.9,38.7,0.0
2023-03-10T14:00:00,-5.2,2.4,91.1,36.0,0.0
2023-03-10T15:00:00,-6.5,2.92,91.7,35.7,0.0
2023-03-10T16:00:00,-6.8,3.83,89.6,28.6,0.2
2023-03-10T17:00:00,-5.9,4.43,90.8,20.4,0.8
2023-03-10T18:00:00,-5.4,4.71,88.4,11.2,1.3
2023-03-10T19:00:00,-5.6,4.8,91.3,0.0,1.5
2023-03-10T20:00:00,-4.9,5.64,91.5,0.0,4.0
2023-03-10T21:00:00,-4.8,6.02,87.4,0.0,6.2
2023-03-10T22:00:00,-5.2,5.88,91.0,0.0,5.1
2023-03-10T23:00:00,-5.6,5.87,91.2,0.0,5.5
2023-03-11T00:00:00,-6.1,5.95,86.3,0.0,5.6
2023-03-11T01:00:00,-6.3,5.39,86.5,0.0,3.3
2023-03-11T02:00:00,-6.2,5.19,89.6,0.0,2.5
2023-03-11T03:00:00,-5.7,5.05,91.1,0.0,2.1
2023-03-11T04:00:00,-5.5,4.3,90.5,0.0,0.6
2023-03-11T05:00:00,-5.5,3.31,92.5,0.0,0.0
2023-03-11T06:00:00,-5.6,2.33,85.9,9.7,0.0
2023-03-11T07:00:00,-3.9,1.49,93.1,17.3,0.0
2023-03-11T08:00:00,-2.8,1.26,91.1,22.0,0.0
2023-03-11T09:00:00,-3.4,1.48,90.0,37.3,0.0
2023-03-11T10:00:00,-2.7,1.36,92.5,42.0,0.0
2023-03-11T11:00:00,-4.3,1.97,90.1,36.5,0.0
2023-03-11T12:00:00,-7.1,3.07,92.1,41.2,0.0
2023-03-11T13:00:00,-6.9,4.34,89.4,43.2,0.6
2023-03-11T14:00:00,-7.4,4.44,87.1,38.8,0.8
2023-03-11T15:00:00,-7.2,4.74,88.4,37.1,1.3
2023-03-11T16:00:00,-6.8,5.15,90.0,28.8,2.5
2023-03-11T17:00:00,-6.7,5.19,88.6,20.1,2.5
2023-03-11T18:00:00,-7.3,4.83,91.9,8.0,1.6
2023-03-11T19:00:00,-7.6,4.73,91.4,0.0,1.4
2023-03-11T20:00:00,-7.5,4.83,91.7,0.0,1.6
2023-03-11T21:00:00,-7.7,4.61,90.8,0.0,1.0
2023-03-11T22:00:00,-8.0,4.54,89.6,0.0,1.0
2023-03-11T23:00:00,-7.9,4.73,90.4,0.0,1.3
2023-03-12T00:00:00,-7.0,5.43,92.0,0.0,3.2
2023-03-12T01:00:00,-7.3,4.84,92.4,0.0,1.6
2023-03-12T02:00:00,-7.1,4.61,86.8,0.0,1.0
2023-03-12T03:00:00,-6.4,4.59,91.6,0.0,1.0
2023-03-12T04:00:00,-6.5,3.44,89.2,0.0,0.0
2023-03-12T05:00:00,-6.4,2.72,91.3,0.0,0.0
2023-03-12T06:00:00,-5.9,2.57,84.9,9.4,0.0
2023-03-12T07:00:00,-4.8,3.93,89.9,15.6,0.2
2023-03-12T08:00:00,-3.5,1.56,90.9,24.6,0.0
2023-03-12T09:00:00,-2.7,1.26,89.8,26.8,0.0
2023-03-12T10:00:00,-5.3,2.31,90.8,38.0,0.0
2023-03-12T11:00:00,-2.7,1.3,90.9,45.8,0.0
2023-03-12T12:00:00,-3.2,1.7,89.4,39.8,0.0
2023-03-12T13:00:00,-7.2,4.18,88.4,37.6,0.5
2023-03-12T14:00:00,-7.4,4.37,92.4,35.0,0.7
2023-03-12T15:00:00,-5.7,5.28,88.5,29.1,2.8
2023-03-12T16:00:00,-5.5,5.24,91.7,23.6,2.6
2023-03-12T17:00:00,-4.3,5.13,93.2,17.6,2.2
2023-03-12T18:00:00,-4.3,5.27,90.7,9.6,2.9
2023-03-12T19:00:00,-4.4,4.74,89.3,0.0,1.4
2023-03-12T20:00:00,-4.5,4.66,89.9,0.0,1.2
2023-03-12T21:00:00,-4.5,4.84,89.5,0.0,1.6
2023-03-12T22:00:00,-4.6,5.27,86.0,0.0,2.7
2023-03-12T23:00:00,-5.4,4.97,92.9,0.0,1.9
2023-03-13T00:00:00,-5.8,4.75,90.8,0.0,1.4
2023-03-13T01:00:00,-5.8,5.02,88.0,0.0,2.0
2023-03-13T02:00:00,-5.8,4.46,87.1,0.0,0.8
2023-03-13T03:00:00,-5.9,4.3,92.7,0.0,0.6
2023-03-13T04:00:00,-5.9,3.05,89.4,0.0,0.0
2023-03-13T05:00:00,-5.1,2.6,87.7,0.0,0.0
2023-03-13T06:00:00,-4.7,1.1,87.0,6.9,0.0
2023-03-13T07:00:00,-4.2,1.14,92.1,18.4,0.0
2023-03-13T08:00:00,-5.8,2.06,91.6,27.3,0.0
2023-03-13T09:00:00,-6.0,2.66,90.2,31.5,0.0
2023-03-13T10:00:00,-5.1,1.7,92.3,31.7,0.0
2023-03-13T11:00:00,-4.8,1.61,89.9,35.8,0.0
2023-03-13T12:00:00,-4.8,1.71,90.5,45.4,0.0
2023-03-13T13:00:00,-3.4,0.82,92.6,32.7,0.0
2023-03-13T14:00:00,-3.3,0.45,90.3,39.3,0.0
2023-03-13T15:00:00,-5.0,2.31,83.4,31.3,0.0
2023-03-13T16:00:00,-3.6,4.63,92.0,21.1,1.2
2023-03-13T17:00:00,-4.3,4.5,90.5,18.0,0.9
2023-03-13T18:00:00,-3.6,4.84,92.1,6.4,1.6
2023-03-13T19:00:00,-3.7,5.3,88.2,0.0,2.8
2023-03-13T20:00:00,-3.3,8.46,90.8,0.0,29.7
2023-03-13T21:00:00,-3.1,10.63,88.3,0.0,74.7
2023-03-13T22:00:00,-3.3,10.21,88.5,0.0,60.9
2023-03-13T23:00:00,-3.7,9.16,91.7,0.0,42.3
2023-03-14T00:00:00,-3.4,9.68,91.1,0.0,49.2
2023-03-14T01:00:00,-3.6,12.36,91.0,0.0,110.4
2023-03-14T02:00:00,-3.9,12.65,90.2,0.0,119.8
2023-03-14T03:00:00,-3.7,12.38,90.8,0.0,118.3
2023-03-14T04:00:00,-3.6,13.4,85.8,0.0,111.3
2023-03-14T05:00:00,-3.7,13.31,87.5,0.0,111.6
2023-03-14T06:00:00,-3.8,13.73,90.4,7.6,109.4
2023-03-14T07:00:00,-3.9,14.01,91.0,17.7,112.8
2023-03-14T08:00:00,-3.9,13.58,91.2,22.5,113.2
2023-03-14T09:00:00,-3.9,13.46,92.0,26.8,108.7
2023-03-14T10:00:00,-3.9,13.12,91.0,31.2,110.5
2023-03-14T11:00:00,-3.9,12.28,85.9,36.9,113.6
2023-03-14T12:00:00,-3.9,12.35,90.5,39.4,114.7
2023-03-14T13:00:00,-3.8,11.83,91.5,32.0,102.9
2023-03-14T14:00:00,-3.6,10.58,84.7,35.7,68.1
2023-03-14T15:00:00,-3.4,9.83,92.2,30.5,54.8
2023-03-14T16:00:00,-3.4,9.85,92.4,27.0,56.2
2023-03-14T17:00:00,-3.3,9.66,90.0,16.4,53.1
2023-03-14T18:00:00,-3.2,8.52,84.8,7.7,30.5
2023-03-14T19:00:00,-3.1,8.27,85.7,0.0,26.1
2023-03-14T20:00:00,-3.3,8.29,89.3,0.0,27.1
2023-03-14T21:00:00,-3.4,8.43,88.0,0.0,29.2
2023-03-14T22:00:00,-3.4,8.38,89.1,0.0,29.2
2023-03-14T23:00:00,-3.6,7.91,86.9,0.0,22.3
2023-03-15T00:00:00,-3.0,8.48,91.6,0.0,31.2
2023-03-15T01:00:00,-3.0,7.94,89.3,0.0,22.0
2023-03-15T02:00:00,-3.0,8.32,93.5,0.0,27.1
2023-03-15T03:00:00,-3.2,8.7,90.5,0.0,34.7
2023-03-15T04:00:00,-3.4,7.62,93.7,0.0,18.6
2023-03-15T05:00:00,-3.3,6.65,92.3,0.0,9.7
2023-03-15T06:00:00,-3.3,5.61,91.0,5.8,4.0
2023-03-15T07:00:00,-3.2,4.83,90.0,15.9,1.6
2023-03-15T08:00:00,-3.2,4.16,88.9,20.2,0.5
2023-03-15T09:00:00,-3.6,3.36,89.2,26.5,0.0
2023-03-15T10:00:00,-4.8,2.3,88.1,35.7,0.0
2023-03-15T11:00:00,-5.3,2.11,87.2,34.2,0.0
2023-03-15T12:00:00,-6.7,3.54,89.7,34.2,0.1
2023-03-15T13:00:00,-6.6,5.31,89.4,31.6,2.8
2023-03-15T14:00:00,-6.6,6.2,86.7,35.7,7.2
2023-03-15T15:00:00,-6.6,6.91,90.1,27.2,12.0
2023-03-15T16:00:00,-6.8,7.21,91.6,22.5,14.7
2023-03-15T17:00:00,-7.1,7.3,88.9,16.2,15.3
2023-03-15T18:00:00,-7.3,7.41,90.1,5.4,16.9
2023-03-15T19:00:00,-7.5,7.62,87.3,0.0,19.7
2023-03-15T20:00:00,-7.7,7.51,89.0,0.0,17.4
2023-03-15T21:00:00,-7.8,7.5,92.3,0.0,17.9
2023-03-15T22:00:00,-7.8,7.51,89.3,0.0,16.8
2023-03-15T23:00:00,-7.7,7.2,92.5,0.0,13.8
2023-03-16T00:00:00,-7.7,7.73,90.5,0.0,21.1
2023-03-16T01:00:00,-8.1,7.32,88.3,0.0,15.8
2023-03-16T02:00:00,-8.2,7.13,91.0,0.0,13.4
2023-03-16T03:00:00,-8.7,6.64,90.4,0.0,9.5
2023-03-16T04:00:00,-8.5,6.2,90.6,0.0,6.9
2023-03-16T05:00:00,-8.0,5.92,84.2,0.0,5.7
2023-03-16T06:00:00,-7.6,5.85,91.3,5.3,5.1
2023-03-16T07:00:00,-7.7,5.52,93.3,15.9,3.8
2023-03-16T08:00:00,-7.6,5.61,90.9,24.8,4.2
2023-03-16T09:00:00,-7.6,5.85,93.0,30.3,5.0
2023-03-16T10:00:00,-7.6,5.95,89.7,32.1,5.3
2023-03-16T11:00:00,-7.5,5.95,91.3,41.1,5.5
2023-03-16T12:00:00,-7.6,6.19,94.3,40.7,6.6
2023-03-16T13:00:00,-7.6,5.95,89.3,31.8,5.8
2023-03-16T14:00:00,-7.8,6.17,87.5,29.5,7.0
2023-03-16T15:00:00,-8.0,7.18,89.5,27.6,13.9
2023-03-16T16:00:00,-8.2,8.1,91.6,21.8,23.9
2023-03-16T17:00:00,-8.2,8.19,90.2,14.0,25.3
2023-03-16T18:00:00,-8.3,8.26,90.0,5.2,26.3
2023-03-16T19:00:00,-8.4,8.58,89.6,0.0,30.5
2023-03-16T20:00:00,-8.0,8.59,93.8,0.0,31.2
2023-03-16T21:00:00,-7.9,8.52,91.7,0.0,31.4
2023-03-16T22:00:00,-7.8,9.2,88.8,0.0,42.7
2023-03-16T23:00:00,-7.8,10.55,88.9,0.0,67.9
2023-03-17T00:00:00,-7.7,10.47,92.9,0.0,66.8
2023-03-17T01:00:00,-7.5,7.5,89.1,0.0,16.8
2023-03-17T02:00:00,-7.5,7.2,86.3,0.0,14.0
2023-03-17T03:00:00,-7.6,6.48,87.4,0.0,8.4
2023-03-17T04:00:00,-7.3,7.07,89.1,0.0,12.7
2023-03-17T05:00:00,-7.4,6.54,91.9,0.0,9.6
2023-03-17T06:00:00,-7.4,6.82,93.1,4.2,11.8
2023-03-17T07:00:00,-7.3,7.82,90.9,11.9,20.6
2023-03-17T08:00:00,-7.1,8.1,90.5,20.5,25.1
2023-03-17T09:00:00,-7.3,8.64,87.9,31.3,31.3
2023-03-17T10:00:00,-7.0,8.85,86.8,37.9,36.7
2023-03-17T11:00:00,-6.6,8.89,88.9,43.2,35.0
2023-03-17T12:00:00,-6.2,8.92,89.2,39.3,37.3
2023-03-17T13:00:00,-6.1,7.84,91.5,36.2,21.7
2023-03-17T14:00:00,-5.7,7.6,90.6,35.0,18.3
2023-03-17T15:00:00,-5.2,8.03,92.3,29.7,23.6
2023-03-17T16:00:00,-5.1,8.93,92.0,18.6,38.1
2023-03-17T17:00:00,-4.9,10.27,89.0,13.5,66.6
2023-03-17T18:00:00,-4.9,12.07,87.8,4.5,116.4
2023-03-17T19:00:00,-4.8,11.9,89.4,0.0,111.3
2023-03-17T20:00:00,-4.7,11.63,89.6,0.0,102.0
2023-03-17T21:00:00,-4.5,12.15,90.0,0.0,119.9
2023-03-17T22:00:00,-4.4,11.62,91.6,0.0,96.5
2023-03-17T23:00:00,-4.5,11.49,90.2,0.0,95.5
2023-03-18T00:00:00,-4.9,11.29,89.4,0.0,90.4
2023-03-18T01:00:00,-4.8,10.68,91.8,0.0,77.5
2023-03-18T02:00:00,-4.7,10.24,90.4,0.0,63.4
2023-03-18T03:00:00,-4.6,9.41,88.0,0.0,44.0
2023-03-18T04:00:00,-4.7,8.49,89.4,0.0,30.9
2023-03-18T05:00:00,-4.8,7.5,89.2,0.0,18.4
2023-03-18T06:00:00,-4.8,7.43,90.2,3.3,16.7
2023-03-18T07:00:00,-4.7,6.8,91.8,15.6,10.6
2023-03-18T08:00:00,-4.6,6.33,88.1,21.5,7.6
2023-03-18T09:00:00,-4.5,5.7,89.4,26.6,4.4
2023-03-18T10:00:00,-4.4,5.42,91.2,34.0,3.3
2023-03-18T11:00:00,-4.6,4.88,86.8,33.7,1.7
2023-03-18T12:00:00,-5.4,3.58,89.3,31.6,0.1
2023-03-18T13:00:00,-6.1,4.57,88.0,33.8,1.0
2023-03-18T14:00:00,-6.9,5.33,89.6,36.8,3.0
2023-03-18T15:00:00,-7.4,6.04,92.2,24.7,6.0
2023-03-18T16:00:00,-7.8,6.54,91.2,23.3,9.6
2023-03-18T17:00:00,-7.6,6.73,90.3,11.5,10.3
2023-03-18T18:00:00,-7.6,7.05,86.9,3.2,13.6
2023-03-18T19:00:00,-7.1,7.16,88.7,0.0,14.4
2023-03-18T20:00:00,-6.9,7.11,94.5,0.0,13.6
2023-03-18T21:00:00,-7.1,7.32,90.6,0.0,16.5
2023-03-18T22:00:00,-6.9,7.61,90.1,0.0,18.1
2023-03-18T23:00:00,-6.8,7.83,93.2,0.0,21.3
2023-03-19T00:00:00,-7.6,9.28,89.9,0.0,44.2
2023-03-19T01:00:00,-8.1,9.59,90.0,0.0,48.1
2023-03-19T02:00:00,-8.1,9.77,91.9,0.0,55.0
2023-03-19T03:00:00,-8.0,9.48,90.1,0.0,45.1
2023-03-19T04:00:00,-7.9,9.05,88.6,0.0,38.9
2023-03-19T05:00:00,-7.6,8.49,88.2,0.0,28.8
2023-03-19T06:00:00,-7.4,8.06,88.0,2.6,23.9
2023-03-19T07:00:00,-7.2,8.04,94.6,12.5,23.1
2023-03-19T08:00:00,-7.0,8.18,90.2,20.7,24.8
2023-03-19T09:00:00,-6.9,8.1,87.3,32.4,24.6
2023-03-19T10:00:00,-7.0,7.62,87.9,27.7,18.5
2023-03-19T11:00:00,-7.2,7.12,91.9,31.5,13.6
2023-03-19T12:00:00,-8.2,6.72,90.0,39.6,10.0
2023-03-19T13:00:00,-8.6,6.91,93.1,37.9,11.5
2023-03-19T14:00:00,-8.9,7.01,89.2,36.3,13.1
2023-03-19T15:00:00,-9.3,6.4,87.0,31.6,8.5
2023-03-19T16:00:00,-10.3,5.95,87.2,18.1,5.4
2023-03-19T17:00:00,-11.2,5.85,91.8,14.7,5.2
2023-03-19T18:00:00,-11.6,5.66,85.3,2.7,4.3
2023-03-19T19:00:00,-11.9,5.74,88.8,0.0,4.7
2023-03-19T20:00:00,-12.2,5.61,88.1,0.0,4.0
2023-03-19T21:00:00,-12.7,5.22,88.7,0.0,2.7
2023-03-19T22:00:00,-12.8,5.25,90.7,0.0,2.8
2023-03-19T23:00:00,-12.7,5.54,90.4,0.0,3.9
2023-03-20T00:00:00,-12.3,5.92,94.6,0.0,5.4
2023-03-20T01:00:00,-12.3,6.31,90.7,0.0,7.6
2023-03-20T02:00:00,-12.0,5.91,91.3,0.0,5.6
2023-03-20T03:00:00,-11.7,5.41,88.6,0.0,3.2
2023-03-20T04:00:00,-11.3,5.02,92.2,0.0,2.1
2023-03-20T05:00:00,-10.9,4.75,90.3,0.0,1.4
2023-03-20T06:00:00,-10.7,4.3,89.9,2.4,0.6
2023-03-20T07:00:00,-10.7,3.71,90.3,14.1,0.1
2023-03-20T08:00:00,-11.0,3.32,87.9,21.9,0.0
2023-03-20T09:00:00,-11.3,3.16,92.4,30.8,0.0
2023-03-20T10:00:00,-12.1,2.72,92.1,36.2,0.0
2023-03-20T11:00:00,-12.5,2.83,92.6,31.4,0.0
2023-03-20T12:00:00,-12.6,2.79,91.8,36.6,0.0
2023-03-20T13:00:00,-13.6,3.96,93.8,40.9,0.3
2023-03-20T14:00:00,-13.2,4.59,91.0,31.5,1.0
2023-03-20T15:00:00,-13.2,4.75,90.9,31.5,1.3
2023-03-20T16:00:00,-13.3,4.73,89.7,17.8,1.3
2023-03-20T17:00:00,-13.8,4.41,95.3,11.5,0.8
2023-03-20T18:00:00,-13.6,4.7,90.7,2.1,1.3
2023-03-20T19:00:00,-13.1,5.21,92.0,0.0,2.4
2023-03-20T20:00:00,-12.6,5.91,91.3,0.0,5.6
2023-03-20T21:00:00,-12.3,6.51,93.9,0.0,9.2
2023-03-20T22:00:00,-12.3,6.63,93.4,0.0,9.4
2023-03-20T23:00:00,-12.3,5.73,88.9,0.0,4.5
2023-03-21T00:00:00,-13.2,5.41,90.2,0.0,3.2
2023-03-21T01:00:00,-13.2,3.42,90.9,0.0,0.0
2023-03-21T02:00:00,-12.9,1.91,93.3,0.0,0.0
2023-03-21T03:00:00,-12.5,3.54,91.0,0.0,0.1
2023-03-21T04:00:00,-13.2,3.41,92.5,0.0,0.0
2023-03-21T05:00:00,-13.4,2.72,94.1,0.0,0.0
2023-03-21T06:00:00,-14.0,4.07,88.5,1.3,0.4
2023-03-21T07:00:00,-14.3,3.1,95.9,9.7,0.0
2023-03-21T08:00:00,-14.0,2.8,93.4,17.1,0.0
2023-03-21T09:00:00,-13.7,3.22,91.5,23.8,0.0
2023-03-21T10:00:00,-13.7,3.11,92.4,35.7,0.0
2023-03-21T11:00:00,-14.3,3.09,95.7,30.4,0.0
2023-03-21T12:00:00,-13.3,2.75,87.7,36.5,0.0
2023-03-21T13:00:00,-13.7,3.28,93.0,30.7,0.0
2023-03-21T14:00:00,-13.6,3.96,92.1,34.0,0.3
2023-03-21T15:00:00,-14.0,4.46,93.5,27.3,0.9
2023-03-21T16:00:00,-15.4,3.83,95.9,18.5,0.2
2023-03-21T17:00:00,-17.2,2.58,92.4,10.2,0.0
2023-03-21T18:00:00,-16.8,2.28,90.2,1.3,0.0
2023-03-21T19:00:00,-16.6,2.51,90.1,0.0,0.0
2023-03-21T20:00:00,-16.5,2.61,90.7,0.0,0.0
2023-03-21T21:00:00,-16.0,1.8,91.8,0.0,0.0
2023-03-21T22:00:00,-14.8,1.6,92.9,0.0,0.0
2023-03-21T23:00:00,-15.4,1.99,93.6,0.0,0.0
2023-03-22T00:00:00,-17.2,3.62,93.3,0.0,0.1
2023-03-22T01:00:00,-17.5,3.62,95.0,0.0,0.1
2023-03-22T02:00:00,-16.8,3.64,92.7,0.0,0.1
2023-03-22T03:00:00,-16.1,3.72,93.4,0.0,0.1
2023-03-22T04:00:00,-15.9,4.15,93.8,0.0,0.5
2023-03-22T05:00:00,-15.6,4.65,91.5,0.0,1.1
2023-03-22T06:00:00,-15.4,4.51,91.3,0.0,1.0
2023-03-22T07:00:00,-15.3,3.8,91.3,12.0,0.2
2023-03-22T08:00:00,-15.1,2.57,94.7,18.6,0.0
2023-03-22T09:00:00,-14.9,1.2,91.1,27.9,0.0
2023-03-22T10:00:00,-15.1,1.39,93.0,31.7,0.0
2023-03-22T11:00:00,-16.1,1.91,93.5,30.3,0.0
2023-03-22T12:00:00,-14.3,0.36,94.1,31.6,0.0
2023-03-22T13:00:00,-14.3,0.9,89.9,30.9,0.0
2023-03-22T14:00:00,-14.4,1.42,95.6,31.8,0.0
2023-03-22T15:00:00,-15.8,5.83,95.8,29.7,4.9
2023-03-22T16:00:00,-17.2,7.75,92.8,18.3,19.8
2023-03-22T17:00:00,-18.9,6.0,92.4,12.8,6.0
2023-03-22T18:00:00,-20.1,4.95,94.9,0.0,1.8
2023-03-22T19:00:00,-21.0,3.85,93.4,0.0,0.2
2023-03-22T20:00:00,-21.7,2.97,95.6,0.0,0.0
2023-03-22T21:00:00,-21.9,2.8,96.4,0.0,0.0
2023-03-22T22:00:00,-20.8,3.83,94.5,0.0,0.2
2023-03-22T23:00:00,-20.1,5.13,96.3,0.0,2.3
2023-03-23T00:00:00,-19.1,5.52,96.0,0.0,3.7
2023-03-23T01:00:00,-18.8,5.64,98.9,0.0,4.3
2023-03-23T02:00:00,-18.1,5.59,92.2,0.0,4.1
2023-03-23T03:00:00,-17.6,5.52,90.6,0.0,3.9
2023-03-23T04:00:00,-17.2,5.91,96.6,0.0,5.1
2023-03-23T05:00:00,-17.0,6.55,95.0,0.0,9.4
2023-03-23T06:00:00,-16.5,6.75,89.7,0.0,11.2
2023-03-23T07:00:00,-16.2,6.84,92.9,8.6,11.7
2023-03-23T08:00:00,-15.8,6.17,90.0,19.0,7.1
2023-03-23T09:00:00,-15.5,5.17,90.9,21.0,2.4
2023-03-23T10:00:00,-16.0,4.42,89.0,27.7,0.8
2023-03-23T11:00:00,-16.8,3.77,91.7,33.7,0.1
2023-03-23T12:00:00,-16.2,4.77,93.8,33.6,1.5
2023-03-23T13:00:00,-17.4,3.96,96.4,38.8,0.3
2023-03-23T14:00:00,-17.6,2.62,97.1,32.2,0.0
2023-03-23T15:00:00,-15.3,1.84,94.8,26.8,0.0
2023-03-23T16:00:00,-14.6,1.73,91.4,20.9,0.0
2023-03-23T17:00:00,-15.3,2.85,92.2,10.1,0.0
2023-03-23T18:00:00,-14.5,3.98,93.3,0.0,0.3
2023-03-23T19:00:00,-14.5,4.14,90.8,0.0,0.4
2023-03-23T20:00:00,-14.9,2.77,93.3,0.0,0.0
2023-03-23T21:00:00,-14.0,3.42,91.8,0.0,0.0
2023-03-23T22:00:00,-13.7,3.58,89.2,0.0,0.1
2023-03-23T23:00:00,-13.2,3.86,91.2,0.0,0.2
2023-03-24T00:00:00,-12.8,1.84,91.8,0.0,0.0
2023-03-24T01:00:00,-11.3,1.17,91.6,0.0,0.0
2023-03-24T02:00:00,-13.8,3.54,91.7,0.0,0.1
2023-03-24T03:00:00,-12.4,4.58,90.5,0.0,1.0
2023-03-24T04:00:00,-12.7,4.44,93.4,0.0,0.8
2023-03-24T05:00:00,-12.2,3.83,90.8,0.0,0.2
2023-03-24T06:00:00,-12.1,4.03,93.2,0.0,0.3
2023-03-24T07:00:00,-12.7,4.7,90.0,8.0,1.3
2023-03-24T08:00:00,-13.2,5.21,94.1,16.9,2.6
2023-03-24T09:00:00,-13.8,4.0,90.6,23.0,0.3
2023-03-24T10:00:00,-14.1,3.51,92.9,31.8,0.0
2023-03-24T11:00:00,-15.0,3.86,95.9,28.2,0.2
2023-03-24T12:00:00,-13.7,4.14,90.4,32.8,0.4
2023-03-24T13:00:00,-13.5,4.93,91.2,29.9,1.7
2023-03-24T14:00:00,-14.0,3.8,95.7,28.0,0.2
2023-03-24T15:00:00,-14.2,2.84,91.9,21.9,0.0
2023-03-24T16:00:00,-14.8,3.3,90.1,16.1,0.0
2023-03-24T17:00:00,-15.3,2.83,93.8,8.3,0.0
2023-03-24T18:00:00,-15.4,2.55,92.3,0.0,0.0
2023-03-24T19:00:00,-15.7,2.2,93.3,0.0,0.0
2023-03-24T20:00:00,-15.8,3.01,90.5,0.0,0.0
2023-03-24T21:00:00,-15.4,4.12,91.7,0.0,0.4
2023-03-24T22:00:00,-15.2,4.47,93.4,0.0,0.8
2023-03-24T23:00:00,-15.5,4.25,91.3,0.0,0.5
2023-03-25T00:00:00,-13.0,5.8,92.1,0.0,4.7
2023-03-25T01:00:00,-12.5,6.18,88.9,0.0,7.0
2023-03-25T02:00:00,-12.3,6.69,91.6,0.0,10.6
2023-03-25T03:00:00,-12.1,7.83,88.8,0.0,21.8
2023-03-25T04:00:00,-12.2,8.41,90.7,0.0,28.1
2023-03-25T05:00:00,-12.0,8.14,89.2,0.0,25.4
2023-03-25T06:00:00,-11.7,8.16,89.5,0.0,25.5
2023-03-25T07:00:00,-11.4,8.89,90.8,8.9,35.1
2023-03-25T08:00:00,-11.0,8.07,93.2,16.1,23.1
2023-03-25T09:00:00,-11.1,7.75,94.3,26.0,21.1
2023-03-25T10:00:00,-11.0,7.42,90.3,25.4,17.2
2023-03-25T11:00:00,-11.0,6.86,90.2,33.2,11.3
2023-03-25T12:00:00,-10.9,6.26,87.2,33.5,7.4
2023-03-25T13:00:00,-11.6,5.66,89.5,30.8,4.4
2023-03-25T14:00:00,-10.8,5.68,90.6,32.6,4.3
2023-03-25T15:00:00,-10.7,5.97,92.1,23.3,5.7
2023-03-25T16:00:00,-10.4,6.48,87.1,19.6,8.8
2023-03-25T17:00:00,-10.3,6.71,91.5,9.6,10.6
2023-03-25T18:00:00,-10.2,6.9,89.7,0.0,11.6
2023-03-25T19:00:00,-9.8,6.4,88.8,0.0,8.6
2023-03-25T20:00:00,-9.6,6.52,88.1,0.0,8.7
2023-03-25T21:00:00,-9.5,6.34,88.5,0.0,7.6
2023-03-25T22:00:00,-9.5,6.31,89.1,0.0,7.9
2023-03-25T23:00:00,-9.5,6.26,90.5,0.0,7.2
2023-03-26T00:00:00,-9.6,6.72,91.4,0.0,10.0
2023-03-26T01:00:00,-9.3,6.63,88.9,0.0,9.7
2023-03-26T02:00:00,-9.1,6.44,91.8,0.0,8.1
2023-03-26T03:00:00,-9.0,5.59,86.2,0.0,3.9
2023-03-26T04:00:00,-8.8,5.8,88.5,0.0,5.1
2023-03-26T05:00:00,-8.5,5.41,88.3,0.0,3.4
2023-03-26T06:00:00,-8.1,4.53,90.9,0.0,0.9
2023-03-26T07:00:00,-7.9,4.46,92.8,6.8,0.9
2023-03-26T08:00:00,-7.5,4.9,91.1,16.5,1.8
2023-03-26T09:00:00,-7.2,5.45,91.4,27.3,3.5
2023-03-26T10:00:00,-7.2,6.02,89.9,26.4,5.7
2023-03-26T11:00:00,-7.2,6.94,83.2,33.0,12.6
2023-03-26T12:00:00,-7.8,7.83,90.3,30.2,21.6
2023-03-26T13:00:00,-7.4,8.79,90.4,29.0,34.6
2023-03-26T14:00:00,-7.3,8.03,90.4,33.3,24.9
2023-03-26T15:00:00,-7.2,7.28,88.7,26.0,15.0
2023-03-26T16:00:00,-7.5,6.4,93.7,18.4,8.4
2023-03-26T17:00:00,-7.5,6.43,89.5,7.8,8.7
2023-03-26T18:00:00,-7.5,6.71,89.7,0.0,9.9
2023-03-26T19:00:00,-7.5,6.86,87.7,0.0,12.1
2023-03-26T20:00:00,-7.4,7.42,89.2,0.0,16.0
2023-03-26T21:00:00,-7.3,7.57,90.2,0.0,18.9
2023-03-26T22:00:00,-7.2,7.69,92.1,0.0,20.3
2023-03-26T23:00:00,-7.3,7.88,90.1,0.0,21.4
2023-03-27T00:00:00,-7.4,9.43,91.2,0.0,46.2
2023-03-27T01:00:00,-6.8,9.78,88.1,0.0,54.2
2023-03-27T02:00:00,-7.2,7.63,91.0,0.0,19.8
2023-03-27T03:00:00,-7.1,6.66,90.3,0.0,9.6
2023-03-27T04:00:00,-6.7,5.97,90.3,0.0,5.6
2023-03-27T05:00:00,-6.4,5.94,87.4,0.0,5.4
2023-03-27T06:00:00,-6.2,5.63,92.3,0.0,4.2
2023-03-27T07:00:00,-6.0,5.85,92.9,8.0,5.1
2023-03-27T08:00:00,-5.8,6.71,88.6,14.9,10.2
2023-03-27T09:00:00,-5.7,6.71,90.9,24.4,10.9
2023-03-27T10:00:00,-5.7,6.93,91.3,24.7,12.7
2023-03-27T11:00:00,-5.8,6.75,88.6,27.1,11.3
2023-03-27T12:00:00,-6.9,6.62,88.5,37.8,9.8
2023-03-27T13:00:00,-7.2,5.79,87.0,27.4,4.6
2023-03-27T14:00:00,-7.8,5.67,89.2,28.9,4.5
2023-03-27T15:00:00,-7.3,6.23,87.2,21.8,7.3
2023-03-27T16:00:00,-7.3,5.54,95.0,15.0,3.7
2023-03-27T17:00:00,-7.3,5.35,87.0,7.8,2.9
2023-03-27T18:00:00,-7.4,5.44,87.9,0.0,3.5
2023-03-27T19:00:00,-7.4,5.57,90.0,0.0,3.9
2023-03-27T20:00:00,-7.6,5.76,92.0,0.0,4.5
2023-03-27T21:00:00,-7.9,5.85,88.9,0.0,5.4
2023-03-27T22:00:00,-8.1,5.92,88.1,0.0,5.6
2023-03-27T23:00:00,-8.4,6.04,91.5,0.0,6.2
2023-03-28T00:00:00,-8.1,4.24,88.4,0.0,0.5
2023-03-28T01:00:00,-8.5,4.47,89.5,0.0,0.9
2023-03-28T02:00:00,-8.6,5.0,91.3,0.0,2.0
2023-03-28T03:00:00,-9.0,6.0,93.3,0.0,5.6
2023-03-28T04:00:00,-9.2,6.14,86.7,0.0,6.4
2023-03-28T05:00:00,-8.4,6.92,91.6,0.0,12.3
2023-03-28T06:00:00,-8.1,6.4,96.0,0.0,8.0
2023-03-28T07:00:00,-8.4,3.71,90.4,7.3,0.1
2023-03-28T08:00:00,-9.4,3.26,91.2,15.6,0.0
2023-03-28T09:00:00,-10.5,5.03,87.6,18.6,2.1
2023-03-28T10:00:00,-11.4,4.0,90.0,24.3,0.3
2023-03-28T11:00:00,-11.7,3.48,93.3,30.3,0.0
2023-03-28T12:00:00,-9.2,3.4,86.8,27.1,0.0
2023-03-28T13:00:00,-10.2,3.28,90.1,31.6,0.0
2023-03-28T14:00:00,-10.8,2.28,93.0,30.2,0.0
2023-03-28T15:00:00,-10.9,1.36,89.4,22.4,0.0
2023-03-28T16:00:00,-10.9,2.01,89.5,18.1,0.0
2023-03-28T17:00:00,-11.0,1.5,92.2,5.6,0.0
2023-03-28T18:00:00,-11.1,2.55,89.1,0.0,0.0
2023-03-28T19:00:00,-11.0,3.32,92.1,0.0,0.0
2023-03-28T20:00:00,-11.1,3.41,93.9,0.0,0.0
2023-03-28T21:00:00,-11.0,4.36,91.9,0.0,0.7
2023-03-28T22:00:00,-11.4,4.16,92.1,0.0,0.5
2023-03-28T23:00:00,-12.3,3.85,88.7,0.0,0.2
2023-03-29T00:00:00,-12.7,6.17,90.3,0.0,6.6
2023-03-29T01:00:00,-12.8,5.52,94.3,0.0,3.6
2023-03-29T02:00:00,-13.4,5.2,91.1,0.0,2.4
2023-03-29T03:00:00,-13.6,5.01,93.4,0.0,2.1
2023-03-29T04:00:00,-13.1,4.8,89.9,0.0,1.5
2023-03-29T05:00:00,-12.7,4.73,90.0,0.0,1.3
2023-03-29T06:00:00,-12.4,4.41,92.9,0.0,0.8
2023-03-29T07:00:00,-12.1,3.77,93.2,6.9,0.1
2023-03-29T08:00:00,-12.2,2.82,91.1,15.3,0.0
2023-03-29T09:00:00,-12.5,2.12,93.7,22.0,0.0
2023-03-29T10:00:00,-12.3,1.7,89.1,28.1,0.0
2023-03-29T11:00:00,-12.8,2.01,87.9,25.6,0.0
2023-03-29T12:00:00,-13.5,2.02,90.2,28.5,0.0
2023-03-29T13:00:00,-15.5,3.3,95.0,33.4,0.0
2023-03-29T14:00:00,-14.8,4.65,90.7,30.5,1.2
2023-03-29T15:00:00,-14.8,5.32,89.9,23.6,2.9
2023-03-29T16:00:00,-14.9,5.31,92.2,13.7,2.8
2023-03-29T17:00:00,-14.9,5.41,96.7,6.8,3.3
2023-03-29T18:00:00,-15.0,5.52,94.4,0.0,3.6
2023-03-29T19:00:00,-15.0,5.73,92.2,0.0,4.7
2023-03-29T20:00:00,-15.0,5.81,92.2,0.0,4.8
2023-03-29T21:00:00,-15.1,5.71,95.9,0.0,4.4
2023-03-29T22:00:00,-15.3,5.81,90.1,0.0,4.8
2023-03-29T23:00:00,-15.5,5.9,94.9,0.0,5.2
2023-03-30T00:00:00,-15.6,6.41,92.1,0.0,8.0
2023-03-30T01:00:00,-15.9,6.61,95.4,0.0,9.2
2023-03-30T02:00:00,-16.0,6.7,97.1,0.0,10.7
2023-03-30T03:00:00,-15.8,6.4,93.1,0.0,8.6
2023-03-30T04:00:00,-15.5,5.9,93.8,0.0,5.6
2023-03-30T05:00:00,-15.4,5.4,89.4,0.0,3.3
2023-03-30T06:00:00,-15.3,5.0,94.1,0.0,1.9
2023-03-30T07:00:00,-15.2,4.52,92.8,4.5,1.0
2023-03-30T08:00:00,-15.4,4.04,93.9,15.1,0.3
2023-03-30T09:00:00,-16.0,3.65,96.1,19.3,0.1
2023-03-30T10:00:00,-16.3,3.91,90.3,26.8,0.2
2023-03-30T11:00:00,-16.6,4.5,92.0,28.3,0.9
2023-03-30T12:00:00,-16.5,6.26,91.2,25.9,7.5
2023-03-30T13:00:00,-16.6,6.87,94.6,29.4,12.3
2023-03-30T14:00:00,-16.5,6.97,92.6,27.2,12.5
2023-03-30T15:00:00,-16.6,6.91,92.7,22.9,12.5
2023-03-30T16:00:00,-17.2,6.7,92.6,13.1,10.4
2023-03-30T17:00:00,-17.5,7.1,93.1,4.9,14.2
2023-03-30T18:00:00,-17.4,7.42,91.3,0.0,17.0
2023-03-30T19:00:00,-17.4,7.42,93.7,0.0,17.4
2023-03-30T20:00:00,-17.3,7.51,91.5,0.0,17.9
2023-03-30T21:00:00,-16.9,7.8,91.4,0.0,21.2
2023-03-30T22:00:00,-17.3,7.82,97.6,0.0,21.8
2023-03-30T23:00:00,-17.6,7.88,93.2,0.0,21.5
2023-03-31T00:00:00,-18.4,8.78,91.6,0.0,35.3
2023-03-31T01:00:00,-18.6,7.92,96.2,0.0,22.4
2023-03-31T02:00:00,-18.8,7.61,90.4,0.0,18.2
2023-03-31T03:00:00,-18.7,7.21,95.1,0.0,14.4
2023-03-31T04:00:00,-18.5,6.68,92.9,0.0,10.0
2023-03-31T05:00:00,-18.3,5.59,96.0,0.0,4.0
2023-03-31T06:00:00,-18.2,4.52,93.0,0.0,0.9
2023-03-31T07:00:00,-18.3,4.03,91.4,5.1,0.3
2023-03-31T08:00:00,-18.1,4.44,95.7,12.4,0.8
2023-03-31T09:00:00,-18.3,4.32,91.5,19.1,0.7
2023-03-31T10:00:00,-19.0,4.09,92.2,23.5,0.4
2023-03-31T11:00:00,-19.4,4.43,96.7,24.9,0.8
2023-03-31T12:00:00,-20.3,4.57,93.2,28.7,1.1
2023-03-31T13:00:00,-19.2,5.23,93.4,29.2,2.7
2023-03-31T14:00:00,-18.7,5.43,92.7,22.3,3.3
2023-03-31T15:00:00,-18.7,5.21,93.7,19.6,2.5
2023-03-31T16:00:00,-18.8,5.01,94.0,13.8,2.0
2023-03-31T17:00:00,-18.5,5.42,98.4,4.0,3.2
2023-03-31T18:00:00,-18.0,6.01,93.4,0.0,6.1
2023-03-31T19:00:00,-17.7,6.0,92.8,0.0,5.8
2023-03-31T20:00:00,-17.9,5.7,91.0,0.0,4.5
2023-03-31T21:00:00,-17.6,5.9,92.6,0.0,5.4
2023-03-31T22:00:00,-17.1,6.61,93.5,0.0,9.3
2023-03-31T23:00:00,-16.8,7.1,91.3,0.0,13.9
2023-04-01T00:00:00,-16.3,6.83,94.6,0.0,11.6
2023-04-01T01:00:00,-16.3,6.85,91.8,0.0,11.1
2023-04-01T02:00:00,-16.0,6.89,93.3,0.0,11.9
2023-04-01T03:00:00,-16.0,6.48,92.7,0.0,8.8
2023-04-01T04:00:00,-15.4,6.56,92.7,0.0,9.1
2023-04-01T05:00:00,-14.7,6.81,89.5,0.0,10.9
2023-04-01T06:00:00,-14.6,7.01,90.8,0.0,13.4
2023-04-01T07:00:00,-14.5,6.7,93.9,4.0,10.8
2023-04-01T08:00:00,-14.1,6.8,93.4,11.9,10.6
2023-04-01T09:00:00,-13.8,7.21,93.1,23.2,15.0
2023-04-01T10:00:00,-13.5,7.5,90.3,27.7,16.9
2023-04-01T11:00:00,-12.7,8.0,91.3,27.4,22.2
2023-04-01T12:00:00,-12.8,7.83,90.9,25.9,20.7
2023-04-01T13:00:00,-11.9,8.71,90.7,24.1,33.8
2023-04-01T14:00:00,-11.5,9.62,89.2,21.6,48.2
2023-04-01T15:00:00,-11.3,10.03,89.1,21.7,57.7
2023-04-01T16:00:00,-11.2,9.76,89.6,13.1,52.8
2023-04-01T17:00:00,-10.9,9.39,86.2,3.4,46.9
2023-04-01T18:00:00,-10.5,8.88,90.2,0.0,37.3
2023-04-01T19:00:00,-10.3,8.45,91.9,0.0,30.5
2023-04-01T20:00:00,-10.4,7.5,87.2,0.0,17.6
2023-04-01T21:00:00,-9.8,8.39,91.3,0.0,27.6
2023-04-01T22:00:00,-9.4,8.71,90.5,0.0,33.5
2023-04-01T23:00:00,-9.1,8.46,88.8,0.0,28.7
2023-04-02T00:00:00,-8.4,9.1,92.5,0.0,41.4
2023-04-02T01:00:00,-8.0,9.08,87.7,0.0,41.2
2023-04-02T02:00:00,-7.7,8.98,89.6,0.0,37.6
2023-04-02T03:00:00,-7.4,8.82,88.3,0.0,35.3
2023-04-02T04:00:00,-7.2,8.59,90.9,0.0,30.6
2023-04-02T05:00:00,-6.9,8.32,89.0,0.0,26.4
2023-04-02T06:00:00,-6.7,7.56,89.7,0.0,18.3
2023-04-02T07:00:00,-6.2,8.57,88.1,2.4,31.5
2023-04-02T08:00:00,-5.8,9.34,91.4,10.2,44.3
2023-04-02T09:00:00,-5.6,9.49,86.7,20.2,48.9
2023-04-02T10:00:00,-5.5,8.74,90.3,22.6,34.4
2023-04-02T11:00:00,-5.2,9.14,96.4,25.9,39.6
2023-04-02T12:00:00,-5.2,10.22,88.8,27.1,64.9
2023-04-02T13:00:00,-4.7,10.3,88.3,31.1,64.3
2023-04-02T14:00:00,-4.3,10.1,90.0,22.9,58.2
2023-04-02T15:00:00,-4.2,8.63,88.1,19.2,33.1
2023-04-02T16:00:00,-4.3,7.6,89.8,14.1,17.7
2023-04-02T17:00:00,-4.2,7.41,91.2,2.6,15.9
2023-04-02T18:00:00,-3.7,7.78,91.5,0.0,21.2
2023-04-02T19:00:00,-3.9,5.39,90.7,0.0,3.1
2023-04-02T20:00:00,-2.9,7.64,89.3,0.0,18.7
2023-04-02T21:00:00,-2.0,14.07,88.6,0.0,109.4
2023-04-02T22:00:00,-1.8,14.22,93.6,0.0,114.5
2023-04-02T23:00:00,-1.7,13.26,93.9,0.0,109.8
2023-04-03T00:00:00,-2.2,14.71,91.5,0.0,116.5
2023-04-03T01:00:00,-2.3,15.7,91.9,0.0,113.7
2023-04-03T02:00:00,-2.5,15.6,87.1,0.0,117.7
2023-04-03T03:00:00,-2.5,15.97,89.8,0.0,113.7
2023-04-03T04:00:00,-2.5,15.02,91.1,0.0,115.9
2023-04-03T05:00:00,-2.6,13.47,92.3,0.0,113.0
2023-04-03T06:00:00,-2.7,12.23,93.2,0.0,113.8
2023-04-03T07:00:00,-2.9,10.26,89.2,2.2,64.9
2023-04-03T08:00:00,-3.1,8.85,84.9,11.6,34.0
2023-04-03T09:00:00,-3.4,7.79,91.0,17.1,20.1
2023-04-03T10:00:00,-3.6,7.34,90.7,23.1,15.1
2023-04-03T11:00:00,-3.9,6.36,89.6,29.7,8.3
2023-04-03T12:00:00,-4.2,5.63,92.0,28.3,4.2
2023-04-03T13:00:00,-4.6,6.26,91.5,27.9,7.1
2023-04-03T14:00:00,-4.3,6.86,88.0,27.7,11.2
2023-04-03T15:00:00,-4.3,7.21,87.2,15.9,15.3
2023-04-03T16:00:00,-4.2,6.54,91.7,11.1,8.8
2023-04-03T17:00:00,-4.4,6.07,91.8,1.7,6.2
2023-04-03T18:00:00,-4.5,6.48,87.5,0.0,9.1
2023-04-03T19:00:00,-4.5,7.34,88.4,0.0,15.1
2023-04-03T20:00:00,-4.7,7.46,89.6,0.0,17.0
2023-04-03T21:00:00,-4.6,7.53,92.3,0.0,17.1
2023-04-03T22:00:00,-4.4,8.15,88.5,0.0,24.7
2023-04-03T23:00:00,-4.1,8.59,88.8,0.0,31.5
2023-04-04T00:00:00,-4.0,9.01,87.5,0.0,38.3
2023-04-04T01:00:00,-4.2,9.18,90.1,0.0,42.9
2023-04-04T02:00:00,-4.1,8.86,91.8,0.0,34.4
2023-04-04T03:00:00,-4.0,9.37,91.7,0.0,44.1
2023-04-04T04:00:00,-3.8,9.52,89.9,0.0,48.9
2023-04-04T05:00:00,-3.6,9.66,93.9,0.0,49.1
2023-04-04T06:00:00,-3.5,9.34,88.2,0.0,43.5
2023-04-04T07:00:00,-3.5,9.15,89.1,1.2,40.2
2023-04-04T08:00:00,-3.6,9.01,91.3,9.3,39.3
2023-04-04T09:00:00,-3.7,8.93,93.7,16.7,38.3
2023-04-04T10:00:00,-4.4,8.76,90.5,19.4,32.6
2023-04-04T11:00:00,-4.7,8.76,90.7,30.0,34.8
2023-04-04T12:00:00,-5.0,8.22,86.3,28.3,27.0
2023-04-04T13:00:00,-5.7,8.55,89.2,25.9,30.2
2023-04-04T14:00:00,-6.2,8.5,89.9,23.9,30.6
2023-04-04T15:00:00,-6.8,8.49,90.0,18.5,30.1
2023-04-04T16:00:00,-7.3,8.45,91.4,10.1,27.9
2023-04-04T17:00:00,-7.7,8.26,88.6,1.0,27.5
2023-04-04T18:00:00,-8.0,7.92,90.7,0.0,22.9
2023-04-04T19:00:00,-8.3,7.6,88.3,0.0,17.7
2023-04-04T20:00:00,-8.5,7.07,92.3,0.0,12.8
2023-04-04T21:00:00,-8.8,6.76,91.1,0.0,10.5
2023-04-04T22:00:00,-9.0,6.48,89.6,0.0,8.4
2023-04-04T23:00:00,-9.2,6.51,91.4,0.0,9.2
2023-04-05T00:00:00,-9.5,6.73,88.5,0.0,10.7
2023-04-05T01:00:00,-9.5,6.75,92.8,0.0,10.9
2023-04-05T02:00:00,-9.7,6.77,89.4,0.0,10.6
2023-04-05T03:00:00,-9.8,6.75,88.6,0.0,10.5
2023-04-05T04:00:00,-9.6,6.21,91.5,0.0,7.3
2023-04-05T05:00:00,-9.3,5.91,89.1,0.0,5.1
2023-04-05T06:00:00,-9.2,5.64,85.4,0.0,4.4
2023-04-05T07:00:00,-9.1,5.33,91.4,0.0,2.9
2023-04-05T08:00:00,-9.2,5.12,93.9,10.3,2.2
2023-04-05T09:00:00,-9.4,5.0,87.4,18.4,1.9
2023-04-05T10:00:00,-9.8,5.0,89.8,23.4,1.9
2023-04-05T11:00:00,-10.3,5.02,88.6,24.0,2.0
2023-04-05T12:00:00,-12.5,3.75,92.2,31.5,0.1
2023-04-05T13:00:00,-11.3,4.95,89.2,28.5,1.7
2023-04-05T14:00:00,-11.4,5.0,89.8,25.1,1.9
2023-04-05T15:00:00,-11.2,5.22,90.9,18.6,2.6
2023-04-05T16:00:00,-11.1,5.41,92.2,10.0,3.2
2023-04-05T17:00:00,-11.1,5.31,91.3,0.0,2.9
2023-04-05T18:00:00,-11.2,5.11,92.8,0.0,2.3
2023-04-05T19:00:00,-11.2,5.1,89.2,0.0,2.2
2023-04-05T20:00:00,-11.2,5.41,91.5,0.0,3.2
2023-04-05T21:00:00,-11.1,6.03,89.4,0.0,6.0
2023-04-05T22:00:00,-11.0,6.41,88.1,0.0,7.9
2023-04-05T23:00:00,-11.0,6.62,92.3,0.0,9.6
2023-04-06T00:00:00,-11.5,6.68,95.3,0.0,10.7
2023-04-06T01:00:00,-11.2,6.87,92.0,0.0,12.2
2023-04-06T02:00:00,-11.4,6.4,90.2,0.0,8.0
2023-04-06T03:00:00,-11.3,5.85,89.4,0.0,5.1
2023-04-06T04:00:00,-10.9,5.79,90.7,0.0,4.8
2023-04-06T05:00:00,-10.6,5.7,90.4,0.0,4.5
2023-04-06T06:00:00,-10.2,5.26,93.7,0.0,2.7
2023-04-06T07:00:00,-10.0,4.93,91.6,0.0,1.8
2023-04-06T08:00:00,-9.7,5.22,88.8,8.4,2.7
2023-04-06T09:00:00,-9.7,5.43,89.0,18.2,3.2
2023-04-06T10:00:00,-10.2,5.5,88.5,23.4,3.6
2023-04-06T11:00:00,-10.6,5.91,93.3,23.7,5.6
2023-04-06T12:00:00,-10.9,6.17,90.2,23.4,6.6
2023-04-06T13:00:00,-10.3,6.3,92.7,23.9,7.7
2023-04-06T14:00:00,-10.3,6.1,88.0,18.8,6.2
2023-04-06T15:00:00,-10.2,6.11,90.6,18.8,6.6
2023-04-06T16:00:00,-9.1,6.0,89.5,9.9,5.9
2023-04-06T17:00:00,-8.2,6.31,88.8,0.0,7.7
2023-04-06T18:00:00,-8.3,5.81,88.9,0.0,4.7
2023-04-06T19:00:00,-8.9,6.0,89.3,0.0,5.9
2023-04-06T20:00:00,-9.4,6.4,90.2,0.0,8.1
2023-04-06T21:00:00,-9.9,6.61,91.7,0.0,10.2
2023-04-06T22:00:00,-10.3,6.45,94.8,0.0,8.6
2023-04-06T23:00:00,-10.5,6.41,91.1,0.0,8.5
2023-04-07T00:00:00,-11.3,5.64,94.1,0.0,4.3
2023-04-07T01:00:00,-10.7,5.91,95.2,0.0,5.5
2023-04-07T02:00:00,-10.6,5.95,88.8,0.0,5.5
2023-04-07T03:00:00,-10.3,6.08,89.7,0.0,6.3
2023-04-07T04:00:00,-9.7,6.0,91.2,0.0,5.8
2023-04-07T05:00:00,-9.1,6.25,89.9,0.0,7.5
2023-04-07T06:00:00,-8.8,6.4,89.6,0.0,8.3
2023-04-07T07:00:00,-8.4,6.32,94.9,0.0,7.4
2023-04-07T08:00:00,-8.3,6.2,86.4,9.6,6.8
2023-04-07T09:00:00,-8.3,6.08,87.3,18.8,6.5
2023-04-07T10:00:00,-8.4,6.03,90.0,22.9,5.9
2023-04-07T11:00:00,-9.1,6.1,89.0,23.3,6.5
2023-04-07T12:00:00,-7.6,6.67,85.9,25.5,10.6
2023-04-07T13:00:00,-8.2,6.91,93.1,23.8,11.8
2023-04-07T14:00:00,-9.5,6.61,90.2,23.6,9.8
2023-04-07T15:00:00,-9.6,6.41,90.0,15.5,8.7
2023-04-07T16:00:00,-9.6,6.1,89.7,9.6,6.3
2023-04-07T17:00:00,-10.0,6.11,89.6,0.0,6.7
2023-04-07T18:00:00,-10.2,6.21,93.5,0.0,6.9
2023-04-07T19:00:00,-10.4,6.22,92.7,0.0,7.3
2023-04-07T20:00:00,-10.5,6.23,88.6,0.0,7.1
2023-04-07T21:00:00,-10.7,6.24,89.0,0.0,7.2
2023-04-07T22:00:00,-10.9,6.26,87.1,0.0,7.0
2023-04-07T23:00:00,-11.0,6.26,87.6,0.0,7.2
2023-04-08T00:00:00,-10.8,6.04,89.4,0.0,6.1
2023-04-08T01:00:00,-10.4,5.59,88.9,0.0,3.8
2023-04-08T02:00:00,-10.6,5.35,91.9,0.0,3.1
2023-04-08T03:00:00,-10.5,5.16,89.4,0.0,2.4
2023-04-08T04:00:00,-10.2,5.15,90.0,0.0,2.3
2023-04-08T05:00:00,-9.8,5.31,91.0,0.0,2.9
2023-04-08T06:00:00,-9.4,5.5,89.1,0.0,3.7
2023-04-08T07:00:00,-9.0,5.63,90.0,0.0,4.2
2023-04-08T08:00:00,-8.9,5.42,89.9,8.4,3.1
2023-04-08T09:00:00,-9.1,5.5,89.5,17.2,3.5
2023-04-08T10:00:00,-9.3,5.81,89.7,19.1,5.0
2023-04-08T11:00:00,-9.6,6.33,87.4,21.4,7.5
2023-04-08T12:00:00,-10.6,6.4,90.8,25.8,8.3
2023-04-08T13:00:00,-10.4,6.5,90.2,23.7,8.9
2023-04-08T14:00:00,-10.5,6.3,90.2,21.3,7.7
2023-04-08T15:00:00,-10.5,6.31,87.8,13.7,8.0
2023-04-08T16:00:00,-10.6,6.41,88.8,7.9,8.1
2023-04-08T17:00:00,-10.8,6.21,91.0,0.0,7.2
2023-04-08T18:00:00,-10.9,5.92,90.4,0.0,5.3
2023-04-08T19:00:00,-11.1,5.74,92.6,0.0,4.7
2023-04-08T20:00:00,-11.1,5.71,92.0,0.0,4.3
2023-04-08T21:00:00,-11.2,5.7,90.0,0.0,4.3
2023-04-08T22:00:00,-11.4,5.76,90.5,0.0,4.9
2023-04-08T23:00:00,-11.5,6.01,91.1,0.0,5.8
2023-04-09T00:00:00,-10.3,6.5,89.9,0.0,8.7
2023-04-09T01:00:00,-10.1,6.31,92.3,0.0,7.3
2023-04-09T02:00:00,-10.4,6.32,88.3,0.0,7.5
2023-04-09T03:00:00,-10.7,6.0,89.7,0.0,5.7
2023-04-09T04:00:00,-10.3,5.81,90.8,0.0,5.1
2023-04-09T05:00:00,-10.0,5.41,89.6,0.0,3.3
2023-04-09T06:00:00,-9.7,4.95,86.4,0.0,1.9
2023-04-09T07:00:00,-9.8,4.79,91.7,0.0,1.5
2023-04-09T08:00:00,-9.9,4.9,89.6,8.5,1.8
2023-04-09T09:00:00,-10.0,4.88,92.2,17.0,1.6
2023-04-09T10:00:00,-10.7,4.69,90.7,18.4,1.3
2023-04-09T11:00:00,-11.5,5.02,89.3,22.9,2.1
2023-04-09T12:00:00,-10.4,5.51,92.5,28.2,3.8
2023-04-09T13:00:00,-11.0,5.9,89.4,22.9,5.1
2023-04-09T14:00:00,-11.2,5.9,93.1,17.8,5.4
2023-04-09T15:00:00,-11.4,5.73,91.2,14.1,4.8
2023-04-09T16:00:00,-11.2,5.97,90.2,7.0,5.6
2023-04-09T17:00:00,-11.4,6.17,88.8,0.0,6.7
2023-04-09T18:00:00,-11.5,6.17,89.4,0.0,6.9
2023-04-09T19:00:00,-11.6,6.04,89.9,0.0,6.3
2023-04-09T20:00:00,-11.4,6.01,89.3,0.0,5.7
2023-04-09T21:00:00,-11.2,6.1,93.3,0.0,6.6
2023-04-09T22:00:00,-11.4,6.3,87.8,0.0,7.4
2023-04-09T23:00:00,-11.6,6.5,92.9,0.0,8.6
2023-04-10T00:00:00,-11.5,7.4,90.6,0.0,17.2
2023-04-10T01:00:00,-11.6,7.53,93.3,0.0,18.0
2023-04-10T02:00:00,-11.4,7.23,88.2,0.0,14.4
2023-04-10T03:00:00,-11.3,7.06,91.1,0.0,13.2
2023-04-10T04:00:00,-11.4,7.12,91.5,0.0,14.5
2023-04-10T05:00:00,-11.5,7.02,88.6,0.0,12.5
2023-04-10T06:00:00,-11.5,6.75,89.7,0.0,10.6
2023-04-10T07:00:00,-11.4,6.55,90.9,0.0,9.0
2023-04-10T08:00:00,-11.3,6.32,91.3,6.4,7.5
2023-04-10T09:00:00,-11.3,5.9,89.8,14.1,5.5
2023-04-10T10:00:00,-11.3,5.87,89.7,17.6,5.2
2023-04-10T11:00:00,-11.4,6.04,89.9,23.2,6.0
2023-04-10T12:00:00,-12.0,6.34,92.3,25.6,7.5
2023-04-10T13:00:00,-12.1,6.41,92.7,25.5,8.7
2023-04-10T14:00:00,-12.0,6.61,88.6,20.6,10.1
2023-04-10T15:00:00,-11.8,6.71,88.2,12.6,10.5
2023-04-10T16:00:00,-11.6,6.73,91.3,5.6,10.4
2023-04-10T17:00:00,-11.6,7.16,90.1,0.0,14.8
2023-04-10T18:00:00,-12.1,7.11,93.0,0.0,14.1
2023-04-10T19:00:00,-12.0,6.9,94.8,0.0,11.6
2023-04-10T20:00:00,-11.9,6.7,87.1,0.0,10.2
2023-04-10T21:00:00,-11.8,6.6,89.6,0.0,9.1
2023-04-10T22:00:00,-11.9,6.4,93.0,0.0,7.9
2023-04-10T23:00:00,-11.8,6.14,90.3,0.0,6.5
2023-04-11T00:00:00,-11.6,5.8,93.4,0.0,4.7
2023-04-11T01:00:00,-11.4,6.04,92.1,0.0,6.1
2023-04-11T02:00:00,-11.0,6.71,91.9,0.0,10.0
2023-04-11T03:00:00,-11.1,6.82,90.9,0.0,11.0
2023-04-11T04:00:00,-11.0,6.31,89.0,0.0,7.7
2023-04-11T05:00:00,-11.1,5.71,88.9,0.0,4.7
2023-04-11T06:00:00,-10.6,5.52,90.9,0.0,3.8
2023-04-11T07:00:00,-10.4,5.0,88.5,0.0,1.9
2023-04-11T08:00:00,-10.3,4.91,92.9,5.6,1.7
2023-04-11T09:00:00,-10.8,5.5,89.0,12.7,3.5
2023-04-11T10:00:00,-11.4,5.61,92.0,17.9,3.9
2023-04-11T11:00:00,-11.4,6.01,87.4,23.8,5.8
2023-04-11T12:00:00,-10.7,6.45,88.4,20.4,9.0
2023-04-11T13:00:00,-10.2,6.61,91.9,20.0,9.6
2023-04-11T14:00:00,-10.0,6.87,93.7,18.0,11.6
2023-04-11T15:00:00,-9.9,6.2,89.2,13.6,7.3
2023-04-11T16:00:00,-9.6,5.9,89.6,6.0,5.1
2023-04-11T17:00:00,-9.3,5.61,87.4,0.0,3.9
2023-04-11T18:00:00,-9.1,4.72,88.4,0.0,1.3
2023-04-11T19:00:00,-9.1,4.5,89.5,0.0,0.9
2023-04-11T20:00:00,-9.2,4.81,89.9,0.0,1.4
2023-04-11T21:00:00,-9.6,5.11,88.1,0.0,2.3
2023-04-11T22:00:00,-10.0,5.06,89.6,0.0,2.0
2023-04-11T23:00:00,-10.0,5.59,91.5,0.0,3.9
2023-04-12T00:00:00,-9.6,5.0,93.1,0.0,2.0
2023-04-12T01:00:00,-9.9,4.63,91.5,0.0,1.2
2023-04-12T02:00:00,-11.5,5.19,91.5,0.0,2.5
2023-04-12T03:00:00,-12.4,5.69,91.1,0.0,4.5
2023-04-12T04:00:00,-12.5,5.79,89.0,0.0,5.0
2023-04-12T05:00:00,-12.7,5.69,94.1,0.0,4.4
2023-04-12T06:00:00,-12.9,5.01,94.0,0.0,2.1
2023-04-12T07:00:00,-13.1,4.89,91.9,0.0,1.7
2023-04-12T08:00:00,-13.4,5.02,92.3,5.7,2.1
2023-04-12T09:00:00,-13.7,5.32,92.9,12.1,2.9
2023-04-12T10:00:00,-14.2,5.37,94.5,16.4,3.0
2023-04-12T11:00:00,-14.9,5.24,90.1,20.8,2.7
2023-04-12T12:00:00,-15.6,6.41,92.2,25.2,8.7
2023-04-12T13:00:00,-16.3,7.05,90.6,23.9,13.6
2023-04-12T14:00:00,-16.6,7.02,93.5,20.2,13.6
2023-04-12T15:00:00,-16.6,7.24,95.3,11.0,15.6
2023-04-12T16:00:00,-16.1,6.69,91.0,5.5,10.8
2023-04-12T17:00:00,-16.5,5.14,90.7,0.0,2.4
2023-04-12T18:00:00,-16.4,5.26,90.8,0.0,2.7
2023-04-12T19:00:00,-15.1,6.47,91.9,0.0,8.9
2023-04-12T20:00:00,-14.6,6.62,91.3,0.0,9.3
2023-04-12T21:00:00,-14.8,5.6,91.5,0.0,3.9
2023-04-12T22:00:00,-14.5,6.91,93.3,0.0,11.8
2023-04-12T23:00:00,-14.3,6.33,90.2,0.0,7.6
2023-04-13T00:00:00,-15.9,4.75,93.2,0.0,1.3
2023-04-13T01:00:00,-14.9,5.87,91.8,0.0,5.4
2023-04-13T02:00:00,-13.8,6.43,93.7,0.0,8.8
2023-04-13T03:00:00,-13.2,6.28,93.8,0.0,7.5
2023-04-13T04:00:00,-12.5,5.51,89.9,0.0,3.7
2023-04-13T05:00:00,-11.8,4.82,88.8,0.0,1.5
2023-04-13T06:00:00,-11.4,4.22,88.9,0.0,0.5
2023-04-13T07:00:00,-10.6,4.88,90.0,0.0,1.6
2023-04-13T08:00:00,-9.4,6.59,90.9,4.8,9.9
2023-04-13T09:00:00,-9.5,6.31,87.2,13.7,7.6
2023-04-13T10:00:00,-9.8,5.16,92.4,17.4,2.4
2023-04-13T11:00:00,-9.4,5.41,86.9,21.8,3.1
2023-04-13T12:00:00,-7.7,6.64,87.7,23.7,10.0
2023-04-13T13:00:00,-7.2,7.03,86.9,24.1,12.6
2023-04-13T14:00:00,-6.8,6.46,90.0,15.6,8.9
2023-04-13T15:00:00,-6.6,6.5,91.2,14.2,9.0
2023-04-13T16:00:00,-6.4,6.8,90.5,5.0,11.3
2023-04-13T17:00:00,-6.4,7.1,90.0,0.0,13.3
2023-04-13T18:00:00,-6.2,7.0,93.1,0.0,12.9
2023-04-13T19:00:00,-5.9,6.7,91.5,0.0,10.4
2023-04-13T20:00:00,-5.8,6.84,87.4,0.0,11.9
2023-04-13T21:00:00,-5.6,7.07,86.6,0.0,12.9
2023-04-13T22:00:00,-5.7,6.65,89.3,0.0,9.5
2023-04-13T23:00:00,-5.7,6.55,88.2,0.0,9.3
2023-04-14T00:00:00,-5.6,7.37,89.2,0.0,16.6
2023-04-14T01:00:00,-5.4,7.2,87.0,0.0,14.0
2023-04-14T02:00:00,-5.2,7.62,89.8,0.0,18.8
2023-04-14T03:00:00,-5.1,8.1,91.0,0.0,25.0
2023-04-14T04:00:00,-4.8,8.27,87.6,0.0,27.9
2023-04-14T05:00:00,-4.7,7.98,90.1,0.0,24.2
2023-04-14T06:00:00,-4.6,7.69,90.8,0.0,19.8
2023-04-14T07:00:00,-4.7,6.91,91.0,0.0,12.1
2023-04-14T08:00:00,-5.0,6.77,91.9,4.4,10.5
2023-04-14T09:00:00,-5.4,6.87,89.2,13.0,11.8
2023-04-14T10:00:00,-5.4,7.04,89.3,16.4,12.5
2023-04-14T11:00:00,-5.6,7.2,92.1,18.4,14.3
2023-04-14T12:00:00,-6.7,7.28,93.2,18.1,15.8
2023-04-14T13:00:00,-6.9,7.47,86.9,21.7,17.0
2023-04-14T14:00:00,-7.4,7.22,92.5,19.7,14.3
2023-04-14T15:00:00,-7.4,6.95,90.3,12.8,12.2
2023-04-14T16:00:00,-7.2,6.86,91.6,4.3,11.2
2023-04-14T17:00:00,-6.7,6.79,92.3,0.0,10.7
2023-04-14T18:00:00,-6.4,6.84,91.0,0.0,11.8
2023-04-14T19:00:00,-6.6,7.1,91.3,0.0,13.0
2023-04-14T20:00:00,-6.7,7.2,85.9,0.0,13.9
2023-04-14T21:00:00,-6.6,7.12,88.1,0.0,14.0
2023-04-14T22:00:00,-6.4,6.96,86.7,0.0,12.3
2023-04-14T23:00:00,-6.6,7.44,89.0,0.0,17.7
2023-04-15T00:00:00,-5.8,7.93,92.1,0.0,23.4
2023-04-15T01:00:00,-5.5,7.61,90.9,0.0,17.8
2023-04-15T02:00:00,-6.1,6.11,88.0,0.0,6.5
2023-04-15T03:00:00,-6.4,5.81,89.6,0.0,4.9
2023-04-15T04:00:00,-6.2,6.12,89.1,0.0,6.9
2023-04-15T05:00:00,-6.1,6.92,84.8,0.0,12.4
2023-04-15T06:00:00,-6.0,7.4,88.7,0.0,15.8
2023-04-15T07:00:00,-5.8,7.3,92.8,0.0,15.9
2023-04-15T08:00:00,-5.8,7.21,93.6,2.9,14.9
2023-04-15T09:00:00,-5.8,7.11,90.8,9.4,13.1
2023-04-15T10:00:00,-5.6,7.5,92.2,15.3,16.8
2023-04-15T11:00:00,-5.6,7.52,89.4,21.4,17.7
2023-04-15T12:00:00,-5.8,7.6,88.1,20.4,18.0
2023-04-15T13:00:00,-6.0,7.81,89.3,19.3,21.2
2023-04-15T14:00:00,-6.4,8.1,90.7,17.0,23.6
2023-04-15T15:00:00,-6.6,8.3,90.0,11.2,27.1
2023-04-15T16:00:00,-6.7,8.35,86.8,3.0,27.1
2023-04-15T17:00:00,-6.7,8.01,88.5,0.0,24.3
2023-04-15T18:00:00,-7.0,8.02,92.6,0.0,24.4
2023-04-15T19:00:00,-7.2,7.63,91.1,0.0,19.8
2023-04-15T20:00:00,-7.3,7.24,90.5,0.0,14.4
2023-04-15T21:00:00,-7.4,7.31,92.1,0.0,15.8
2023-04-15T22:00:00,-7.6,7.47,89.8,0.0,17.5
2023-04-15T23:00:00,-8.3,7.84,89.8,0.0,20.5
2023-04-16T00:00:00,-8.3,7.35,87.6,0.0,16.1
2023-04-16T01:00:00,-8.6,7.94,91.7,0.0,21.9
2023-04-16T02:00:00,-9.3,8.52,89.6,0.0,30.6
2023-04-16T03:00:00,-9.6,8.62,92.8,0.0,32.4
2023-04-16T04:00:00,-9.5,8.51,90.5,0.0,30.9
2023-04-16T05:00:00,-9.4,8.42,90.7,0.0,29.2
2023-04-16T06:00:00,-9.4,8.86,90.0,0.0,37.6
2023-04-16T07:00:00,-9.3,8.93,89.6,0.0,37.0
2023-04-16T08:00:00,-9.1,8.47,92.2,2.5,30.4
2023-04-16T09:00:00,-9.1,7.44,89.5,9.4,16.6
2023-04-16T10:00:00,-9.6,6.28,88.5,13.3,7.4
2023-04-16T11:00:00,-9.8,6.4,91.0,20.8,8.4
2023-04-16T12:00:00,-9.4,8.08,90.8,19.2,24.6
2023-04-16T13:00:00,-9.9,7.28,89.4,21.5,15.7
2023-04-16T14:00:00,-10.4,6.45,90.2,15.7,8.9
2023-04-16T15:00:00,-11.1,5.86,93.4,10.3,4.9
2023-04-16T16:00:00,-10.5,6.62,92.6,2.0,9.4
2023-04-16T17:00:00,-10.9,6.6,86.6,0.0,9.7
2023-04-16T18:00:00,-11.3,6.64,89.6,0.0,10.4
2023-04-16T19:00:00,-11.7,6.61,90.7,0.0,9.3
2023-04-16T20:00:00,-12.1,6.4,88.4,0.0,8.2
2023-04-16T21:00:00,-12.8,6.01,91.9,0.0,5.7
2023-04-16T22:00:00,-12.3,7.05,90.9,0.0,13.7
2023-04-16T23:00:00,-11.6,8.51,92.9,0.0,30.8
2023-04-17T00:00:00,-11.8,10.12,93.6,0.0,61.3
2023-04-17T01:00:00,-12.4,8.8,89.4,0.0,34.5
2023-04-17T02:00:00,-12.8,7.1,91.0,0.0,13.3
2023-04-17T03:00:00,-12.4,7.23,88.2,0.0,15.0
2023-04-17T04:00:00,-11.8,6.26,91.0,0.0,7.3
2023-04-17T05:00:00,-12.7,4.74,90.5,0.0,1.4
2023-04-17T06:00:00,-11.4,5.08,90.1,0.0,2.1
2023-04-17T07:00:00,-10.5,5.39,90.0,0.0,3.2
2023-04-17T08:00:00,-9.3,6.4,91.9,1.3,8.2
2023-04-17T09:00:00,-8.4,7.57,91.3,10.1,18.4
2023-04-17T10:00:00,-8.6,7.17,90.2,14.2,14.9
2023-04-17T11:00:00,-8.6,7.62,92.8,18.5,19.2
2023-04-17T12:00:00,-8.5,7.32,90.2,21.4,16.0
2023-04-17T13:00:00,-9.1,10.84,89.0,20.0,78.2
2023-04-17T14:00:00,-9.4,11.74,90.7,15.2,110.6
2023-04-17T15:00:00,-9.5,11.15,88.8,8.7,91.2
2023-04-17T16:00:00,-9.0,9.75,90.8,1.2,52.2
2023-04-17T17:00:00,-8.8,11.15,89.7,0.0,88.8
2023-04-17T18:00:00,-8.2,9.46,90.9,0.0,44.5
2023-04-17T19:00:00,-7.3,11.52,86.1,0.0,100.6
2023-04-17T20:00:00,-7.1,11.27,92.1,0.0,92.8
2023-04-17T21:00:00,-6.8,10.26,89.2,0.0,64.9
2023-04-17T22:00:00,-6.6,8.72,91.3,0.0,32.6
2023-04-17T23:00:00,-6.6,8.85,86.7,0.0,37.2
2023-04-18T00:00:00,-5.6,10.07,88.7,0.0,59.0
2023-04-18T01:00:00,-5.5,9.84,89.1,0.0,56.7
2023-04-18T02:00:00,-5.6,9.55,90.6,0.0,46.3
2023-04-18T03:00:00,-6.5,10.18,91.7,0.0,60.0
2023-04-18T04:00:00,-7.0,8.51,86.5,0.0,30.9
2023-04-18T05:00:00,-7.0,8.34,88.3,0.0,28.8
2023-04-18T06:00:00,-6.7,7.51,85.0,0.0,18.5
2023-04-18T07:00:00,-5.8,8.46,89.1,0.0,29.0
2023-04-18T08:00:00,-5.1,9.62,90.3,0.5,48.3
2023-04-18T09:00:00,-4.7,10.28,88.9,9.4,67.5
2023-04-18T10:00:00,-4.8,10.3,90.6,17.0,62.1
2023-04-18T11:00:00,-4.8,10.1,87.5,18.9,60.0
2023-04-18T12:00:00,-5.4,11.71,88.9,17.1,109.7
2023-04-18T13:00:00,-5.2,11.49,89.1,19.4,95.3
2023-04-18T14:00:00,-4.9,11.4,91.7,17.2,89.9
2023-04-18T15:00:00,-4.4,11.14,91.7,8.1,88.7
2023-04-18T16:00:00,-3.8,10.74,89.8,0.5,74.6
2023-04-18T17:00:00,-3.2,9.9,88.3,0.0,55.3
2023-04-18T18:00:00,-3.1,10.2,91.1,0.0,62.7
2023-04-18T19:00:00,-3.2,10.3,89.7,0.0,65.5
2023-04-18T20:00:00,-3.3,10.6,88.1,0.0,74.6
2023-04-18T21:00:00,-3.6,10.8,93.6,0.0,81.2
2023-04-18T22:00:00,-3.7,10.5,89.8,0.0,66.1
2023-04-18T23:00:00,-4.0,10.2,87.6,0.0,62.5
2023-04-19T00:00:00,-4.2,11.7,87.6,0.0,105.1
2023-04-19T01:00:00,-4.4,10.31,89.6,0.0,67.7
2023-04-19T02:00:00,-4.6,9.92,88.1,0.0,56.2
2023-04-19T03:00:00,-4.9,9.72,94.7,0.0,50.7
2023-04-19T04:00:00,-5.4,9.51,95.3,0.0,46.6
2023-04-19T05:00:00,-5.6,9.08,91.9,0.0,40.4
2023-04-19T06:00:00,-5.6,8.59,91.3,0.0,33.1
2023-04-19T07:00:00,-5.7,7.81,88.7,0.0,21.6
2023-04-19T08:00:00,-5.9,6.91,85.6,0.0,12.0
2023-04-19T09:00:00,-6.1,6.61,90.0,7.5,10.0
2023-04-19T10:00:00,-6.5,7.08,90.0,15.6,14.0
2023-04-19T11:00:00,-7.2,7.4,90.0,15.9,15.8
2023-04-19T12:00:00,-6.7,7.94,91.6,21.4,22.4
2023-04-19T13:00:00,-7.1,7.73,90.2,14.9,20.5
2023-04-19T14:00:00,-7.7,7.6,90.4,14.1,19.3
2023-04-19T15:00:00,-7.8,7.28,89.0,8.3,15.0
2023-04-19T16:00:00,-7.9,7.47,88.3,0.0,17.2
2023-04-19T17:00:00,-8.1,7.74,87.8,0.0,20.6
2023-04-19T18:00:00,-8.2,7.79,87.7,0.0,20.4
2023-04-19T19:00:00,-8.4,7.83,90.3,0.0,22.0
2023-04-19T20:00:00,-8.5,7.88,88.7,0.0,22.1
2023-04-19T21:00:00,-8.8,7.91,90.5,0.0,21.6
2023-04-19T22:00:00,-9.0,7.71,93.4,0.0,19.6
2023-04-19T23:00:00,-9.3,7.52,92.1,0.0,18.3
2023-04-20T00:00:00,-9.8,7.06,90.7,0.0,13.8
2023-04-20T01:00:00,-9.8,7.43,88.4,0.0,16.8
2023-04-20T02:00:00,-9.9,7.12,89.5,0.0,14.0
2023-04-20T03:00:00,-9.9,6.71,86.7,0.0,10.8
2023-04-20T04:00:00,-9.6,6.7,88.7,0.0,10.4
2023-04-20T05:00:00,-9.2,7.22,88.3,0.0,14.6
2023-04-20T06:00:00,-8.9,7.65,87.1,0.0,19.2
2023-04-20T07:00:00,-8.9,7.96,89.4,0.0,23.6
2023-04-20T08:00:00,-9.0,8.01,91.3,0.0,22.5
2023-04-20T09:00:00,-9.1,7.89,88.9,7.3,21.3
2023-04-20T10:00:00,-9.4,7.98,87.1,15.3,22.4
2023-04-20T11:00:00,-9.6,8.09,87.5,17.4,23.8
2023-04-20T12:00:00,-10.4,8.36,89.8,17.4,29.4
2023-04-20T13:00:00,-10.7,8.35,90.8,16.1,27.7
2023-04-20T14:00:00,-10.7,8.16,91.6,14.4,24.6
2023-04-20T15:00:00,-10.6,8.37,90.0,6.6,27.4
2023-04-20T16:00:00,-10.7,8.12,90.3,0.0,24.4
2023-04-20T17:00:00,-11.2,7.53,90.8,0.0,18.5
2023-04-20T18:00:00,-11.5,7.31,89.7,0.0,16.1
2023-04-20T19:00:00,-11.6,7.5,92.0,0.0,16.7
2023-04-20T20:00:00,-11.8,7.5,93.5,0.0,18.3
2023-04-20T21:00:00,-11.8,7.7,90.4,0.0,19.0
2023-04-20T22:00:00,-11.6,7.7,88.4,0.0,20.2
2023-04-20T23:00:00,-11.5,7.6,93.4,0.0,18.4
2023-04-21T00:00:00,-11.4,7.96,88.4,0.0,22.8
2023-04-21T01:00:00,-11.5,7.76,87.8,0.0,21.2
2023-04-21T02:00:00,-11.5,7.68,93.4,0.0,20.2
2023-04-21T03:00:00,-11.6,7.58,90.2,0.0,18.1
2023-04-21T04:00:00,-11.5,7.45,90.8,0.0,17.2
2023-04-21T05:00:00,-11.3,7.28,91.7,0.0,14.8
2023-04-21T06:00:00,-11.3,7.12,88.0,0.0,13.4
2023-04-21T07:00:00,-11.2,7.14,89.3,0.0,13.8
2023-04-21T08:00:00,-11.2,6.96,87.6,0.0,12.6
2023-04-21T09:00:00,-11.2,6.81,91.6,5.9,10.6
2023-04-21T10:00:00,-11.2,6.97,91.9,14.7,12.3
2023-04-21T11:00:00,-11.4,7.06,93.4,14.6,13.8
2023-04-21T12:00:00,-12.3,6.73,91.4,15.6,11.0
2023-04-21T13:00:00,-11.8,6.57,90.9,14.6,9.7
2023-04-21T14:00:00,-11.9,6.63,94.5,11.5,9.8
2023-04-21T15:00:00,-12.0,6.48,92.2,6.5,8.9
2023-04-21T16:00:00,-12.1,6.45,93.1,0.0,9.0
2023-04-21T17:00:00,-12.1,6.55,90.1,0.0,9.2
2023-04-21T18:00:00,-11.9,6.49,92.0,0.0,8.5
2023-04-21T19:00:00,-11.5,5.89,91.7,0.0,5.4
2023-04-21T20:00:00,-11.1,5.22,93.0,0.0,2.6
2023-04-21T21:00:00,-11.4,4.81,88.3,0.0,1.5
2023-04-21T22:00:00,-11.8,4.02,89.7,0.0,0.3
2023-04-21T23:00:00,-13.2,2.78,90.2,0.0,0.0
2023-04-22T00:00:00,-11.7,5.55,89.2,0.0,3.8
2023-04-22T01:00:00,-12.3,4.12,88.9,0.0,0.4
2023-04-22T02:00:00,-12.8,2.83,89.5,0.0,0.0
2023-04-22T03:00:00,-12.2,1.52,92.9,0.0,0.0
2023-04-22T04:00:00,-12.9,1.88,91.7,0.0,0.0
2023-04-22T05:00:00,-12.1,3.45,89.9,0.0,0.0
2023-04-22T06:00:00,-13.0,3.36,91.1,0.0,0.0
2023-04-22T07:00:00,-12.4,2.94,89.9,0.0,0.0
2023-04-22T08:00:00,-12.2,2.33,89.2,0.0,0.0
2023-04-22T09:00:00,-12.4,1.78,89.8,7.0,0.0
2023-04-22T10:00:00,-12.1,1.66,90.2,14.1,0.0
2023-04-22T11:00:00,-12.0,1.53,89.9,15.9,0.0
2023-04-22T12:00:00,-11.1,6.07,92.0,14.4,6.2
2023-04-22T13:00:00,-11.1,7.28,93.2,13.5,15.6
2023-04-22T14:00:00,-11.5,7.55,89.2,13.7,18.2
2023-04-22T15:00:00,-12.0,7.4,86.1,6.3,15.9
2023-04-22T16:00:00,-12.1,7.38,92.8,0.0,16.1
2023-04-22T17:00:00,-11.9,7.35,91.6,0.0,16.4
2023-04-22T18:00:00,-11.6,7.0,91.7,0.0,12.9
2023-04-22T19:00:00,-11.7,7.2,90.8,0.0,14.1
2023-04-22T20:00:00,-12.0,6.89,91.4,0.0,11.2
2023-04-22T21:00:00,-12.9,6.69,92.5,0.0,10.7
2023-04-22T22:00:00,-13.1,6.2,90.0,0.0,6.9
2023-04-22T23:00:00,-13.2,6.1,90.4,0.0,6.2
2023-04-23T00:00:00,-12.8,6.4,88.3,0.0,8.0
2023-04-23T01:00:00,-13.1,6.31,88.5,0.0,7.3
2023-04-23T02:00:00,-13.3,6.35,94.6,0.0,7.9
2023-04-23T03:00:00,-13.7,6.14,91.4,0.0,6.6
2023-04-23T04:00:00,-13.7,5.73,90.5,0.0,4.6
2023-04-23T05:00:00,-13.6,5.3,93.1,0.0,2.8
2023-04-23T06:00:00,-13.4,5.32,93.9,0.0,2.8
2023-04-23T07:00:00,-12.8,5.47,88.8,0.0,3.4
2023-04-23T08:00:00,-12.4,6.3,89.5,0.0,7.2
2023-04-23T09:00:00,-11.9,7.02,91.7,5.2,12.4
2023-04-23T10:00:00,-11.6,7.38,89.3,13.6,15.6
2023-04-23T11:00:00,-11.4,7.09,87.8,15.8,13.3
2023-04-23T12:00:00,-11.8,7.55,90.8,18.0,18.0
2023-04-23T13:00:00,-11.4,8.76,89.2,15.4,33.8
2023-04-23T14:00:00,-11.2,8.15,90.7,11.4,24.0
2023-04-23T15:00:00,-11.0,7.33,91.4,6.5,16.4
2023-04-23T16:00:00,-10.7,7.3,94.1,0.0,15.5
2023-04-23T17:00:00,-10.5,6.3,93.3,0.0,7.9
2023-04-23T18:00:00,-10.6,5.32,91.1,0.0,2.9
2023-04-23T19:00:00,-10.6,5.35,89.5,0.0,3.1
2023-04-23T20:00:00,-10.0,6.14,91.4,0.0,6.6
2023-04-23T21:00:00,-9.7,6.41,90.7,0.0,8.6
2023-04-23T22:00:00,-10.1,6.1,89.8,0.0,6.3
2023-04-23T23:00:00,-9.6,5.8,90.3,0.0,4.7
2023-04-24T00:00:00,-8.6,7.32,89.7,0.0,15.3
2023-04-24T01:00:00,-7.9,7.2,90.9,0.0,14.7
2023-04-24T02:00:00,-7.6,7.6,87.4,0.0,19.6
2023-04-24T03:00:00,-8.0,7.41,89.0,0.0,16.4
2023-04-24T04:00:00,-8.5,7.91,91.1,0.0,23.2
2023-04-24T05:00:00,-8.8,8.64,90.1,0.0,33.6
2023-04-24T06:00:00,-9.0,8.92,89.5,0.0,36.6
2023-04-24T07:00:00,-9.1,8.72,90.6,0.0,33.1
2023-04-24T08:00:00,-9.4,8.32,88.4,0.0,26.6
2023-04-24T09:00:00,-9.8,8.02,91.0,5.6,23.4
2023-04-24T10:00:00,-10.3,7.62,92.3,10.2,18.1
2023-04-24T11:00:00,-11.0,7.36,90.3,14.9,15.5
2023-04-24T12:00:00,-10.9,9.33,94.3,15.7,46.4
2023-04-24T13:00:00,-11.1,9.04,87.2,15.4,40.8
2023-04-24T14:00:00,-11.6,8.1,88.6,10.8,25.1
2023-04-24T15:00:00,-12.1,7.84,90.9,5.6,21.0
2023-04-24T16:00:00,-12.5,7.74,91.2,0.0,20.7
2023-04-24T17:00:00,-12.8,7.81,89.6,0.0,21.5
2023-04-24T18:00:00,-12.8,7.91,93.6,0.0,23.1
2023-04-24T19:00:00,-13.1,8.2,90.0,0.0,26.6
2023-04-24T20:00:00,-13.3,8.4,91.6,0.0,29.7
2023-04-24T21:00:00,-13.7,8.51,91.1,0.0,30.4
2023-04-24T22:00:00,-14.2,8.98,91.4,0.0,38.4
2023-04-24T23:00:00,-14.9,9.16,93.3,0.0,40.4
2023-04-25T00:00:00,-15.3,9.0,95.0,0.0,38.0
2023-04-25T01:00:00,-15.6,8.61,97.8,0.0,30.8
2023-04-25T02:00:00,-15.9,7.7,94.9,0.0,19.5
2023-04-25T03:00:00,-16.0,7.2,92.9,0.0,14.5
2023-04-25T04:00:00,-16.0,7.01,93.7,0.0,13.5
2023-04-25T05:00:00,-15.6,7.13,96.9,0.0,14.3
2023-04-25T06:00:00,-15.3,7.68,92.8,0.0,18.8
2023-04-25T07:00:00,-15.1,8.07,93.2,0.0,23.4
2023-04-25T08:00:00,-15.0,8.48,93.7,0.0,29.7
2023-04-25T09:00:00,-15.2,7.53,91.9,4.5,17.6
2023-04-25T10:00:00,-15.8,6.53,93.1,12.3,9.4
2023-04-25T11:00:00,-16.4,6.13,91.9,13.1,6.6
2023-04-25T12:00:00,-16.6,5.84,93.3,13.8,5.3
2023-04-25T13:00:00,-16.2,6.3,93.9,15.2,7.5
2023-04-25T14:00:00,-16.1,6.4,89.9,11.4,7.9
2023-04-25T15:00:00,-16.2,6.2,95.8,5.0,6.8
2023-04-25T16:00:00,-16.2,6.4,94.0,0.0,8.2
2023-04-25T17:00:00,-16.3,6.42,89.8,0.0,8.7
2023-04-25T18:00:00,-16.4,6.51,95.9,0.0,9.4
2023-04-25T19:00:00,-16.3,6.71,93.9,0.0,10.8
2023-04-25T20:00:00,-16.2,7.13,94.0,0.0,14.2
2023-04-25T21:00:00,-16.0,7.3,95.6,0.0,15.5
2023-04-25T22:00:00,-16.0,7.28,92.5,0.0,15.5
2023-04-25T23:00:00,-16.1,7.36,93.4,0.0,15.3
2023-04-26T00:00:00,-16.4,8.0,95.8,0.0,24.3
2023-04-26T01:00:00,-16.7,7.21,90.6,0.0,15.0
2023-04-26T02:00:00,-16.9,6.94,91.1,0.0,11.8
2023-04-26T03:00:00,-16.8,7.16,91.4,0.0,14.4
2023-04-26T04:00:00,-17.0,6.79,92.9,0.0,10.6
2023-04-26T05:00:00,-17.0,6.16,92.5,0.0,7.0
2023-04-26T06:00:00,-17.0,5.79,91.0,0.0,5.0
2023-04-26T07:00:00,-16.5,6.5,92.1,0.0,9.3
2023-04-26T08:00:00,-16.7,6.0,94.5,0.0,6.0
2023-04-26T09:00:00,-17.2,5.61,92.4,4.4,4.2
2023-04-26T10:00:00,-17.2,5.9,94.8,8.7,5.4
2023-04-26T11:00:00,-17.3,5.9,95.5,15.3,5.5
2023-04-26T12:00:00,-17.0,6.44,89.1,12.1,8.6
2023-04-26T13:00:00,-15.6,7.2,90.1,14.1,14.2
2023-04-26T14:00:00,-14.5,7.91,90.0,9.8,22.8
2023-04-26T15:00:00,-14.2,7.31,90.0,3.5,16.1
2023-04-26T16:00:00,-14.4,6.48,90.1,0.0,8.5
2023-04-26T17:00:00,-14.8,5.79,91.4,0.0,5.0
2023-04-26T18:00:00,-14.2,6.16,91.4,0.0,6.8
2023-04-26T19:00:00,-13.5,6.33,92.2,0.0,7.7
2023-04-26T20:00:00,-12.9,6.55,91.2,0.0,9.1
2023-04-26T21:00:00,-12.4,6.59,92.4,0.0,9.3
2023-04-26T22:00:00,-11.8,6.83,91.6,0.0,11.3
2023-04-26T23:00:00,-11.6,6.8,92.2,0.0,11.3
2023-04-27T00:00:00,-11.4,7.41,91.5,0.0,15.8
2023-04-27T01:00:00,-11.9,6.2,91.2,0.0,7.3
2023-04-27T02:00:00,-11.8,5.3,89.7,0.0,2.7
2023-04-27T03:00:00,-11.6,4.9,91.2,0.0,1.7
2023-04-27T04:00:00,-10.0,6.7,90.3,0.0,10.9
2023-04-27T05:00:00,-9.2,8.33,91.1,0.0,27.6
2023-04-27T06:00:00,-8.5,9.91,91.9,0.0,54.9
2023-04-27T07:00:00,-8.0,9.89,91.7,0.0,57.0
2023-04-27T08:00:00,-7.6,10.9,93.3,0.0,82.6
2023-04-27T09:00:00,-7.5,11.26,90.1,2.6,90.9
2023-04-27T10:00:00,-7.3,12.2,88.4,10.0,116.8
2023-04-27T11:00:00,-7.3,12.82,90.5,10.6,118.8
2023-04-27T12:00:00,-7.9,12.29,89.5,14.6,115.5
2023-04-27T13:00:00,-7.6,12.66,90.6,12.9,110.9
2023-04-27T14:00:00,-7.6,12.22,86.9,9.8,114.7
2023-04-27T15:00:00,-7.5,11.5,89.0,3.6,93.4
2023-04-27T16:00:00,-7.5,10.38,91.9,0.0,69.9
2023-04-27T17:00:00,-7.5,10.02,91.0,0.0,58.2
2023-04-27T18:00:00,-7.4,9.6,87.8,0.0,48.1
2023-04-27T19:00:00,-7.5,9.17,88.7,0.0,41.9
2023-04-27T20:00:00,-7.5,9.0,90.5,0.0,36.7
2023-04-27T21:00:00,-7.7,8.88,88.8,0.0,37.6
2023-04-27T22:00:00,-7.8,8.44,93.0,0.0,29.2
2023-04-27T23:00:00,-8.0,7.93,91.1,0.0,22.8
2023-04-28T00:00:00,-8.3,8.51,90.0,0.0,29.0
2023-04-28T01:00:00,-7.9,9.07,91.5,0.0,38.8
2023-04-28T02:00:00,-7.7,9.12,86.6,0.0,38.3
2023-04-28T03:00:00,-8.1,9.59,89.5,0.0,51.5
2023-04-28T04:00:00,-8.3,9.41,91.9,0.0,44.6
2023-04-28T05:00:00,-8.3,9.43,95.1,0.0,47.6
2023-04-28T06:00:00,-8.3,9.17,91.2,0.0,40.8
2023-04-28T07:00:00,-8.6,8.62,89.8,0.0,31.0
2023-04-28T08:00:00,-8.7,8.5,88.8,0.0,30.7
2023-04-28T09:00:00,-9.1,8.06,92.6,2.6,24.3
2023-04-28T10:00:00,-9.7,8.27,90.8,8.6,27.3
2023-04-28T11:00:00,-10.1,9.08,90.6,12.0,38.2
2023-04-28T12:00:00,-11.0,9.32,87.0,14.1,45.4
2023-04-28T13:00:00,-11.4,9.93,91.4,13.4,57.7
2023-04-28T14:00:00,-11.7,10.69,90.9,7.7,76.8
2023-04-28T15:00:00,-11.7,10.39,90.5,2.4,68.3
2023-04-28T16:00:00,-11.9,10.07,88.0,0.0,59.2
2023-04-28T17:00:00,-12.0,9.71,90.6,0.0,49.1
2023-04-28T18:00:00,-12.1,9.53,86.8,0.0,47.9
2023-04-28T19:00:00,-12.3,9.22,89.5,0.0,41.4
2023-04-28T20:00:00,-12.4,8.86,96.5,0.0,34.8
2023-04-28T21:00:00,-12.6,8.68,94.3,0.0,32.0
2023-04-28T22:00:00,-12.8,8.73,90.2,0.0,35.2
2023-04-28T23:00:00,-12.9,8.52,93.0,0.0,30.7
2023-04-29T00:00:00,-13.6,7.72,91.0,0.0,20.1
2023-04-29T01:00:00,-13.5,7.54,91.4,0.0,17.1
2023-04-29T02:00:00,-13.7,6.87,91.6,0.0,11.4
2023-04-29T03:00:00,-14.0,6.26,91.5,0.0,7.3
2023-04-29T04:00:00,-14.7,5.46,88.5,0.0,3.3
2023-04-29T05:00:00,-14.7,5.32,96.3,0.0,2.8
2023-04-29T06:00:00,-14.6,5.0,89.6,0.0,2.0
2023-04-29T07:00:00,-14.8,4.84,92.5,0.0,1.5
2023-04-29T08:00:00,-14.5,5.39,93.1,0.0,3.1
2023-04-29T09:00:00,-14.5,5.65,91.9,1.9,4.3
2023-04-29T10:00:00,-14.7,5.82,93.7,8.6,5.0
2023-04-29T11:00:00,-14.7,6.0,92.9,13.6,6.1
2023-04-29T12:00:00,-14.6,6.11,93.2,11.2,6.5
2023-04-29T13:00:00,-14.0,6.84,90.9,10.3,12.0
2023-04-29T14:00:00,-14.0,7.47,96.6,9.0,16.5
2023-04-29T15:00:00,-14.2,7.84,89.6,2.0,22.2
2023-04-29T16:00:00,-14.4,7.72,94.5,0.0,19.4
2023-04-29T17:00:00,-14.5,7.34,91.0,0.0,16.1
2023-04-29T18:00:00,-14.6,7.21,91.0,0.0,14.0
2023-04-29T19:00:00,-14.8,7.34,94.7,0.0,15.9
2023-04-29T20:00:00,-14.8,7.49,94.2,0.0,16.8
2023-04-29T21:00:00,-14.9,7.38,93.3,0.0,16.5
2023-04-29T22:00:00,-15.0,7.07,91.3,0.0,14.1
2023-04-29T23:00:00,-15.1,7.0,94.7,0.0,13.3
2023-04-30T00:00:00,-15.4,8.05,95.4,0.0,24.8
2023-04-30T01:00:00,-16.1,7.21,91.2,0.0,14.7
2023-04-30T02:00:00,-16.9,6.18,98.2,0.0,6.8
2023-04-30T03:00:00,-17.8,5.61,93.1,0.0,3.8
2023-04-30T04:00:00,-17.9,5.72,93.5,0.0,4.6
2023-04-30T05:00:00,-17.6,6.01,94.8,0.0,5.7
2023-04-30T06:00:00,-17.4,6.1,92.2,0.0,6.6
2023-04-30T07:00:00,-17.3,6.2,94.2,0.0,7.2
2023-04-30T08:00:00,-17.4,6.22,93.0,0.0,7.0
2023-04-30T09:00:00,-17.6,6.38,92.3,0.9,8.3
2023-04-30T10:00:00,-17.9,6.58,95.8,7.0,9.0
2023-04-30T11:00:00,-17.9,6.76,92.7,9.4,10.9
2023-04-30T12:00:00,-18.3,7.1,91.9,11.4,14.3
2023-04-30T13:00:00,-18.4,6.74,92.4,13.1,10.4
2023-04-30T14:00:00,-19.0,5.9,93.6,7.4,5.1
2023-04-30T15:00:00,-19.4,5.41,94.2,0.9,3.2
2023-04-30T16:00:00,-19.2,5.52,97.6,0.0,3.7
2023-04-30T17:00:00,-18.7,6.17,96.3,0.0,6.8
2023-04-30T18:00:00,-18.1,6.91,93.8,0.0,11.6
2023-04-30T19:00:00,-17.8,7.5,92.9,0.0,16.9
2023-04-30T20:00:00,-17.6,7.99,94.2,0.0,23.9
2023-04-30T21:00:00,-17.6,7.91,90.7,0.0,22.8
2023-04-30T22:00:00,-17.7,7.5,95.9,0.0,17.1
2023-04-30T23:00:00,-18.0,6.91,95.3,0.0,11.8
2023-05-01T00:00:00,-19.4,5.66,95.9,0.0,4.3
2023-05-01T01:00:00,-22.1,3.61,95.8,0.0,0.1
2023-05-01T02:00:00,-22.1,3.41,96.4,0.0,0.0
2023-05-01T03:00:00,-21.8,4.06,96.8,0.0,0.4
2023-05-01T04:00:00,-21.4,4.46,95.4,0.0,0.8
2023-05-01T05:00:00,-20.8,4.63,97.0,0.0,1.2
2023-05-01T06:00:00,-20.0,5.05,94.3,0.0,2.1
2023-05-01T07:00:00,-19.8,5.11,97.5,0.0,2.4
2023-05-01T08:00:00,-19.7,5.1,91.6,0.0,2.2
2023-05-01T09:00:00,-19.7,5.4,96.3,0.0,3.2
2023-05-01T10:00:00,-19.4,5.93,93.6,6.9,5.7
2023-05-01T11:00:00,-19.2,6.12,94.9,9.2,6.6
2023-05-01T12:00:00,-18.7,6.33,95.2,12.8,7.9
2023-05-01T13:00:00,-19.4,5.28,92.6,11.7,2.7
2023-05-01T14:00:00,-20.5,4.52,93.8,7.4,0.9
2023-05-01T15:00:00,-21.5,3.83,94.9,0.0,0.2
2023-05-01T16:00:00,-21.4,3.42,96.3,0.0,0.0
2023-05-01T17:00:00,-21.8,3.69,96.4,0.0,0.1
2023-05-01T18:00:00,-20.8,4.71,94.8,0.0,1.3
2023-05-01T19:00:00,-20.7,4.71,92.7,0.0,1.3
2023-05-01T20:00:00,-20.5,5.0,97.4,0.0,1.9
2023-05-01T21:00:00,-19.9,5.57,95.7,0.0,3.8
2023-05-01T22:00:00,-20.1,5.36,93.8,0.0,3.2
2023-05-01T23:00:00,-20.4,5.2,95.8,0.0,2.6
2023-05-02T00:00:00,-20.7,5.06,94.6,0.0,2.2
2023-05-02T01:00:00,-21.0,4.71,93.6,0.0,1.2
2023-05-02T02:00:00,-20.9,5.12,96.6,0.0,2.3
2023-05-02T03:00:00,-20.7,5.24,96.7,0.0,2.8
2023-05-02T04:00:00,-20.8,5.12,94.2,0.0,2.2
2023-05-02T05:00:00,-20.6,4.94,97.6,0.0,1.9
2023-05-02T06:00:00,-20.3,4.81,95.4,0.0,1.5
2023-05-02T07:00:00,-20.5,4.33,93.3,0.0,0.6
2023-05-02T08:00:00,-20.8,4.18,95.4,0.0,0.5
2023-05-02T09:00:00,-20.1,5.01,90.0,0.0,1.9
2023-05-02T10:00:00,-19.9,5.32,93.7,6.2,2.9
2023-05-02T11:00:00,-19.7,5.41,95.4,9.6,3.4
2023-05-02T12:00:00,-20.2,5.41,95.6,9.9,3.3
2023-05-02T13:00:00,-19.5,5.4,95.1,9.4,3.3
2023-05-02T14:00:00,-19.7,5.08,91.1,6.1,2.2
2023-05-02T15:00:00,-20.0,4.92,96.2,0.0,1.7
2023-05-02T16:00:00,-19.3,5.34,93.1,0.0,3.1
2023-05-02T17:00:00,-19.7,5.1,94.6,0.0,2.3
2023-05-02T18:00:00,-21.2,4.03,95.2,0.0,0.3
2023-05-02T19:00:00,-20.7,3.54,94.1,0.0,0.1
2023-05-02T20:00:00,-20.7,3.64,98.6,0.0,0.1
2023-05-02T21:00:00,-21.0,3.32,94.0,0.0,0.0
2023-05-02T22:00:00,-21.2,3.36,96.2,0.0,0.0
2023-05-02T23:00:00,-19.4,3.81,93.9,0.0,0.2
2023-05-03T00:00:00,-17.8,5.5,92.2,0.0,3.4
2023-05-03T01:00:00,-18.8,4.36,94.7,0.0,0.7
2023-05-03T02:00:00,-20.4,3.14,95.3,0.0,0.0
2023-05-03T03:00:00,-19.4,2.79,95.7,0.0,0.0
2023-05-03T04:00:00,-18.1,3.71,90.7,0.0,0.1
2023-05-03T05:00:00,-18.3,3.7,95.5,0.0,0.1
2023-05-03T06:00:00,-17.7,2.83,92.8,0.0,0.0
2023-05-03T07:00:00,-15.7,2.28,92.3,0.0,0.0
2023-05-03T08:00:00,-16.8,2.75,93.3,0.0,0.0
2023-05-03T09:00:00,-17.9,3.42,96.3,0.0,0.0
2023-05-03T10:00:00,-17.9,3.88,92.1,5.2,0.2
2023-05-03T11:00:00,-16.7,4.35,93.2,9.1,0.7
2023-05-03T12:00:00,-18.7,5.26,93.1,12.5,2.8
2023-05-03T13:00:00,-18.0,5.13,93.6,8.8,2.2
2023-05-03T14:00:00,-17.5,4.65,93.7,6.3,1.2
2023-05-03T15:00:00,-17.8,4.25,93.4,0.0,0.6
2023-05-03T16:00:00,-17.0,3.49,90.8,0.0,0.0
2023-05-03T17:00:00,-15.8,2.8,93.9,0.0,0.0
2023-05-03T18:00:00,-14.4,2.48,92.4,0.0,0.0
2023-05-03T19:00:00,-11.7,1.75,91.9,0.0,0.0
2023-05-03T20:00:00,-13.7,2.25,92.2,0.0,0.0
2023-05-03T21:00:00,-13.5,2.2,91.7,0.0,0.0
2023-05-03T22:00:00,-14.0,2.35,90.9,0.0,0.0
2023-05-03T23:00:00,-14.0,2.4,89.5,0.0,0.0
2023-05-04T00:00:00,-11.0,1.27,89.7,0.0,0.0
2023-05-04T01:00:00,-11.0,1.64,92.6,0.0,0.0
2023-05-04T02:00:00,-11.0,1.62,91.6,0.0,0.0
2023-05-04T03:00:00,-10.8,1.53,93.4,0.0,0.0
2023-05-04T04:00:00,-11.6,1.9,90.9,0.0,0.0
2023-05-04T05:00:00,-12.6,1.97,92.7,0.0,0.0
2023-05-04T06:00:00,-13.0,2.1,89.9,0.0,0.0
2023-05-04T07:00:00,-12.5,2.12,91.9,0.0,0.0
2023-05-04T08:00:00,-10.8,1.51,89.0,0.0,0.0
2023-05-04T09:00:00,-11.0,1.5,92.7,0.0,0.0
2023-05-04T10:00:00,-11.1,1.84,91.6,6.0,0.0
2023-05-04T11:00:00,-11.1,1.77,89.8,8.3,0.0
2023-05-04T12:00:00,-11.3,1.64,94.6,10.5,0.0
2023-05-04T13:00:00,-10.7,0.81,89.9,8.6,0.0
2023-05-04T14:00:00,-10.9,1.58,92.8,5.0,0.0
2023-05-04T15:00:00,-11.5,1.8,88.5,0.0,0.0
2023-05-04T16:00:00,-12.5,1.9,93.1,0.0,0.0
2023-05-04T17:00:00,-12.7,2.2,91.2,0.0,0.0
2023-05-04T18:00:00,-13.1,2.31,91.7,0.0,0.0
2023-05-04T19:00:00,-13.9,2.47,90.6,0.0,0.0
2023-05-04T20:00:00,-14.5,2.85,91.8,0.0,0.0
2023-05-04T21:00:00,-15.5,3.22,96.3,0.0,0.0
2023-05-04T22:00:00,-15.7,3.5,93.4,0.0,0.0
2023-05-04T23:00:00,-15.0,3.49,95.6,0.0,0.0
2023-05-05T00:00:00,-12.5,0.89,92.6,0.0,0.0
2023-05-05T01:00:00,-13.4,1.88,92.3,0.0,0.0
2023-05-05T02:00:00,-13.7,3.07,94.3,0.0,0.0
2023-05-05T03:00:00,-13.2,3.44,89.4,0.0,0.0
2023-05-05T04:00:00,-13.1,3.55,93.0,0.0,0.1
2023-05-05T05:00:00,-13.8,3.42,93.6,0.0,0.0
2023-05-05T06:00:00,-13.4,3.31,93.4,0.0,0.0
2023-05-05T07:00:00,-13.1,2.82,90.2,0.0,0.0
2023-05-05T08:00:00,-13.8,3.04,90.1,0.0,0.0
2023-05-05T09:00:00,-13.3,4.25,90.7,0.0,0.5
2023-05-05T10:00:00,-12.5,4.75,88.6,4.7,1.4
2023-05-05T11:00:00,-12.1,4.8,91.9,7.7,1.5
2023-05-05T12:00:00,-12.7,5.3,89.4,9.3,2.8
2023-05-05T13:00:00,-12.5,5.6,89.0,8.0,4.1
2023-05-05T14:00:00,-12.9,5.94,91.4,5.2,5.8
2023-05-05T15:00:00,-12.1,6.12,93.0,0.0,6.7
2023-05-05T16:00:00,-12.3,5.91,90.1,0.0,5.2
2023-05-05T17:00:00,-12.4,5.31,91.9,0.0,3.0
2023-05-05T18:00:00,-12.2,5.39,92.9,0.0,3.3
2023-05-05T19:00:00,-11.7,5.97,87.4,0.0,5.5
2023-05-05T20:00:00,-11.2,6.02,88.9,0.0,6.1
2023-05-05T21:00:00,-10.9,6.12,89.1,0.0,6.9
2023-05-05T22:00:00,-11.1,6.33,90.1,0.0,7.8
2023-05-05T23:00:00,-11.4,6.36,87.1,0.0,7.8
2023-05-06T00:00:00,-9.8,7.2,92.7,0.0,14.2
2023-05-06T01:00:00,-9.4,7.24,91.5,0.0,14.5
2023-05-06T02:00:00,-9.4,7.18,88.7,0.0,14.6
2023-05-06T03:00:00,-9.9,6.01,90.9,0.0,5.8
2023-05-06T04:00:00,-10.3,6.01,92.1,0.0,5.8
2023-05-06T05:00:00,-10.2,6.01,86.3,0.0,5.7
2023-05-06T06:00:00,-9.9,6.01,92.5,0.0,6.1
2023-05-06T07:00:00,-9.9,6.01,90.9,0.0,5.7
2023-05-06T08:00:00,-10.2,5.9,89.7,0.0,5.5
2023-05-06T09:00:00,-10.1,6.25,90.2,0.0,7.1
2023-05-06T10:00:00,-10.3,6.36,90.1,4.3,8.2
2023-05-06T11:00:00,-10.4,6.76,89.9,8.7,11.3
2023-05-06T12:00:00,-11.1,6.54,91.8,9.5,9.1
2023-05-06T13:00:00,-10.8,6.41,91.3,8.9,8.3
2023-05-06T14:00:00,-10.8,6.53,94.8,3.8,9.3
2023-05-06T15:00:00,-10.7,6.91,88.8,0.0,11.4
2023-05-06T16:00:00,-10.5,7.2,86.9,0.0,14.8
2023-05-06T17:00:00,-10.4,7.21,90.9,0.0,15.2
2023-05-06T18:00:00,-10.6,7.22,87.9,0.0,14.9
2023-05-06T19:00:00,-10.7,7.12,88.3,0.0,13.2
2023-05-06T20:00:00,-10.8,7.01,88.6,0.0,13.3
2023-05-06T21:00:00,-10.8,7.13,89.7,0.0,13.8
2023-05-06T22:00:00,-10.9,7.23,92.6,0.0,14.1
2023-05-06T23:00:00,-11.1,7.52,90.1,0.0,17.6
2023-05-07T00:00:00,-11.7,8.16,94.5,0.0,24.2
2023-05-07T01:00:00,-11.7,8.49,92.4,0.0,31.5
2023-05-07T02:00:00,-11.7,8.2,87.1,0.0,26.7
2023-05-07T03:00:00,-11.8,7.74,97.0,0.0,19.2
2023-05-07T04:00:00,-11.9,7.71,87.9,0.0,19.3
2023-05-07T05:00:00,-12.1,7.71,90.0,0.0,19.2
2023-05-07T06:00:00,-11.9,7.91,91.5,0.0,23.3
2023-05-07T07:00:00,-11.9,7.79,86.4,0.0,20.8
2023-05-07T08:00:00,-12.2,7.47,88.3,0.0,17.6
2023-05-07T09:00:00,-12.4,7.14,94.7,0.0,14.1
2023-05-07T10:00:00,-12.8,7.24,91.5,2.9,15.4
2023-05-07T11:00:00,-13.0,7.21,91.2,8.5,15.1
2023-05-07T12:00:00,-13.3,6.4,93.4,8.1,8.6
2023-05-07T13:00:00,-13.6,6.11,89.4,7.0,6.6
2023-05-07T14:00:00,-13.8,5.44,93.7,2.8,3.3
2023-05-07T15:00:00,-14.3,4.92,89.8,0.0,1.7
2023-05-07T16:00:00,-14.4,4.75,93.2,0.0,1.4
2023-05-07T17:00:00,-14.7,3.86,94.6,0.0,0.2
2023-05-07T18:00:00,-15.2,2.86,97.6,0.0,0.0
2023-05-07T19:00:00,-13.5,2.09,90.0,0.0,0.0
2023-05-07T20:00:00,-11.1,1.43,89.3,0.0,0.0
2023-05-07T21:00:00,-10.7,0.92,89.6,0.0,0.0
2023-05-07T22:00:00,-10.4,0.2,90.2,0.0,0.0
2023-05-07T23:00:00,-10.0,0.3,87.0,0.0,0.0
2023-05-08T00:00:00,-12.3,6.18,91.5,0.0,6.9
2023-05-08T01:00:00,-11.4,6.49,88.9,0.0,9.2
2023-05-08T02:00:00,-11.3,6.71,92.3,0.0,10.4
2023-05-08T03:00:00,-11.5,6.29,88.5,0.0,7.4
2023-05-08T04:00:00,-12.6,5.58,85.2,0.0,3.8
2023-05-08T05:00:00,-13.4,4.95,92.1,0.0,1.9
2023-05-08T06:00:00,-12.7,4.98,92.0,0.0,1.9
2023-05-08T07:00:00,-12.2,5.95,93.4,0.0,5.4
2023-05-08T08:00:00,-12.1,6.83,93.6,0.0,11.0
2023-05-08T09:00:00,-12.1,7.21,94.6,0.0,14.4
2023-05-08T10:00:00,-11.9,7.6,88.9,2.9,18.2
2023-05-08T11:00:00,-12.2,7.71,85.7,5.9,18.9
2023-05-08T12:00:00,-12.9,6.77,96.3,6.6,10.7
2023-05-08T13:00:00,-12.6,7.4,89.8,7.0,16.4
2023-05-08T14:00:00,-12.6,7.61,92.7,2.6,18.2
2023-05-08T15:00:00,-12.8,7.17,88.9,0.0,15.0
2023-05-08T16:00:00,-13.1,7.0,90.9,0.0,13.2
2023-05-08T17:00:00,-13.5,6.68,90.6,0.0,10.1
2023-05-08T18:00:00,-13.1,6.74,86.3,0.0,11.2
2023-05-08T19:00:00,-13.4,6.61,92.6,0.0,10.0
2023-05-08T20:00:00,-13.4,6.4,91.6,0.0,8.2
2023-05-08T21:00:00,-14.1,6.12,92.6,0.0,6.5
2023-05-08T22:00:00,-14.5,5.89,93.3,0.0,5.3
2023-05-08T23:00:00,-15.3,5.63,94.9,0.0,4.1
2023-05-09T00:00:00,-16.2,5.99,92.0,0.0,5.8
2023-05-09T01:00:00,-16.7,5.72,95.7,0.0,4.3
2023-05-09T02:00:00,-16.7,5.85,93.6,0.0,4.9
2023-05-09T03:00:00,-16.6,6.04,92.2,0.0,6.0
2023-05-09T04:00:00,-16.7,5.82,91.8,0.0,5.1
2023-05-09T05:00:00,-17.0,5.58,89.9,0.0,4.1
2023-05-09T06:00:00,-17.1,5.26,94.1,0.0,2.8
2023-05-09T07:00:00,-17.3,5.19,92.0,0.0,2.6
2023-05-09T08:00:00,-17.4,5.34,91.0,0.0,2.9
2023-05-09T09:00:00,-17.7,5.3,93.2,0.0,2.8
2023-05-09T10:00:00,-18.1,5.24,90.8,2.0,2.6
2023-05-09T11:00:00,-18.4,5.04,93.2,6.1,2.1
2023-05-09T12:00:00,-18.9,5.0,96.8,6.5,1.9
2023-05-09T13:00:00,-18.9,4.78,94.2,5.2,1.5
2023-05-09T14:00:00,-19.0,5.0,96.4,2.1,1.9
2023-05-09T15:00:00,-19.2,4.81,96.1,0.0,1.5
2023-05-09T16:00:00,-19.4,4.81,96.9,0.0,1.4
2023-05-09T17:00:00,-19.5,4.72,97.3,0.0,1.3
2023-05-09T18:00:00,-19.7,4.59,96.0,0.0,1.1
2023-05-09T19:00:00,-20.1,4.33,92.1,0.0,0.7
2023-05-09T20:00:00,-20.5,4.11,97.1,0.0,0.4
2023-05-09T21:00:00,-20.4,4.33,92.8,0.0,0.7
2023-05-09T22:00:00,-20.2,4.54,97.7,0.0,1.0
2023-05-09T23:00:00,-20.6,4.21,96.4,0.0,0.5
2023-05-10T00:00:00,-20.3,4.48,95.2,0.0,0.9
2023-05-10T01:00:00,-21.1,4.13,92.8,0.0,0.4
2023-05-10T02:00:00,-21.5,3.26,96.6,0.0,0.0
2023-05-10T03:00:00,-20.3,4.46,95.9,0.0,0.8
2023-05-10T04:00:00,-19.3,5.41,91.8,0.0,3.2
2023-05-10T05:00:00,-19.1,5.69,92.5,0.0,4.3
2023-05-10T06:00:00,-19.3,5.37,96.7,0.0,3.1
2023-05-10T07:00:00,-18.9,4.97,92.9,0.0,1.8
2023-05-10T08:00:00,-18.7,5.06,95.1,0.0,2.0
2023-05-10T09:00:00,-18.8,5.06,98.3,0.0,2.1
2023-05-10T10:00:00,-19.3,4.88,95.1,1.4,1.7
2023-05-10T11:00:00,-18.6,4.96,97.6,5.3,1.9
2023-05-10T12:00:00,-19.4,5.46,94.6,6.5,3.6
2023-05-10T13:00:00,-20.0,5.19,93.9,5.1,2.6
2023-05-10T14:00:00,-20.3,4.72,95.5,1.7,1.3
2023-05-10T15:00:00,-20.0,4.44,93.1,0.0,0.8
2023-05-10T16:00:00,-19.8,4.3,98.7,0.0,0.6
2023-05-10T17:00:00,-20.3,4.05,95.1,0.0,0.3
2023-05-10T18:00:00,-19.9,4.46,94.3,0.0,0.9
2023-05-10T19:00:00,-19.9,4.71,95.9,0.0,1.3
2023-05-10T20:00:00,-21.4,4.55,95.9,0.0,0.9
2023-05-10T21:00:00,-22.0,4.2,94.3,0.0,0.5
2023-05-10T22:00:00,-21.1,4.1,95.8,0.0,0.4
2023-05-10T23:00:00,-20.7,3.71,95.7,0.0,0.1
2023-05-11T00:00:00,-21.1,4.06,97.2,0.0,0.3
2023-05-11T01:00:00,-21.5,3.34,94.2,0.0,0.0
2023-05-11T02:00:00,-22.1,2.25,95.0,0.0,0.0
2023-05-11T03:00:00,-19.7,0.64,96.9,0.0,0.0
2023-05-11T04:00:00,-19.4,0.22,94.9,0.0,0.0
2023-05-11T05:00:00,-19.1,0.85,99.0,0.0,0.0
2023-05-11T06:00:00,-18.8,1.1,96.7,0.0,0.0
2023-05-11T07:00:00,-19.6,1.66,93.6,0.0,0.0
2023-05-11T08:00:00,-19.5,1.92,92.6,0.0,0.0
2023-05-11T09:00:00,-19.0,1.96,95.9,0.0,0.0
2023-05-11T10:00:00,-19.1,2.21,96.9,0.8,0.0
2023-05-11T11:00:00,-18.8,2.21,94.2,5.2,0.0
2023-05-11T12:00:00,-19.7,2.11,97.6,5.4,0.0
2023-05-11T13:00:00,-18.1,1.12,95.8,4.8,0.0
2023-05-11T14:00:00,-18.1,0.22,96.2,0.8,0.0
2023-05-11T15:00:00,-18.1,1.5,94.5,0.0,0.0
2023-05-11T16:00:00,-19.6,1.88,97.6,0.0,0.0
2023-05-11T17:00:00,-19.7,1.7,96.9,0.0,0.0
2023-05-11T18:00:00,-20.9,2.18,94.2,0.0,0.0
2023-05-11T19:00:00,-21.4,2.15,96.1,0.0,0.0
2023-05-11T20:00:00,-21.4,2.59,95.3,0.0,0.0
2023-05-11T21:00:00,-21.1,3.93,93.9,0.0,0.2
2023-05-11T22:00:00,-21.5,4.0,94.9,0.0,0.3
2023-05-11T23:00:00,-21.7,3.3,98.9,0.0,0.0
2023-05-12T00:00:00,-20.4,1.12,97.1,0.0,0.0
2023-05-12T01:00:00,-20.7,2.22,95.5,0.0,0.0
2023-05-12T02:00:00,-20.6,2.06,95.1,0.0,0.0
2023-05-12T03:00:00,-20.4,1.78,93.7,0.0,0.0
2023-05-12T04:00:00,-19.8,3.11,94.4,0.0,0.0
2023-05-12T05:00:00,-19.9,2.82,97.0,0.0,0.0
2023-05-12T06:00:00,-18.2,0.45,92.8,0.0,0.0
2023-05-12T07:00:00,-17.8,0.98,93.5,0.0,0.0
2023-05-12T08:00:00,-17.6,1.26,93.8,0.0,0.0
2023-05-12T09:00:00,-17.4,1.3,94.5,0.0,0.0
2023-05-12T10:00:00,-17.4,1.25,91.3,0.0,0.0
2023-05-12T11:00:00,-18.9,1.75,94.3,5.3,0.0
2023-05-12T12:00:00,-17.0,0.78,94.8,6.8,0.0
2023-05-12T13:00:00,-18.8,1.98,92.7,4.8,0.0
2023-05-12T14:00:00,-19.1,2.52,93.0,0.0,0.0
2023-05-12T15:00:00,-18.1,3.11,92.2,0.0,0.0
2023-05-12T16:00:00,-17.9,3.09,94.1,0.0,0.0
2023-05-12T17:00:00,-18.3,2.64,90.8,0.0,0.0
2023-05-12T18:00:00,-18.6,3.38,93.4,0.0,0.0
2023-05-12T19:00:00,-19.1,3.75,94.1,0.0,0.1
2023-05-12T20:00:00,-19.3,3.06,92.9,0.0,0.0
2023-05-12T21:00:00,-19.6,3.01,98.1,0.0,0.0
2023-05-12T22:00:00,-20.3,2.61,95.9,0.0,0.0
2023-05-12T23:00:00,-21.6,2.55,96.6,0.0,0.0
2023-05-13T00:00:00,-19.8,1.6,95.0,0.0,0.0
2023-05-13T01:00:00,-20.8,2.44,94.6,0.0,0.0
2023-05-13T02:00:00,-21.7,2.6,96.2,0.0,0.0
2023-05-13T03:00:00,-21.5,2.89,94.1,0.0,0.0
2023-05-13T04:00:00,-20.4,2.46,95.3,0.0,0.0
2023-05-13T05:00:00,-18.9,1.92,92.6,0.0,0.0
2023-05-13T06:00:00,-18.9,1.97,93.3,0.0,0.0
2023-05-13T07:00:00,-18.3,1.78,94.9,0.0,0.0
2023-05-13T08:00:00,-17.0,1.17,94.8,0.0,0.0
2023-05-13T09:00:00,-17.0,1.13,90.0,0.0,0.0
2023-05-13T10:00:00,-17.1,1.25,93.2,0.0,0.0
2023-05-13T11:00:00,-19.3,2.22,95.4,4.4,0.0
2023-05-13T12:00:00,-18.3,1.6,93.2,5.1,0.0
2023-05-13T13:00:00,-17.1,1.41,93.7,4.2,0.0
2023-05-13T14:00:00,-19.5,2.35,98.6,0.0,0.0
2023-05-13T15:00:00,-18.1,1.97,92.7,0.0,0.0
2023-05-13T16:00:00,-17.0,1.58,94.8,0.0,0.0
2023-05-13T17:00:00,-20.2,2.39,94.5,0.0,0.0
2023-05-13T18:00:00,-21.4,2.95,95.7,0.0,0.0
2023-05-13T19:00:00,-19.0,5.47,96.7,0.0,3.4
2023-05-13T20:00:00,-18.9,4.74,93.0,0.0,1.3
2023-05-13T21:00:00,-18.4,5.14,98.1,0.0,2.3
2023-05-13T22:00:00,-17.0,6.08,92.9,0.0,6.3
2023-05-13T23:00:00,-16.0,6.5,94.7,0.0,8.8
2023-05-14T00:00:00,-16.2,6.39,96.8,0.0,8.2
2023-05-14T01:00:00,-16.7,5.12,92.6,0.0,2.2
2023-05-14T02:00:00,-17.6,2.72,95.2,0.0,0.0
2023-05-14T03:00:00,-16.8,1.08,93.5,0.0,0.0
2023-05-14T04:00:00,-17.5,1.6,93.5,0.0,0.0
2023-05-14T05:00:00,-16.6,3.68,90.6,0.0,0.1
2023-05-14T06:00:00,-15.8,3.36,95.9,0.0,0.0
2023-05-14T07:00:00,-15.6,2.06,93.9,0.0,0.0
2023-05-14T08:00:00,-14.1,1.91,93.0,0.0,0.0
2023-05-14T09:00:00,-12.5,4.97,91.8,0.0,2.0
2023-05-14T10:00:00,-13.3,3.5,90.2,0.0,0.0
2023-05-14T11:00:00,-12.6,4.49,88.3,3.1,0.9
2023-05-14T12:00:00,-12.8,4.28,90.3,4.4,0.6
2023-05-14T13:00:00,-13.3,3.06,89.2,3.5,0.0
2023-05-14T14:00:00,-12.3,4.25,91.4,0.0,0.5
2023-05-14T15:00:00,-12.2,3.7,87.3,0.0,0.1
2023-05-14T16:00:00,-11.3,5.87,91.2,0.0,5.2
2023-05-14T17:00:00,-11.3,7.5,87.2,0.0,18.2
2023-05-14T18:00:00,-11.4,8.35,90.8,0.0,28.4
2023-05-14T19:00:00,-11.5,8.44,89.6,0.0,30.1
2023-05-14T20:00:00,-11.4,8.02,88.5,0.0,22.6
2023-05-14T21:00:00,-11.4,7.72,88.2,0.0,19.2
2023-05-14T22:00:00,-11.5,8.03,89.5,0.0,23.2
2023-05-14T23:00:00,-11.7,8.36,89.8,0.0,26.8
2023-05-15T00:00:00,-11.5,9.05,91.4,0.0,39.8
2023-05-15T01:00:00,-11.6,9.32,93.4,0.0,44.6
2023-05-15T02:00:00,-11.9,9.0,89.8,0.0,38.4
2023-05-15T03:00:00,-12.0,8.42,89.7,0.0,29.2
2023-05-15T04:00:00,-11.9,8.25,91.8,0.0,27.0
2023-05-15T05:00:00,-11.8,7.96,92.9,0.0,22.9
2023-05-15T06:00:00,-11.7,7.18,90.9,0.0,14.2
2023-05-15T07:00:00,-11.6,6.21,97.0,0.0,7.0
2023-05-15T08:00:00,-11.2,5.88,90.3,0.0,5.1
2023-05-15T09:00:00,-11.1,5.02,90.7,0.0,1.9
2023-05-15T10:00:00,-11.1,4.43,92.1,0.0,0.8
2023-05-15T11:00:00,-10.6,5.07,87.9,3.4,2.2
2023-05-15T12:00:00,-9.9,5.89,90.7,5.0,5.1
2023-05-15T13:00:00,-9.3,6.87,91.6,2.7,11.1
2023-05-15T14:00:00,-9.0,7.09,87.9,0.0,13.4
2023-05-15T15:00:00,-8.7,7.34,88.1,0.0,15.6
2023-05-15T16:00:00,-8.6,7.35,90.4,0.0,15.2
2023-05-15T17:00:00,-8.6,7.12,92.7,0.0,14.2
2023-05-15T18:00:00,-8.7,6.99,87.1,0.0,12.1
2023-05-15T19:00:00,-8.6,6.82,83.0,0.0,11.2
2023-05-15T20:00:00,-8.7,5.82,89.3,0.0,5.1
2023-05-15T21:00:00,-8.8,5.82,90.4,0.0,5.1
2023-05-15T22:00:00,-9.0,6.2,92.5,0.0,6.7
2023-05-15T23:00:00,-10.1,6.97,91.1,0.0,12.4
2023-05-16T00:00:00,-10.8,6.1,93.1,0.0,6.1
2023-05-16T01:00:00,-11.4,7.93,91.7,0.0,22.2
2023-05-16T02:00:00,-11.7,8.67,91.6,0.0,32.8
2023-05-16T03:00:00,-11.9,8.1,89.7,0.0,23.4
2023-05-16T04:00:00,-12.9,7.37,91.9,0.0,16.8
2023-05-16T05:00:00,-13.6,6.74,91.4,0.0,11.1
2023-05-16T06:00:00,-14.1,6.29,91.0,0.0,7.2
2023-05-16T07:00:00,-14.4,6.23,92.6,0.0,7.0
2023-05-16T08:00:00,-14.8,6.32,93.0,0.0,7.8
2023-05-16T09:00:00,-15.0,6.36,93.8,0.0,8.0
2023-05-16T10:00:00,-15.1,5.9,92.5,0.0,5.2
2023-05-16T11:00:00,-15.5,5.54,94.2,2.1,3.7
2023-05-16T12:00:00,-15.5,4.8,91.5,3.4,1.5
2023-05-16T13:00:00,-16.0,4.4,93.8,2.9,0.8
2023-05-16T14:00:00,-15.8,4.92,91.6,0.0,1.8
2023-05-16T15:00:00,-16.5,4.33,94.0,0.0,0.7
2023-05-16T16:00:00,-17.2,3.91,93.4,0.0,0.2
2023-05-16T17:00:00,-17.9,3.42,93.3,0.0,0.0
2023-05-16T18:00:00,-18.6,2.9,95.8,0.0,0.0
2023-05-16T19:00:00,-18.4,3.51,94.8,0.0,0.1
2023-05-16T20:00:00,-18.3,3.98,95.6,0.0,0.3
2023-05-16T21:00:00,-19.2,3.67,93.3,0.0,0.1
2023-05-16T22:00:00,-19.1,3.85,95.1,0.0,0.2
2023-05-16T23:00:00,-19.7,3.76,95.1,0.0,0.1
2023-05-17T00:00:00,-18.8,3.85,93.8,0.0,0.2
2023-05-17T01:00:00,-17.4,1.84,91.0,0.0,0.0
2023-05-17T02:00:00,-16.4,1.03,93.3,0.0,0.0
2023-05-17T03:00:00,-16.0,0.6,93.9,0.0,0.0
2023-05-17T04:00:00,-18.6,2.7,93.5,0.0,0.0
2023-05-17T05:00:00,-18.5,4.2,93.8,0.0,0.5
2023-05-17T06:00:00,-17.3,5.23,91.9,0.0,2.7
2023-05-17T07:00:00,-16.8,5.9,93.7,0.0,5.1
2023-05-17T08:00:00,-16.9,6.28,91.8,0.0,7.7
2023-05-17T09:00:00,-16.8,7.09,94.5,0.0,13.6
2023-05-17T10:00:00,-16.7,7.53,92.3,0.0,18.1
2023-05-17T11:00:00,-16.7,8.07,93.3,1.9,25.2
2023-05-17T12:00:00,-17.1,7.8,95.0,4.0,21.1
2023-05-17T13:00:00,-16.8,8.84,92.7,1.7,35.1
2023-05-17T14:00:00,-16.7,9.4,92.0,0.0,44.2
2023-05-17T15:00:00,-16.6,9.4,91.3,0.0,43.8
2023-05-17T16:00:00,-16.6,9.26,96.8,0.0,44.1
2023-05-17T17:00:00,-16.8,8.67,96.7,0.0,31.5
2023-05-17T18:00:00,-17.3,6.34,93.5,0.0,7.5
2023-05-17T19:00:00,-19.6,4.1,94.4,0.0,0.4
2023-05-17T20:00:00,-20.4,3.91,91.8,0.0,0.2
2023-05-17T21:00:00,-20.1,4.3,95.9,0.0,0.6
2023-05-17T22:00:00,-20.5,4.0,93.9,0.0,0.3
2023-05-17T23:00:00,-21.1,3.81,96.5,0.0,0.2
2023-05-18T00:00:00,-20.8,2.81,94.9,0.0,0.0
2023-05-18T01:00:00,-20.9,3.51,95.5,0.0,0.1
2023-05-18T02:00:00,-20.6,3.8,102.0,0.0,0.2
2023-05-18T03:00:00,-19.9,4.42,95.7,0.0,0.8
2023-05-18T04:00:00,-19.8,4.4,95.7,0.0,0.7
2023-05-18T05:00:00,-20.1,4.28,92.7,0.0,0.6
2023-05-18T06:00:00,-20.5,3.96,94.4,0.0,0.3
2023-05-18T07:00:00,-20.5,3.96,95.5,0.0,0.3
2023-05-18T08:00:00,-20.5,4.14,94.1,0.0,0.4
2023-05-18T09:00:00,-20.3,4.3,97.2,0.0,0.6
2023-05-18T10:00:00,-20.7,4.03,96.2,0.0,0.3
2023-05-18T11:00:00,-19.8,3.76,93.1,1.2,0.1
2023-05-18T12:00:00,-18.8,2.4,93.9,2.4,0.0
2023-05-18T13:00:00,-20.8,3.71,93.8,1.2,0.1
2023-05-18T14:00:00,-19.7,4.31,94.7,0.0,0.6
2023-05-18T15:00:00,-18.9,4.47,97.4,0.0,0.9
2023-05-18T16:00:00,-18.4,4.44,96.4,0.0,0.8
2023-05-18T17:00:00,-18.0,5.12,97.1,0.0,2.2
2023-05-18T18:00:00,-17.4,6.59,92.2,0.0,9.2
2023-05-18T19:00:00,-17.4,6.55,91.3,0.0,9.6
2023-05-18T20:00:00,-17.7,5.6,95.2,0.0,3.9
2023-05-18T21:00:00,-17.5,5.7,96.4,0.0,4.2
2023-05-18T22:00:00,-17.3,6.12,93.1,0.0,6.4
2023-05-18T23:00:00,-17.3,6.02,96.9,0.0,6.0
2023-05-19T00:00:00,-18.4,5.38,94.3,0.0,3.3
2023-05-19T01:00:00,-18.6,5.01,94.4,0.0,2.0
2023-05-19T02:00:00,-17.8,5.06,93.7,0.0,2.0
2023-05-19T03:00:00,-17.8,5.06,94.0,0.0,2.1
2023-05-19T04:00:00,-18.7,4.61,96.8,0.0,1.1
2023-05-19T05:00:00,-18.7,4.85,93.8,0.0,1.5
2023-05-19T06:00:00,-18.7,5.1,97.7,0.0,2.3
2023-05-19T07:00:00,-19.6,4.91,92.3,0.0,1.8
2023-05-19T08:00:00,-19.8,5.0,95.5,0.0,1.9
2023-05-19T09:00:00,-19.7,5.2,96.3,0.0,2.5
2023-05-19T10:00:00,-19.5,5.3,91.4,0.0,2.7
2023-05-19T11:00:00,-19.6,5.21,92.4,0.8,2.5
2023-05-19T12:00:00,-19.9,4.91,96.1,2.4,1.6
2023-05-19T13:00:00,-19.4,4.8,91.1,0.8,1.4
2023-05-19T14:00:00,-20.0,4.6,96.3,0.0,1.1
2023-05-19T15:00:00,-20.3,4.51,93.8,0.0,0.9
2023-05-19T16:00:00,-20.7,4.5,94.4,0.0,0.9
2023-05-19T17:00:00,-20.3,4.9,93.0,0.0,1.8
2023-05-19T18:00:00,-20.4,4.8,97.3,0.0,1.4
2023-05-19T19:00:00,-20.8,4.52,94.5,0.0,0.9
2023-05-19T20:00:00,-21.2,4.51,93.9,0.0,0.9
2023-05-19T21:00:00,-20.6,5.0,97.3,0.0,1.9
2023-05-19T22:00:00,-21.1,4.72,95.7,0.0,1.4
2023-05-19T23:00:00,-22.2,3.96,95.9,0.0,0.3
2023-05-20T00:00:00,-23.5,3.62,97.8,0.0,0.1
2023-05-20T01:00:00,-23.2,3.45,92.8,0.0,0.0
2023-05-20T02:00:00,-21.6,2.78,93.2,0.0,0.0
2023-05-20T03:00:00,-19.5,2.2,99.8,0.0,0.0
2023-05-20T04:00:00,-17.8,1.92,95.6,0.0,0.0
2023-05-20T05:00:00,-17.7,1.8,89.4,0.0,0.0
2023-05-20T06:00:00,-18.8,2.12,92.9,0.0,0.0
2023-05-20T07:00:00,-21.9,2.86,94.8,0.0,0.0
2023-05-20T08:00:00,-22.8,4.43,93.8,0.0,0.8
2023-05-20T09:00:00,-22.4,4.74,92.7,0.0,1.4
2023-05-20T10:00:00,-23.3,4.39,94.6,0.0,0.7
2023-05-20T11:00:00,-24.0,4.26,99.6,0.1,0.6
2023-05-20T12:00:00,-24.0,4.75,95.7,2.1,1.4
2023-05-20T13:00:00,-24.1,4.83,96.3,0.1,1.6
2023-05-20T14:00:00,-23.7,4.75,94.1,0.0,1.4
2023-05-20T15:00:00,-23.7,4.53,99.2,0.0,0.9
2023-05-20T16:00:00,-23.5,4.28,98.8,0.0,0.6
2023-05-20T17:00:00,-24.9,4.05,98.2,0.0,0.3
2023-05-20T18:00:00,-24.4,4.84,98.6,0.0,1.5
2023-05-20T19:00:00,-23.9,5.25,99.0,0.0,2.7
2023-05-20T20:00:00,-24.4,5.08,101.6,0.0,2.1
2023-05-20T21:00:00,-25.3,4.62,97.3,0.0,1.1
2023-05-20T22:00:00,-26.4,3.72,100.8,0.0,0.1
2023-05-20T23:00:00,-25.7,2.39,99.6,0.0,0.0
2023-05-21T00:00:00,-21.0,0.85,90.9,0.0,0.0
2023-05-21T01:00:00,-21.0,1.39,91.4,0.0,0.0
2023-05-21T02:00:00,-21.0,1.99,98.3,0.0,0.0
2023-05-21T03:00:00,-23.1,2.62,95.4,0.0,0.0
2023-05-21T04:00:00,-24.2,2.88,99.5,0.0,0.0
2023-05-21T05:00:00,-24.4,2.94,99.3,0.0,0.0
2023-05-21T06:00:00,-24.9,3.09,95.1,0.0,0.0
2023-05-21T07:00:00,-26.0,3.64,97.6,0.0,0.1
2023-05-21T08:00:00,-26.1,3.73,100.4,0.0,0.1
2023-05-21T09:00:00,-25.5,4.22,97.6,0.0,0.5
2023-05-21T10:00:00,-24.8,4.61,96.9,0.0,1.1
2023-05-21T11:00:00,-25.2,4.93,99.3,0.0,1.8
2023-05-21T12:00:00,-25.9,4.74,96.8,1.2,1.3
2023-05-21T13:00:00,-26.0,4.55,98.7,0.0,1.0
2023-05-21T14:00:00,-25.8,4.67,99.0,0.0,1.2
2023-05-21T15:00:00,-25.2,5.05,95.0,0.0,2.1
2023-05-21T16:00:00,-24.6,5.32,101.1,0.0,2.9
2023-05-21T17:00:00,-25.5,4.5,97.1,0.0,1.0
2023-05-21T18:00:00,-25.0,3.31,100.0,0.0,0.0
2023-05-21T19:00:00,-25.4,3.51,98.0,0.0,0.0
2023-05-21T20:00:00,-25.9,4.31,96.8,0.0,0.7
2023-05-21T21:00:00,-25.8,4.21,99.2,0.0,0.5
2023-05-21T22:00:00,-25.1,3.65,97.4,0.0,0.1
2023-05-21T23:00:00,-23.4,3.06,98.1,0.0,0.0
2023-05-22T00:00:00,-22.6,2.72,93.8,0.0,0.0
2023-05-22T01:00:00,-22.4,2.7,99.6,0.0,0.0
2023-05-22T02:00:00,-21.6,2.5,98.0,0.0,0.0
2023-05-22T03:00:00,-19.2,1.7,93.8,0.0,0.0
2023-05-22T04:00:00,-19.2,1.41,93.5,0.0,0.0
2023-05-22T05:00:00,-19.1,1.71,97.3,0.0,0.0
2023-05-22T06:00:00,-19.6,2.15,97.5,0.0,0.0
2023-05-22T07:00:00,-20.5,2.45,98.0,0.0,0.0
2023-05-22T08:00:00,-19.4,2.3,94.8,0.0,0.0
2023-05-22T09:00:00,-18.3,1.91,95.1,0.0,0.0
2023-05-22T10:00:00,-18.1,1.0,95.8,0.0,0.0
2023-05-22T11:00:00,-18.1,0.42,92.9,0.0,0.0
2023-05-22T12:00:00,-20.3,2.04,92.4,0.8,0.0
2023-05-22T13:00:00,-19.8,1.55,92.4,0.0,0.0
2023-05-22T14:00:00,-19.7,0.94,95.5,0.0,0.0
2023-05-22T15:00:00,-21.1,2.32,96.7,0.0,0.0
2023-05-22T16:00:00,-19.7,1.22,95.8,0.0,0.0
2023-05-22T17:00:00,-19.4,0.45,94.6,0.0,0.0
2023-05-22T18:00:00,-19.6,1.3,95.8,0.0,0.0
2023-05-22T19:00:00,-19.8,1.6,95.6,0.0,0.0
2023-05-22T20:00:00,-19.7,1.7,96.8,0.0,0.0
2023-05-22T21:00:00,-19.7,1.5,95.4,0.0,0.0
2023-05-22T22:00:00,-19.8,0.92,95.6,0.0,0.0
2023-05-22T23:00:00,-19.9,1.0,96.2,0.0,0.0
2023-05-23T00:00:00,-20.9,2.09,95.9,0.0,0.0
2023-05-23T01:00:00,-21.8,2.18,95.7,0.0,0.0
2023-05-23T02:00:00,-21.7,1.12,97.0,0.0,0.0
2023-05-23T03:00:00,-21.7,0.76,96.8,0.0,0.0
2023-05-23T04:00:00,-22.1,2.1,94.9,0.0,0.0
2023-05-23T05:00:00,-23.5,2.33,96.3,0.0,0.0
2023-05-23T06:00:00,-27.5,3.26,93.3,0.0,0.0
2023-05-23T07:00:00,-28.4,4.58,99.6,0.0,1.0
2023-05-23T08:00:00,-28.1,4.91,98.2,0.0,1.7
2023-05-23T09:00:00,-28.6,4.61,101.4,0.0,1.1
2023-05-23T10:00:00,-28.7,4.74,97.8,0.0,1.3
2023-05-23T11:00:00,-27.8,5.56,96.8,0.0,3.6
2023-05-23T12:00:00,-28.4,5.4,97.2,0.2,3.2
2023-05-23T13:00:00,-28.9,5.05,96.1,0.0,2.1
2023-05-23T14:00:00,-29.1,5.0,102.1,0.0,2.0
2023-05-23T15:00:00,-28.1,5.47,94.6,0.0,3.5
2023-05-23T16:00:00,-26.7,5.81,97.6,0.0,4.8
2023-05-23T17:00:00,-26.6,5.55,98.7,0.0,4.0
2023-05-23T18:00:00,-26.4,5.59,100.5,0.0,4.0
2023-05-23T19:00:00,-25.6,6.04,98.1,0.0,6.2
2023-05-23T20:00:00,-24.6,6.77,95.0,0.0,11.1
2023-05-23T21:00:00,-24.4,6.84,98.0,0.0,11.0
2023-05-23T22:00:00,-24.7,6.51,97.0,0.0,9.2
2023-05-23T23:00:00,-25.3,6.09,101.5,0.0,6.1
2023-05-24T00:00:00,-23.2,6.71,95.7,0.0,10.9
2023-05-24T01:00:00,-24.1,5.81,100.8,0.0,4.7
2023-05-24T02:00:00,-25.7,4.77,95.7,0.0,1.4
2023-05-24T03:00:00,-27.1,4.24,96.9,0.0,0.5
2023-05-24T04:00:00,-27.1,4.44,99.5,0.0,0.8
2023-05-24T05:00:00,-27.2,4.07,97.9,0.0,0.4
2023-05-24T06:00:00,-26.8,4.61,98.3,0.0,1.1
2023-05-24T07:00:00,-26.1,4.97,101.5,0.0,1.8
2023-05-24T08:00:00,-25.0,5.16,98.5,0.0,2.3
2023-05-24T09:00:00,-24.2,5.37,97.6,0.0,3.0
2023-05-24T10:00:00,-23.8,5.24,96.5,0.0,2.7
2023-05-24T11:00:00,-24.1,5.0,97.3,0.0,1.9
2023-05-24T12:00:00,-25.9,3.64,97.4,0.0,0.1
2023-05-24T13:00:00,-25.1,4.77,91.0,0.0,1.4
2023-05-24T14:00:00,-23.9,5.28,97.9,0.0,2.8
2023-05-24T15:00:00,-24.4,5.2,93.9,0.0,2.4
2023-05-24T16:00:00,-25.2,5.1,96.6,0.0,2.3
2023-05-24T17:00:00,-25.3,5.0,94.0,0.0,1.9
2023-05-24T18:00:00,-26.0,4.6,100.7,0.0,1.1
2023-05-24T19:00:00,-26.7,4.2,98.3,0.0,0.5
2023-05-24T20:00:00,-26.8,4.22,100.1,0.0,0.5
2023-05-24T21:00:00,-26.9,4.37,99.0,0.0,0.7
2023-05-24T22:00:00,-26.3,4.85,96.9,0.0,1.5
2023-05-24T23:00:00,-25.7,5.32,95.7,0.0,2.9
2023-05-25T00:00:00,-24.9,6.1,93.5,0.0,6.7
2023-05-25T01:00:00,-26.0,5.19,99.2,0.0,2.4
2023-05-25T02:00:00,-26.5,5.01,96.1,0.0,1.9
2023-05-25T03:00:00,-26.8,4.92,96.1,0.0,1.8
2023-05-25T04:00:00,-27.1,4.89,97.4,0.0,1.7
2023-05-25T05:00:00,-26.5,5.33,97.4,0.0,3.0
2023-05-25T06:00:00,-25.7,5.63,97.4,0.0,4.3
2023-05-25T07:00:00,-26.3,5.11,101.5,0.0,2.2
2023-05-25T08:00:00,-27.3,4.42,98.1,0.0,0.8
2023-05-25T09:00:00,-26.8,4.88,100.6,0.0,1.6
2023-05-25T10:00:00,-26.6,4.98,97.4,0.0,1.9
2023-05-25T11:00:00,-25.8,5.32,97.4,0.0,3.0
2023-05-25T12:00:00,-26.8,5.06,98.1,0.0,2.1
2023-05-25T13:00:00,-23.5,2.46,98.6,0.0,0.0
2023-05-25T14:00:00,-23.5,2.5,96.3,0.0,0.0
2023-05-25T15:00:00,-22.2,2.33,97.0,0.0,0.0
2023-05-25T16:00:00,-25.2,3.04,96.5,0.0,0.0
2023-05-25T17:00:00,-26.6,3.76,94.8,0.0,0.1
2023-05-25T18:00:00,-25.5,5.15,96.2,0.0,2.5
2023-05-25T19:00:00,-22.1,5.52,96.1,0.0,3.6
2023-05-25T20:00:00,-22.6,5.37,91.7,0.0,3.0
2023-05-25T21:00:00,-21.3,5.73,94.6,0.0,4.8
2023-05-25T22:00:00,-21.6,4.95,89.3,0.0,1.9
2023-05-25T23:00:00,-21.4,4.55,96.6,0.0,1.0
2023-05-26T00:00:00,-21.9,3.96,97.4,0.0,0.3
2023-05-26T01:00:00,-22.1,3.61,94.3,0.0,0.1
2023-05-26T02:00:00,-20.0,2.14,95.1,0.0,0.0
2023-05-26T03:00:00,-18.1,0.51,95.7,0.0,0.0
2023-05-26T04:00:00,-17.7,1.9,93.6,0.0,0.0
2023-05-26T05:00:00,-19.4,2.25,95.0,0.0,0.0
2023-05-26T06:00:00,-21.9,3.04,95.3,0.0,0.0
2023-05-26T07:00:00,-23.1,4.32,92.4,0.0,0.7
2023-05-26T08:00:00,-21.9,4.85,95.0,0.0,1.6
2023-05-26T09:00:00,-22.2,5.28,96.3,0.0,2.7
2023-05-26T10:00:00,-22.0,5.55,99.3,0.0,3.7
2023-05-26T11:00:00,-22.5,5.63,95.2,0.0,3.9
2023-05-26T12:00:00,-23.8,4.7,101.1,0.0,1.2
2023-05-26T13:00:00,-22.3,5.51,98.1,0.0,3.8
2023-05-26T14:00:00,-21.9,6.01,95.6,0.0,6.1
2023-05-26T15:00:00,-21.9,6.0,93.3,0.0,5.8
2023-05-26T16:00:00,-22.8,5.4,98.6,0.0,3.3
2023-05-26T17:00:00,-23.3,5.2,98.0,0.0,2.5
2023-05-26T18:00:00,-23.5,4.9,101.2,0.0,1.8
2023-05-26T19:00:00,-22.9,5.22,96.7,0.0,2.5
2023-05-26T20:00:00,-22.1,5.9,95.9,0.0,5.1
2023-05-26T21:00:00,-22.2,5.92,96.7,0.0,5.5
2023-05-26T22:00:00,-22.3,6.02,99.0,0.0,6.1
2023-05-26T23:00:00,-22.8,5.65,97.1,0.0,4.1
2023-05-27T00:00:00,-24.2,5.16,96.9,0.0,2.4
2023-05-27T01:00:00,-25.8,3.67,99.9,0.0,0.1
2023-05-27T02:00:00,-24.8,3.1,95.6,0.0,0.0
2023-05-27T03:00:00,-25.9,3.67,97.8,0.0,0.1
2023-05-27T04:00:00,-25.4,4.37,95.0,0.0,0.7
2023-05-27T05:00:00,-25.0,4.63,97.8,0.0,1.2
2023-05-27T06:00:00,-25.2,4.7,93.6,0.0,1.3
2023-05-27T07:00:00,-24.1,5.33,101.6,0.0,2.8
2023-05-27T08:00:00,-23.8,5.47,93.7,0.0,3.6
2023-05-27T09:00:00,-23.5,5.65,96.4,0.0,4.0
2023-05-27T10:00:00,-23.4,5.85,95.0,0.0,5.2
2023-05-27T11:00:00,-23.5,5.9,100.3,0.0,5.4
2023-05-27T12:00:00,-23.4,6.1,96.1,0.0,6.5
2023-05-27T13:00:00,-23.2,6.1,96.8,0.0,6.7
2023-05-27T14:00:00,-23.4,5.91,96.4,0.0,5.5
2023-05-27T15:00:00,-23.7,5.71,93.8,0.0,4.2
2023-05-27T16:00:00,-24.1,5.61,97.0,0.0,4.1
2023-05-27T17:00:00,-24.4,5.4,95.3,0.0,3.3
2023-05-27T18:00:00,-24.3,5.53,97.6,0.0,3.6
2023-05-27T19:00:00,-24.1,5.66,100.8,0.0,4.3
2023-05-27T20:00:00,-23.9,5.79,97.5,0.0,4.6
2023-05-27T21:00:00,-23.6,5.97,94.2,0.0,5.6
2023-05-27T22:00:00,-23.3,6.14,92.7,0.0,6.4
2023-05-27T23:00:00,-23.3,6.1,97.1,0.0,6.2
2023-05-28T00:00:00,-22.1,7.6,97.4,0.0,19.4
2023-05-28T01:00:00,-22.2,6.87,96.1,0.0,11.7
2023-05-28T02:00:00,-23.3,5.64,98.2,0.0,4.2
2023-05-28T03:00:00,-26.1,4.02,99.1,0.0,0.3
2023-05-28T04:00:00,-26.9,3.75,98.5,0.0,0.1
2023-05-28T05:00:00,-26.7,4.22,94.5,0.0,0.5
2023-05-28T06:00:00,-26.5,4.36,93.5,0.0,0.7
2023-05-28T07:00:00,-26.0,4.8,101.8,0.0,1.6
2023-05-28T08:00:00,-25.2,5.32,93.6,0.0,3.0
2023-05-28T09:00:00,-24.6,5.66,99.0,0.0,4.1
2023-05-28T10:00:00,-24.5,5.66,98.3,0.0,4.1
2023-05-28T11:00:00,-24.4,5.85,96.6,0.0,5.1
2023-05-28T12:00:00,-24.9,6.16,96.6,0.0,6.6
2023-05-28T13:00:00,-24.8,6.1,95.5,0.0,6.5
2023-05-28T14:00:00,-25.0,5.84,93.7,0.0,5.1
2023-05-28T15:00:00,-25.1,5.61,98.4,0.0,4.2
2023-05-28T16:00:00,-25.2,5.45,96.7,0.0,3.6
2023-05-28T17:00:00,-24.5,5.99,95.3,0.0,5.8
2023-05-28T18:00:00,-24.2,6.09,98.6,0.0,6.6
2023-05-28T19:00:00,-24.5,5.78,96.4,0.0,4.6
2023-05-28T20:00:00,-24.4,5.95,97.4,0.0,5.4
2023-05-28T21:00:00,-24.1,6.12,94.7,0.0,6.3
2023-05-28T22:00:00,-23.8,6.41,98.5,0.0,8.4
2023-05-28T23:00:00,-23.3,7.18,99.0,0.0,14.6
2023-05-29T00:00:00,-23.1,8.51,96.9,0.0,29.8
2023-05-29T01:00:00,-23.2,7.02,93.7,0.0,13.4
2023-05-29T02:00:00,-24.4,5.22,97.5,0.0,2.7
2023-05-29T03:00:00,-26.2,4.12,100.0,0.0,0.4
2023-05-29T04:00:00,-26.8,3.61,99.8,0.0,0.1
2023-05-29T05:00:00,-26.2,4.3,98.2,0.0,0.6
2023-05-29T06:00:00,-25.4,4.8,98.4,0.0,1.6
2023-05-29T07:00:00,-24.2,5.5,94.8,0.0,3.5
2023-05-29T08:00:00,-23.4,5.9,98.1,0.0,5.4
2023-05-29T09:00:00,-23.1,6.01,96.8,0.0,6.0
2023-05-29T10:00:00,-22.8,6.15,93.2,0.0,6.4
2023-05-29T11:00:00,-22.7,6.05,96.7,0.0,5.9
2023-05-29T12:00:00,-25.3,4.95,98.7,0.0,1.8
2023-05-29T13:00:00,-24.3,4.91,95.8,0.0,1.7
2023-05-29T14:00:00,-24.6,4.63,99.8,0.0,1.2
2023-05-29T15:00:00,-24.3,4.81,99.3,0.0,1.5
2023-05-29T16:00:00,-23.8,5.12,96.6,0.0,2.3
2023-05-29T17:00:00,-23.2,5.4,98.0,0.0,3.2
2023-05-29T18:00:00,-23.5,5.0,92.5,0.0,2.0
2023-05-29T19:00:00,-22.9,5.4,95.2,0.0,3.2
2023-05-29T20:00:00,-22.7,5.3,94.6,0.0,2.9
2023-05-29T21:00:00,-21.9,5.9,96.4,0.0,5.6
2023-05-29T22:00:00,-21.4,5.9,95.7,0.0,5.3
2023-05-29T23:00:00,-20.9,6.2,96.0,0.0,6.9
2023-05-30T00:00:00,-19.9,6.65,96.2,0.0,10.2
2023-05-30T01:00:00,-18.7,6.5,97.2,0.0,8.8
2023-05-30T02:00:00,-18.1,6.58,94.5,0.0,9.9
2023-05-30T03:00:00,-17.6,5.79,93.6,0.0,4.8
2023-05-30T04:00:00,-17.5,5.7,93.8,0.0,4.6
2023-05-30T05:00:00,-17.0,5.8,97.6,0.0,4.7
2023-05-30T06:00:00,-16.9,5.9,92.5,0.0,5.3
2023-05-30T07:00:00,-16.4,5.93,94.5,0.0,5.5
2023-05-30T08:00:00,-16.2,6.2,95.1,0.0,7.2
2023-05-30T09:00:00,-15.5,6.15,90.4,0.0,6.6
2023-05-30T10:00:00,-15.3,5.98,94.9,0.0,5.8
2023-05-30T11:00:00,-14.9,5.75,94.1,0.0,4.5
2023-05-30T12:00:00,-14.3,5.73,92.2,0.0,4.6
2023-05-30T13:00:00,-13.7,5.35,90.2,0.0,3.1
2023-05-30T14:00:00,-13.5,5.83,90.6,0.0,4.8
2023-05-30T15:00:00,-12.2,6.91,88.3,0.0,12.3
2023-05-30T16:00:00,-11.7,8.23,90.8,0.0,25.0
2023-05-30T17:00:00,-11.5,7.7,92.4,0.0,20.3
2023-05-30T18:00:00,-11.2,7.2,91.4,0.0,14.6
2023-05-30T19:00:00,-10.8,7.83,89.6,0.0,20.4
2023-05-30T20:00:00,-10.8,7.83,89.7,0.0,21.4
2023-05-30T21:00:00,-11.0,7.92,90.4,0.0,22.6
2023-05-30T22:00:00,-11.3,7.9,88.8,0.0,22.0
2023-05-30T23:00:00,-11.3,7.9,88.9,0.0,21.8
2023-05-31T00:00:00,-10.9,7.69,90.5,0.0,19.1
2023-05-31T01:00:00,-10.6,8.05,88.3,0.0,23.4
2023-05-31T02:00:00,-10.8,7.86,85.4,0.0,21.6
2023-05-31T03:00:00,-11.3,6.94,93.5,0.0,12.3
2023-05-31T04:00:00,-11.6,6.4,93.0,0.0,7.8
2023-05-31T05:00:00,-12.2,6.77,90.7,0.0,11.3
2023-05-31T06:00:00,-12.7,7.07,91.7,0.0,12.7
2023-05-31T07:00:00,-13.2,7.47,92.8,0.0,16.9
2023-05-31T08:00:00,-13.1,7.14,95.8,0.0,14.5
2023-05-31T09:00:00,-13.1,6.86,92.4,0.0,11.4
2023-05-31T10:00:00,-13.3,6.58,91.8,0.0,9.2
2023-05-31T11:00:00,-13.5,6.28,90.0,0.0,7.5
2023-05-31T12:00:00,-14.9,6.35,94.4,0.0,7.5
2023-05-31T13:00:00,-15.1,6.2,92.3,0.0,7.1
2023-05-31T14:00:00,-14.8,6.18,93.6,0.0,6.5
2023-05-31T15:00:00,-15.2,6.14,90.9,0.0,6.9
2023-05-31T16:00:00,-15.2,6.2,88.6,0.0,7.2
2023-05-31T17:00:00,-15.5,5.8,92.1,0.0,4.9
2023-05-31T18:00:00,-15.6,5.7,94.7,0.0,4.5
2023-05-31T19:00:00,-14.9,6.1,93.2,0.0,6.4
2023-05-31T20:00:00,-14.4,6.26,92.3,0.0,7.6
2023-05-31T21:00:00,-14.3,6.02,90.8,0.0,6.0
2023-05-31T22:00:00,-14.8,5.66,93.7,0.0,4.4
2023-05-31T23:00:00,-15.0,5.11,93.2,0.0,2.3
2023-06-01T00:00:00,-12.1,6.89,87.4,0.0,12.4
2023-06-01T01:00:00,-11.8,7.24,90.8,0.0,15.1
2023-06-01T02:00:00,-11.7,6.75,89.6,0.0,11.1
2023-06-01T03:00:00,-11.8,5.82,91.1,0.0,5.2
2023-06-01T04:00:00,-12.4,5.2,89.6,0.0,2.4
2023-06-01T05:00:00,-13.2,5.81,90.5,0.0,5.2
2023-06-01T06:00:00,-14.4,5.77,92.3,0.0,4.6
2023-06-01T07:00:00,-14.4,5.68,92.1,0.0,4.5
2023-06-01T08:00:00,-13.9,5.77,90.7,0.0,4.9
2023-06-01T09:00:00,-13.6,5.81,95.7,0.0,4.9
2023-06-01T10:00:00,-13.4,5.8,91.7,0.0,4.7
2023-06-01T11:00:00,-13.4,6.0,90.1,0.0,5.7
2023-06-01T12:00:00,-13.7,5.91,91.5,0.0,5.3
2023-06-01T13:00:00,-13.7,5.71,91.6,0.0,4.2
2023-06-01T14:00:00,-13.5,5.6,94.2,0.0,4.1
2023-06-01T15:00:00,-13.5,5.51,94.1,0.0,3.6
2023-06-01T16:00:00,-13.3,5.5,92.4,0.0,3.7
2023-06-01T17:00:00,-13.4,5.5,90.9,0.0,3.5
2023-06-01T18:00:00,-13.5,5.51,92.4,0.0,3.8
2023-06-01T19:00:00,-13.6,5.52,90.4,0.0,3.5
2023-06-01T20:00:00,-13.7,5.51,89.7,0.0,3.7
2023-06-01T21:00:00,-14.1,5.6,93.5,0.0,4.1
2023-06-01T22:00:00,-14.2,5.7,95.4,0.0,4.4
2023-06-01T23:00:00,-14.5,5.9,93.4,0.0,5.1
2023-06-02T00:00:00,-14.8,7.24,90.2,0.0,15.6
2023-06-02T01:00:00,-15.0,7.45,93.3,0.0,16.5
2023-06-02T02:00:00,-15.1,6.26,92.6,0.0,7.3
2023-06-02T03:00:00,-15.6,4.65,92.1,0.0,1.2
2023-06-02T04:00:00,-16.1,4.63,92.7,0.0,1.1
2023-06-02T05:00:00,-16.0,5.45,92.6,0.0,3.5
2023-06-02T06:00:00,-16.1,5.98,93.0,0.0,6.0
2023-06-02T07:00:00,-15.7,5.93,90.3,0.0,5.7
2023-06-02T08:00:00,-15.3,6.13,93.1,0.0,6.7
2023-06-02T09:00:00,-15.5,6.33,95.2,0.0,7.5
2023-06-02T10:00:00,-15.8,6.42,94.0,0.0,8.1
2023-06-02T11:00:00,-16.2,6.31,89.6,0.0,7.7
2023-06-02T12:00:00,-16.9,5.94,96.7,0.0,5.6
2023-06-02T13:00:00,-16.9,5.87,92.8,0.0,5.1
2023-06-02T14:00:00,-17.3,6.08,94.0,0.0,6.4
2023-06-02T15:00:00,-17.4,6.38,96.4,0.0,7.7
2023-06-02T16:00:00,-17.4,6.65,96.8,0.0,10.3
2023-06-02T17:00:00,-17.3,6.67,93.8,0.0,10.1
2023-06-02T18:00:00,-17.3,6.16,95.3,0.0,7.1
2023-06-02T19:00:00,-17.4,5.9,96.4,0.0,5.3
2023-06-02T20:00:00,-17.7,5.64,92.8,0.0,4.3
2023-06-02T21:00:00,-17.6,5.52,96.7,0.0,3.8
2023-06-02T22:00:00,-17.7,5.52,94.7,0.0,3.5
2023-06-02T23:00:00,-17.9,5.62,95.1,0.0,4.1
2023-06-03T00:00:00,-18.8,5.99,97.2,0.0,5.6
2023-06-03T01:00:00,-19.6,4.84,94.0,0.0,1.5
2023-06-03T02:00:00,-20.3,4.52,97.1,0.0,1.0
2023-06-03T03:00:00,-21.3,4.0,95.2,0.0,0.3
2023-06-03T04:00:00,-21.6,3.9,94.3,0.0,0.2
2023-06-03T05:00:00,-21.1,4.6,93.4,0.0,1.1
2023-06-03T06:00:00,-21.0,4.85,93.4,0.0,1.5
2023-06-03T07:00:00,-21.8,4.04,97.6,0.0,0.3
2023-06-03T08:00:00,-22.2,3.21,96.4,0.0,0.0
2023-06-03T09:00:00,-21.8,3.03,91.9,0.0,0.0
2023-06-03T10:00:00,-22.6,3.44,94.7,0.0,0.0
2023-06-03T11:00:00,-21.7,4.64,95.1,0.0,1.2
2023-06-03T12:00:00,-21.8,5.26,97.8,0.0,2.8
2023-06-03T13:00:00,-21.3,5.77,96.3,0.0,4.6
2023-06-03T14:00:00,-21.3,5.68,97.5,0.0,4.3
2023-06-03T15:00:00,-21.3,5.54,95.4,0.0,3.7
2023-06-03T16:00:00,-21.7,5.07,97.5,0.0,2.2
2023-06-03T17:00:00,-21.9,5.19,98.1,0.0,2.5
2023-06-03T18:00:00,-21.8,5.32,97.3,0.0,2.9
2023-06-03T19:00:00,-21.6,5.41,97.1,0.0,3.1
2023-06-03T20:00:00,-21.3,5.27,92.5,0.0,2.8
2023-06-03T21:00:00,-21.5,5.16,95.5,0.0,2.3
2023-06-03T22:00:00,-21.2,5.41,94.0,0.0,3.3
2023-06-03T23:00:00,-21.1,5.51,93.5,0.0,3.7
2023-06-04T00:00:00,-21.6,7.62,97.1,0.0,18.3
2023-06-04T01:00:00,-21.9,6.94,100.2,0.0,11.8
2023-06-04T02:00:00,-22.5,6.08,97.8,0.0,6.6
2023-06-04T03:00:00,-22.7,5.8,97.5,0.0,4.7
2023-06-04T04:00:00,-22.9,5.41,95.0,0.0,3.4
2023-06-04T05:00:00,-22.9,5.29,96.9,0.0,2.8
2023-06-04T06:00:00,-22.8,5.14,96.7,0.0,2.3
2023-06-04T07:00:00,-23.3,5.04,98.0,0.0,2.0
2023-06-04T08:00:00,-23.4,5.5,94.4,0.0,3.5
2023-06-04T09:00:00,-23.1,5.9,96.7,0.0,5.5
2023-06-04T10:00:00,-23.1,6.0,97.5,0.0,6.0
2023-06-04T11:00:00,-23.2,6.11,95.6,0.0,6.2
2023-06-04T12:00:00,-23.5,6.96,96.6,0.0,13.0
2023-06-04T13:00:00,-23.5,6.45,96.1,0.0,8.9
2023-06-04T14:00:00,-24.1,5.52,95.6,0.0,3.5
2023-06-04T15:00:00,-24.8,4.88,98.9,0.0,1.7
2023-06-04T16:00:00,-26.1,4.14,100.2,0.0,0.4
2023-06-04T17:00:00,-26.5,3.96,98.0,0.0,0.3
2023-06-04T18:00:00,-26.1,4.24,97.9,0.0,0.5
2023-06-04T19:00:00,-25.9,4.37,99.4,0.0,0.7
2023-06-04T20:00:00,-25.9,4.28,98.9,0.0,0.6
2023-06-04T21:00:00,-26.1,4.14,96.9,0.0,0.4
2023-06-04T22:00:00,-25.3,4.72,96.2,0.0,1.3
2023-06-04T23:00:00,-24.8,4.6,95.8,0.0,1.0
2023-06-05T00:00:00,-27.1,3.61,96.5,0.0,0.1
2023-06-05T01:00:00,-26.5,3.81,98.5,0.0,0.2
2023-06-05T02:00:00,-25.7,3.04,96.8,0.0,0.0
2023-06-05T03:00:00,-23.0,2.1,92.4,0.0,0.0
2023-06-05T04:00:00,-20.8,1.51,94.2,0.0,0.0
2023-06-05T05:00:00,-20.2,0.92,95.1,0.0,0.0
2023-06-05T06:00:00,-19.7,0.86,93.8,0.0,0.0
2023-06-05T07:00:00,-19.4,0.94,93.4,0.0,0.0
2023-06-05T08:00:00,-19.1,1.14,93.7,0.0,0.0
2023-06-05T09:00:00,-19.1,1.5,96.5,0.0,0.0
2023-06-05T10:00:00,-21.1,2.42,95.7,0.0,0.0
2023-06-05T11:00:00,-20.6,2.42,96.7,0.0,0.0
2023-06-05T12:00:00,-18.9,1.42,92.9,0.0,0.0
2023-06-05T13:00:00,-21.7,2.92,90.9,0.0,0.0
2023-06-05T14:00:00,-17.1,1.93,95.9,0.0,0.0
2023-06-05T15:00:00,-16.8,1.3,91.6,0.0,0.0
2023-06-05T16:00:00,-16.1,1.97,91.8,0.0,0.0
2023-06-05T17:00:00,-17.8,2.51,94.8,0.0,0.0
2023-06-05T18:00:00,-21.2,3.59,93.8,0.0,0.1
2023-06-05T19:00:00,-19.2,5.97,95.0,0.0,5.7
2023-06-05T20:00:00,-17.5,7.38,91.6,0.0,15.5
2023-06-05T21:00:00,-17.1,7.86,89.6,0.0,20.7
2023-06-05T22:00:00,-16.8,8.08,90.9,0.0,24.6
2023-06-05T23:00:00,-16.5,8.3,91.8,0.0,26.8
2023-06-06T00:00:00,-15.7,6.17,94.9,0.0,6.7
2023-06-06T01:00:00,-15.1,8.14,89.2,0.0,25.5
2023-06-06T02:00:00,-14.9,9.63,92.7,0.0,52.3
2023-06-06T03:00:00,-14.8,10.12,95.5,0.0,59.4
2023-06-06T04:00:00,-14.8,10.97,90.5,0.0,85.7
2023-06-06T05:00:00,-14.6,10.36,96.1,0.0,66.4
2023-06-06T06:00:00,-14.5,9.9,91.1,0.0,57.6
2023-06-06T07:00:00,-14.4,9.3,95.0,0.0,44.8
2023-06-06T08:00:00,-14.1,8.7,90.1,0.0,33.1
2023-06-06T09:00:00,-13.7,7.7,91.2,0.0,19.2
2023-06-06T10:00:00,-14.3,5.9,92.2,0.0,5.4
2023-06-06T11:00:00,-14.3,5.81,92.8,0.0,5.1
2023-06-06T12:00:00,-13.9,5.91,92.6,0.0,5.6
2023-06-06T13:00:00,-16.4,3.82,90.5,0.0,0.2
2023-06-06T14:00:00,-12.0,1.0,93.5,0.0,0.0
2023-06-06T15:00:00,-15.0,2.63,92.7,0.0,0.0
2023-06-06T16:00:00,-13.8,2.26,93.3,0.0,0.0
2023-06-06T17:00:00,-12.0,1.13,91.7,0.0,0.0
2023-06-06T18:00:00,-12.2,1.3,90.4,0.0,0.0
2023-06-06T19:00:00,-12.5,1.14,89.9,0.0,0.0
2023-06-06T20:00:00,-12.2,1.36,92.9,0.0,0.0
2023-06-06T21:00:00,-12.6,1.66,92.6,0.0,0.0
2023-06-06T22:00:00,-13.0,1.8,88.2,0.0,0.0
2023-06-06T23:00:00,-11.1,1.26,89.4,0.0,0.0
2023-06-07T00:00:00,-10.9,6.38,90.2,0.0,7.7
2023-06-07T01:00:00,-10.2,8.2,87.0,0.0,25.0
2023-06-07T02:00:00,-10.3,7.23,93.8,0.0,15.5
2023-06-07T03:00:00,-9.9,7.71,92.5,0.0,19.0
2023-06-07T04:00:00,-9.8,7.74,88.3,0.0,20.5
2023-06-07T05:00:00,-9.5,7.76,91.1,0.0,20.8
2023-06-07T06:00:00,-9.3,8.07,88.6,0.0,23.2
2023-06-07T07:00:00,-9.6,7.86,88.7,0.0,22.6
2023-06-07T08:00:00,-9.5,7.77,89.3,0.0,20.7
2023-06-07T09:00:00,-9.1,7.55,91.4,0.0,17.2
2023-06-07T10:00:00,-8.8,7.69,89.1,0.0,20.2
2023-06-07T11:00:00,-8.3,8.61,90.1,0.0,32.3
2023-06-07T12:00:00,-8.8,10.23,90.3,0.0,59.8
2023-06-07T13:00:00,-8.5,11.4,88.0,0.0,94.8
2023-06-07T14:00:00,-7.6,11.04,93.6,0.0,87.4
2023-06-07T15:00:00,-7.6,10.94,88.3,0.0,78.8
2023-06-07T16:00:00,-7.2,11.92,89.3,0.0,106.7
2023-06-07T17:00:00,-7.0,12.4,88.3,0.0,114.2
2023-06-07T18:00:00,-6.9,12.71,90.3,0.0,108.6
2023-06-07T19:00:00,-6.7,12.88,87.7,0.0,112.6
2023-06-07T20:00:00,-6.7,12.42,90.8,0.0,117.0
2023-06-07T21:00:00,-6.7,11.9,92.7,0.0,115.7
2023-06-07T22:00:00,-5.9,12.91,85.7,0.0,109.9
2023-06-07T23:00:00,-5.3,14.72,88.9,0.0,109.8
2023-06-08T00:00:00,-6.1,18.05,92.2,0.0,116.8
2023-06-08T01:00:00,-6.0,15.37,85.8,0.0,120.0
2023-06-08T02:00:00,-5.1,14.17,90.0,0.0,117.5
2023-06-08T03:00:00,-4.9,15.44,91.1,0.0,119.6
2023-06-08T04:00:00,-4.9,15.38,91.3,0.0,110.3
2023-06-08T05:00:00,-4.9,13.65,89.4,0.0,109.0
2023-06-08T06:00:00,-5.2,13.19,88.8,0.0,119.4
2023-06-08T07:00:00,-5.7,12.43,89.2,0.0,108.9
2023-06-08T08:00:00,-5.8,12.34,89.5,0.0,113.9
2023-06-08T09:00:00,-6.0,13.33,87.7,0.0,114.7
2023-06-08T10:00:00,-6.4,14.04,89.4,0.0,112.0
2023-06-08T11:00:00,-6.9,13.88,90.3,0.0,118.9
2023-06-08T12:00:00,-7.4,12.68,90.7,0.0,117.0
2023-06-08T13:00:00,-7.0,12.91,90.7,0.0,109.6
2023-06-08T14:00:00,-7.3,10.2,88.9,0.0,62.7
2023-06-08T15:00:00,-8.5,10.26,90.1,0.0,61.5
2023-06-08T16:00:00,-9.7,11.51,89.6,0.0,96.9
2023-06-08T17:00:00,-10.3,11.38,92.8,0.0,94.8
2023-06-08T18:00:00,-10.7,11.09,90.2,0.0,87.0
2023-06-08T19:00:00,-10.8,10.71,94.0,0.0,74.9
2023-06-08T20:00:00,-10.9,10.13,88.1,0.0,61.5
2023-06-08T21:00:00,-10.9,8.97,89.2,0.0,39.3
2023-06-08T22:00:00,-11.0,8.3,94.0,0.0,26.4
2023-06-08T23:00:00,-11.2,7.71,89.3,0.0,19.5
2023-06-09T00:00:00,-11.4,7.65,87.0,0.0,19.6
2023-06-09T01:00:00,-11.7,8.81,88.5,0.0,33.1
2023-06-09T02:00:00,-11.7,7.89,93.5,0.0,23.0
2023-06-09T03:00:00,-11.8,7.85,94.1,0.0,20.7
2023-06-09T04:00:00,-11.8,7.84,92.1,0.0,21.1
2023-06-09T05:00:00,-12.0,7.05,92.6,0.0,13.0
2023-06-09T06:00:00,-11.9,6.8,93.2,0.0,11.7
2023-06-09T07:00:00,-11.4,6.9,89.0,0.0,11.9
2023-06-09T08:00:00,-10.9,7.1,86.4,0.0,13.0
2023-06-09T09:00:00,-11.0,7.31,91.1,0.0,15.4
2023-06-09T10:00:00,-10.7,7.31,92.8,0.0,15.3
2023-06-09T11:00:00,-10.5,6.8,90.3,0.0,10.8
2023-06-09T12:00:00,-10.9,6.63,88.4,0.0,9.6
2023-06-09T13:00:00,-10.9,6.58,90.4,0.0,9.5
2023-06-09T14:00:00,-11.2,6.8,89.7,0.0,11.2
2023-06-09T15:00:00,-11.4,6.11,94.1,0.0,6.7
2023-06-09T16:00:00,-11.1,6.49,91.6,0.0,8.5
2023-06-09T17:00:00,-10.9,6.6,91.7,0.0,9.7
2023-06-09T18:00:00,-10.7,6.75,92.2,0.0,11.2
2023-06-09T19:00:00,-10.5,6.87,88.6,0.0,11.2
2023-06-09T20:00:00,-10.4,6.99,92.9,0.0,13.3
2023-06-09T21:00:00,-10.4,7.04,88.4,0.0,13.7
2023-06-09T22:00:00,-10.5,7.06,88.0,0.0,12.9
2023-06-09T23:00:00,-10.7,7.1,87.0,0.0,13.3
2023-06-10T00:00:00,-10.9,7.38,88.9,0.0,16.8
2023-06-10T01:00:00,-10.9,6.82,93.8,0.0,11.7
2023-06-10T02:00:00,-11.3,5.79,92.4,0.0,4.6
2023-06-10T03:00:00,-12.0,5.5,87.7,0.0,3.7
2023-06-10T04:00:00,-11.8,6.0,88.2,0.0,5.7
2023-06-10T05:00:00,-11.7,6.1,88.2,0.0,6.1
2023-06-10T06:00:00,-11.0,6.2,93.0,0.0,6.8
2023-06-10T07:00:00,-10.3,6.31,92.5,0.0,7.5
2023-06-10T08:00:00,-9.3,6.42,88.8,0.0,8.3
2023-06-10T09:00:00,-8.6,6.91,90.9,0.0,11.6
2023-06-10T10:00:00,-8.6,6.86,91.4,0.0,11.1
2023-06-10T11:00:00,-8.6,7.75,91.6,0.0,20.9
2023-06-10T12:00:00,-8.2,7.98,88.8,0.0,22.6
2023-06-10T13:00:00,-8.3,9.27,88.4,0.0,43.3
2023-06-10T14:00:00,-8.3,10.0,89.9,0.0,58.9
2023-06-10T15:00:00,-8.1,10.27,90.8,0.0,65.6
2023-06-10T16:00:00,-8.1,10.81,88.0,0.0,79.3
2023-06-10T17:00:00,-8.1,10.31,86.6,0.0,67.4
2023-06-10T18:00:00,-7.9,10.2,90.0,0.0,64.4
2023-06-10T19:00:00,-7.9,9.75,87.6,0.0,52.9
2023-06-10T20:00:00,-7.7,9.89,90.3,0.0,56.4
2023-06-10T21:00:00,-7.7,9.71,90.9,0.0,49.6
2023-06-10T22:00:00,-8.0,10.78,88.5,0.0,76.5
2023-06-10T23:00:00,-8.0,10.51,87.5,0.0,68.2
2023-06-11T00:00:00,-8.2,10.43,88.7,0.0,70.8
2023-06-11T01:00:00,-8.2,10.12,87.9,0.0,61.8
2023-06-11T02:00:00,-8.4,9.28,87.7,0.0,42.6
2023-06-11T03:00:00,-8.0,9.83,89.2,0.0,51.5
2023-06-11T04:00:00,-7.9,10.07,91.1,0.0,57.5
2023-06-11T05:00:00,-7.8,9.43,91.2,0.0,44.8
2023-06-11T06:00:00,-7.7,8.61,93.7,0.0,32.6
2023-06-11T07:00:00,-8.0,8.04,89.5,0.0,22.9
2023-06-11T08:00:00,-8.7,7.82,90.2,0.0,22.2
2023-06-11T09:00:00,-9.3,8.15,91.3,0.0,24.3
2023-06-11T10:00:00,-10.0,9.08,86.1,0.0,40.5
2023-06-11T11:00:00,-10.4,9.32,88.5,0.0,42.7
2023-06-11T12:00:00,-10.3,7.44,84.4,0.0,17.1
2023-06-11T13:00:00,-10.4,7.29,91.2,0.0,15.9
2023-06-11T14:00:00,-10.9,7.39,91.3,0.0,15.6
2023-06-11T15:00:00,-11.1,7.37,92.1,0.0,17.0
2023-06-11T16:00:00,-11.2,7.74,89.5,0.0,20.1
2023-06-11T17:00:00,-11.1,8.5,90.2,0.0,29.8
2023-06-11T18:00:00,-11.2,9.13,93.7,0.0,39.7
2023-06-11T19:00:00,-11.2,10.24,91.9,0.0,64.9
2023-06-11T20:00:00,-10.8,10.78,88.2,0.0,76.0
2023-06-11T21:00:00,-11.0,10.92,90.3,0.0,80.8
2023-06-11T22:00:00,-10.9,11.68,90.4,0.0,106.0
2023-06-11T23:00:00,-10.8,12.31,90.6,0.0,118.3
2023-06-12T00:00:00,-11.0,12.75,90.9,0.0,112.6
2023-06-12T01:00:00,-10.9,11.37,91.2,0.0,96.2
2023-06-12T02:00:00,-10.7,9.53,90.0,0.0,46.5
2023-06-12T03:00:00,-10.4,9.42,90.9,0.0,46.4
2023-06-12T04:00:00,-9.8,8.97,90.9,0.0,38.9
2023-06-12T05:00:00,-9.9,7.91,90.9,0.0,21.5
2023-06-12T06:00:00,-9.7,7.63,92.3,0.0,18.5
2023-06-12T07:00:00,-9.5,7.51,90.0,0.0,16.9
2023-06-12T08:00:00,-9.1,7.53,87.7,0.0,18.1
2023-06-12T09:00:00,-8.9,7.42,89.3,0.0,17.1
2023-06-12T10:00:00,-8.7,7.45,88.3,0.0,17.6
2023-06-12T11:00:00,-8.2,7.38,91.0,0.0,17.1
2023-06-12T12:00:00,-8.6,7.01,89.1,0.0,13.0
2023-06-12T13:00:00,-9.0,6.32,92.6,0.0,8.0
2023-06-12T14:00:00,-9.7,6.48,89.5,0.0,8.5
2023-06-12T15:00:00,-9.9,7.23,91.7,0.0,14.8
2023-06-12T16:00:00,-9.9,7.25,93.5,0.0,15.4
2023-06-12T17:00:00,-10.0,7.15,92.1,0.0,14.7
2023-06-12T18:00:00,-10.4,6.77,93.0,0.0,10.9
2023-06-12T19:00:00,-10.5,6.26,93.7,0.0,7.6
2023-06-12T20:00:00,-10.5,6.84,90.8,0.0,11.8
2023-06-12T21:00:00,-9.9,7.01,90.5,0.0,12.9
2023-06-12T22:00:00,-10.2,6.7,94.3,0.0,10.6
2023-06-12T23:00:00,-10.4,6.6,89.9,0.0,9.7
2023-06-13T00:00:00,-9.7,8.49,87.6,0.0,29.5
2023-06-13T01:00:00,-9.7,7.2,88.2,0.0,14.4
2023-06-13T02:00:00,-10.3,7.38,91.4,0.0,15.7
2023-06-13T03:00:00,-9.9,8.83,88.5,0.0,36.5
2023-06-13T04:00:00,-9.6,8.76,87.0,0.0,35.7
2023-06-13T05:00:00,-9.8,7.73,88.6,0.0,19.6
2023-06-13T06:00:00,-9.9,7.41,87.9,0.0,15.9
2023-06-13T07:00:00,-9.6,7.1,91.4,0.0,14.0
2023-06-13T08:00:00,-9.5,7.0,87.7,0.0,12.8
2023-06-13T09:00:00,-9.2,7.0,88.4,0.0,13.1
2023-06-13T10:00:00,-8.7,7.34,94.4,0.0,15.9
2023-06-13T11:00:00,-8.5,8.4,90.1,0.0,30.0
2023-06-13T12:00:00,-8.5,7.8,89.6,0.0,21.1
2023-06-13T13:00:00,-8.1,8.06,89.1,0.0,23.0
2023-06-13T14:00:00,-8.6,7.21,88.8,0.0,15.3
2023-06-13T15:00:00,-9.0,7.47,88.3,0.0,17.5
2023-06-13T16:00:00,-8.9,7.62,91.8,0.0,17.9
2023-06-13T17:00:00,-9.3,7.78,89.8,0.0,20.2
2023-06-13T18:00:00,-9.1,7.79,91.2,0.0,19.9
2023-06-13T19:00:00,-8.8,7.81,92.0,0.0,20.6
2023-06-13T20:00:00,-8.8,8.43,91.2,0.0,28.1
2023-06-13T21:00:00,-8.7,8.36,90.1,0.0,28.5
2023-06-13T22:00:00,-8.3,8.62,92.5,0.0,31.4
2023-06-13T23:00:00,-7.8,8.63,92.0,0.0,32.2
2023-06-14T00:00:00,-7.6,10.59,90.7,0.0,69.6
2023-06-14T01:00:00,-7.4,11.28,87.0,0.0,88.1
2023-06-14T02:00:00,-7.5,9.73,86.7,0.0,51.3
2023-06-14T03:00:00,-7.7,9.18,92.1,0.0,39.8
2023-06-14T04:00:00,-7.4,8.5,89.0,0.0,28.7
2023-06-14T05:00:00,-7.8,8.42,90.3,0.0,27.7
2023-06-14T06:00:00,-7.6,9.05,89.7,0.0,38.0
2023-06-14T07:00:00,-7.0,8.98,88.2,0.0,39.7
2023-06-14T08:00:00,-6.9,9.7,92.7,0.0,48.9
2023-06-14T09:00:00,-7.1,9.75,90.4,0.0,51.7
2023-06-14T10:00:00,-7.3,9.54,88.8,0.0,47.8
2023-06-14T11:00:00,-7.0,9.45,90.3,0.0,44.4
2023-06-14T12:00:00,-8.6,9.58,89.2,0.0,49.7
2023-06-14T13:00:00,-8.5,8.65,92.0,0.0,31.7
2023-06-14T14:00:00,-8.6,7.52,89.6,0.0,18.3
2023-06-14T15:00:00,-8.7,6.8,91.4,0.0,10.6
2023-06-14T16:00:00,-8.5,6.4,91.1,0.0,8.6
2023-06-14T17:00:00,-8.3,6.3,89.8,0.0,7.8
2023-06-14T18:00:00,-8.6,6.33,91.0,0.0,7.7
2023-06-14T19:00:00,-8.8,6.58,90.0,0.0,9.2
2023-06-14T20:00:00,-9.3,6.71,86.7,0.0,10.3
2023-06-14T21:00:00,-9.9,7.37,87.7,0.0,15.4
2023-06-14T22:00:00,-10.1,7.78,90.0,0.0,21.2
2023-06-14T23:00:00,-10.1,7.95,89.2,0.0,21.8
2023-06-15T00:00:00,-10.9,6.79,89.5,0.0,10.5
2023-06-15T01:00:00,-10.8,7.14,91.3,0.0,13.4
2023-06-15T02:00:00,-10.6,7.5,87.6,0.0,16.9
2023-06-15T03:00:00,-10.3,7.91,90.2,0.0,22.1
2023-06-15T04:00:00,-10.1,8.24,86.4,0.0,26.3
2023-06-15T05:00:00,-9.9,8.17,93.3,0.0,25.6
2023-06-15T06:00:00,-9.9,7.63,90.4,0.0,19.8
2023-06-15T07:00:00,-9.9,7.42,90.5,0.0,17.0
2023-06-15T08:00:00,-9.9,7.57,96.2,0.0,19.0
2023-06-15T09:00:00,-9.9,7.27,86.4,0.0,14.6
2023-06-15T10:00:00,-9.9,7.12,89.2,0.0,13.8
2023-06-15T11:00:00,-9.6,6.43,90.3,0.0,8.3
2023-06-15T12:00:00,-9.2,6.3,89.8,0.0,7.8
2023-06-15T13:00:00,-8.6,7.11,91.2,0.0,13.1
2023-06-15T14:00:00,-8.3,6.7,93.5,0.0,10.0
2023-06-15T15:00:00,-8.4,6.24,86.7,0.0,7.4
2023-06-15T16:00:00,-8.1,6.33,91.7,0.0,7.7
2023-06-15T17:00:00,-7.9,6.75,91.6,0.0,10.3
2023-06-15T18:00:00,-7.4,7.16,87.6,0.0,14.5
2023-06-15T19:00:00,-7.3,7.33,85.6,0.0,15.9
2023-06-15T20:00:00,-7.0,7.53,90.7,0.0,16.9
2023-06-15T21:00:00,-7.0,7.28,89.4,0.0,15.0
2023-06-15T22:00:00,-7.0,7.38,86.4,0.0,16.8
2023-06-15T23:00:00,-7.3,7.64,89.4,0.0,18.6
2023-06-16T00:00:00,-6.9,7.03,92.9,0.0,13.2
2023-06-16T01:00:00,-6.5,7.28,90.4,0.0,14.7
2023-06-16T02:00:00,-6.5,6.96,89.4,0.0,12.2
2023-06-16T03:00:00,-6.3,6.83,91.8,0.0,11.4
2023-06-16T04:00:00,-6.3,6.77,90.6,0.0,11.4
2023-06-16T05:00:00,-6.3,6.71,89.4,0.0,10.1
2023-06-16T06:00:00,-6.3,6.46,87.8,0.0,8.9
2023-06-16T07:00:00,-6.2,6.82,91.4,0.0,11.4
2023-06-16T08:00:00,-6.1,6.11,86.9,0.0,6.3
2023-06-16T09:00:00,-6.5,4.84,91.3,0.0,1.6
2023-06-16T10:00:00,-6.6,4.17,91.5,0.0,0.5
2023-06-16T11:00:00,-5.4,6.91,92.4,0.0,12.5
2023-06-16T12:00:00,-5.1,8.75,88.5,0.0,34.7
2023-06-16T13:00:00,-5.1,8.62,89.3,0.0,32.3
2023-06-16T14:00:00,-5.0,8.14,91.0,0.0,25.2
2023-06-16T15:00:00,-5.1,7.2,90.3,0.0,14.0
2023-06-16T16:00:00,-5.2,5.73,89.5,0.0,4.6
2023-06-16T17:00:00,-5.3,5.19,87.6,0.0,2.5
2023-06-16T18:00:00,-5.2,6.17,86.9,0.0,6.5
2023-06-16T19:00:00,-4.7,7.74,91.2,0.0,20.2
2023-06-16T20:00:00,-4.7,6.96,90.3,0.0,12.1
2023-06-16T21:00:00,-4.6,7.1,91.3,0.0,13.4
2023-06-16T22:00:00,-4.4,7.91,91.0,0.0,22.1
2023-06-16T23:00:00,-4.8,7.0,94.1,0.0,12.7
2023-06-17T00:00:00,-4.7,9.13,91.5,0.0,38.4
2023-06-17T01:00:00,-4.7,10.05,92.2,0.0,58.9
2023-06-17T02:00:00,-4.6,9.28,91.1,0.0,42.5
2023-06-17T03:00:00,-4.7,9.57,90.2,0.0,48.1
2023-06-17T04:00:00,-5.0,10.25,92.9,0.0,66.1
2023-06-17T05:00:00,-5.4,10.91,88.8,0.0,84.6
2023-06-17T06:00:00,-5.9,11.1,88.3,0.0,83.4
2023-06-17T07:00:00,-6.3,10.14,90.6,0.0,62.0
2023-06-17T08:00:00,-6.6,9.03,91.5,0.0,38.6
2023-06-17T09:00:00,-6.7,7.86,89.0,0.0,22.6
2023-06-17T10:00:00,-7.1,6.48,90.0,0.0,8.9
2023-06-17T11:00:00,-7.5,5.12,91.9,0.0,2.2
2023-06-17T12:00:00,-7.1,5.69,90.4,0.0,4.3
2023-06-17T13:00:00,-7.5,4.84,91.8,0.0,1.6
2023-06-17T14:00:00,-8.0,4.52,88.9,0.0,0.9
2023-06-17T15:00:00,-9.3,3.18,92.0,0.0,0.0
2023-06-17T16:00:00,-9.6,2.52,88.0,0.0,0.0
2023-06-17T17:00:00,-10.0,2.62,90.6,0.0,0.0
2023-06-17T18:00:00,-10.0,2.45,88.2,0.0,0.0
2023-06-17T19:00:00,-7.3,1.81,89.7,0.0,0.0
2023-06-17T20:00:00,-7.2,0.5,89.4,0.0,0.0
2023-06-17T21:00:00,-7.7,1.1,89.8,0.0,0.0
2023-06-17T22:00:00,-9.2,1.8,87.9,0.0,0.0
2023-06-17T23:00:00,-8.0,1.61,91.5,0.0,0.0
2023-06-18T00:00:00,-7.8,0.58,89.9,0.0,0.0
2023-06-18T01:00:00,-7.8,0.89,89.0,0.0,0.0
2023-06-18T02:00:00,-8.5,1.39,92.8,0.0,0.0
2023-06-18T03:00:00,-8.8,1.03,93.6,0.0,0.0
2023-06-18T04:00:00,-8.9,1.28,90.5,0.0,0.0
2023-06-18T05:00:00,-12.6,2.58,88.7,0.0,0.0
2023-06-18T06:00:00,-13.7,3.04,91.1,0.0,0.0
2023-06-18T07:00:00,-12.9,3.89,89.2,0.0,0.2
2023-06-18T08:00:00,-11.2,4.73,89.9,0.0,1.3
2023-06-18T09:00:00,-11.3,5.28,86.5,0.0,2.8
2023-06-18T10:00:00,-11.9,4.9,89.5,0.0,1.6
2023-06-18T11:00:00,-12.0,4.68,88.1,0.0,1.2
2023-06-18T12:00:00,-10.2,6.72,89.0,0.0,10.9
2023-06-18T13:00:00,-10.0,6.34,88.3,0.0,7.6
2023-06-18T14:00:00,-10.6,5.97,87.2,0.0,5.6
2023-06-18T15:00:00,-13.7,3.35,91.1,0.0,0.0
2023-06-18T16:00:00,-13.9,3.57,93.7,0.0,0.1
2023-06-18T17:00:00,-12.4,4.56,93.2,0.0,1.1
2023-06-18T18:00:00,-11.6,5.73,88.8,0.0,4.6
2023-06-18T19:00:00,-11.2,6.3,92.5,0.0,7.5
2023-06-18T20:00:00,-11.4,6.34,91.1,0.0,7.9
2023-06-18T21:00:00,-11.3,6.5,93.4,0.0,9.3
2023-06-18T22:00:00,-11.0,6.51,90.0,0.0,9.4
2023-06-18T23:00:00,-10.8,6.6,92.3,0.0,9.7
2023-06-19T00:00:00,-11.2,6.82,95.1,0.0,11.2
2023-06-19T01:00:00,-11.0,6.23,93.0,0.0,7.3
2023-06-19T02:00:00,-10.8,5.69,86.6,0.0,4.4
2023-06-19T03:00:00,-11.0,5.41,91.5,0.0,3.4
2023-06-19T04:00:00,-11.3,4.9,91.4,0.0,1.8
2023-06-19T05:00:00,-11.4,5.22,89.8,0.0,2.7
2023-06-19T06:00:00,-10.9,6.32,90.2,0.0,7.3
2023-06-19T07:00:00,-10.7,6.56,92.1,0.0,9.6
2023-06-19T08:00:00,-10.9,6.46,87.7,0.0,8.2
2023-06-19T09:00:00,-11.1,6.41,89.3,0.0,8.2
2023-06-19T10:00:00,-10.9,6.2,92.5,0.0,7.1
2023-06-19T11:00:00,-11.0,6.2,89.2,0.0,7.2
2023-06-19T12:00:00,-11.0,6.71,88.3,0.0,10.2
2023-06-19T13:00:00,-11.6,6.76,91.4,0.0,11.2
2023-06-19T14:00:00,-13.0,4.61,94.8,0.0,1.1
2023-06-19T15:00:00,-12.5,2.24,91.2,0.0,0.0
2023-06-19T16:00:00,-11.6,2.14,92.9,0.0,0.0
2023-06-19T17:00:00,-10.2,0.8,90.3,0.0,0.0
2023-06-19T18:00:00,-13.4,2.52,92.1,0.0,0.0
2023-06-19T19:00:00,-12.5,4.8,88.4,0.0,1.5
2023-06-19T20:00:00,-12.4,5.18,91.1,0.0,2.6
2023-06-19T21:00:00,-11.9,5.28,89.4,0.0,2.8
2023-06-19T22:00:00,-11.4,5.62,94.1,0.0,4.0
2023-06-19T23:00:00,-11.4,6.4,91.5,0.0,7.8
2023-06-20T00:00:00,-11.5,8.35,93.0,0.0,27.5
2023-06-20T01:00:00,-11.7,7.6,91.5,0.0,18.5
2023-06-20T02:00:00,-12.1,5.94,91.5,0.0,5.3
2023-06-20T03:00:00,-13.0,4.65,92.9,0.0,1.2
2023-06-20T04:00:00,-12.7,4.53,94.7,0.0,1.0
2023-06-20T05:00:00,-12.7,4.52,92.4,0.0,0.9
2023-06-20T06:00:00,-13.6,4.26,91.1,0.0,0.6
2023-06-20T07:00:00,-12.1,4.6,90.9,0.0,1.1
2023-06-20T08:00:00,-12.9,3.57,91.6,0.0,0.1
2023-06-20T09:00:00,-13.2,3.75,91.2,0.0,0.1
2023-06-20T10:00:00,-12.1,4.61,89.3,0.0,1.1
2023-06-20T11:00:00,-11.7,4.88,92.2,0.0,1.7
2023-06-20T12:00:00,-12.8,4.74,92.1,0.0,1.3
2023-06-20T13:00:00,-14.2,3.88,92.2,0.0,0.2
2023-06-20T14:00:00,-14.2,3.51,91.6,0.0,0.0
2023-06-20T15:00:00,-13.7,3.6,93.7,0.0,0.1
2023-06-20T16:00:00,-13.7,3.7,91.3,0.0,0.1
2023-06-20T17:00:00,-14.0,3.91,91.8,0.0,0.2
2023-06-20T18:00:00,-14.3,4.8,92.4,0.0,1.5
2023-06-20T19:00:00,-14.4,5.81,91.1,0.0,4.9
2023-06-20T20:00:00,-14.5,6.11,91.4,0.0,6.4
2023-06-20T21:00:00,-14.7,6.02,97.3,0.0,5.7
2023-06-20T22:00:00,-14.9,5.93,90.6,0.0,5.3
2023-06-20T23:00:00,-15.1,5.73,94.3,0.0,4.4
2023-06-21T00:00:00,-15.8,5.06,89.9,0.0,2.1
2023-06-21T01:00:00,-16.5,4.63,88.9,0.0,1.1
2023-06-21T02:00:00,-17.8,3.54,91.5,0.0,0.1
2023-06-21T03:00:00,-17.3,2.8,96.2,0.0,0.0
2023-06-21T04:00:00,-17.8,3.03,95.1,0.0,0.0
2023-06-21T05:00:00,-18.4,3.75,93.2,0.0,0.1
2023-06-21T06:00:00,-17.9,4.23,95.2,0.0,0.5
2023-06-21T07:00:00,-18.0,4.1,93.7,0.0,0.4
2023-06-21T08:00:00,-17.7,4.4,91.7,0.0,0.8
2023-06-21T09:00:00,-17.6,4.43,94.3,0.0,0.8
2023-06-21T10:00:00,-17.6,4.65,93.1,0.0,1.2
2023-06-21T11:00:00,-17.7,4.49,92.8,0.0,0.8
2023-06-21T12:00:00,-16.7,2.6,96.9,0.0,0.0
2023-06-21T13:00:00,-17.4,2.81,91.2,0.0,0.0
2023-06-21T14:00:00,-15.0,2.12,91.5,0.0,0.0
2023-06-21T15:00:00,-17.9,2.96,91.0,0.0,0.0
2023-06-21T16:00:00,-18.5,4.06,94.7,0.0,0.3
2023-06-21T17:00:00,-17.3,4.87,95.9,0.0,1.6
2023-06-21T18:00:00,-18.0,4.31,98.0,0.0,0.6
2023-06-21T19:00:00,-18.7,3.83,94.1,0.0,0.2
2023-06-21T20:00:00,-18.5,3.6,94.4,0.0,0.1
2023-06-21T21:00:00,-16.6,4.5,93.6,0.0,0.9
2023-06-21T22:00:00,-17.0,3.91,94.6,0.0,0.2
2023-06-21T23:00:00,-16.5,4.12,95.3,0.0,0.4
2023-06-22T00:00:00,-16.5,4.39,91.4,0.0,0.8
2023-06-22T01:00:00,-16.0,4.28,94.0,0.0,0.6
2023-06-22T02:00:00,-17.0,3.31,92.4,0.0,0.0
2023-06-22T03:00:00,-15.9,2.9,91.3,0.0,0.0
2023-06-22T04:00:00,-15.4,2.79,94.4,0.0,0.0
2023-06-22T05:00:00,-11.5,1.8,92.9,0.0,0.0
2023-06-22T06:00:00,-11.4,1.84,92.3,0.0,0.0
2023-06-22T07:00:00,-11.5,1.91,90.7,0.0,0.0
2023-06-22T08:00:00,-11.5,1.97,88.9,0.0,0.0
2023-06-22T09:00:00,-10.3,1.53,91.6,0.0,0.0
2023-06-22T10:00:00,-10.1,1.22,89.1,0.0,0.0
2023-06-22T11:00:00,-9.9,1.0,90.9,0.0,0.0
2023-06-22T12:00:00,-10.3,0.95,89.7,0.0,0.0
2023-06-22T13:00:00,-10.1,0.5,90.4,0.0,0.0
2023-06-22T14:00:00,-10.0,0.32,89.4,0.0,0.0
2023-06-22T15:00:00,-9.7,0.92,91.6,0.0,0.0
2023-06-22T16:00:00,-9.5,1.2,95.2,0.0,0.0
2023-06-22T17:00:00,-12.9,2.6,95.1,0.0,0.0
2023-06-22T18:00:00,-13.8,3.7,92.7,0.0,0.1
2023-06-22T19:00:00,-12.5,4.01,90.2,0.0,0.3
2023-06-22T20:00:00,-12.2,4.02,88.1,0.0,0.3
2023-06-22T21:00:00,-11.9,3.96,89.2,0.0,0.3
2023-06-22T22:00:00,-11.9,3.77,91.1,0.0,0.1
2023-06-22T23:00:00,-13.1,3.35,88.3,0.0,0.0
2023-06-23T00:00:00,-14.5,5.04,93.2,0.0,2.1
2023-06-23T01:00:00,-12.6,5.4,92.0,0.0,3.3
2023-06-23T02:00:00,-11.7,4.75,87.0,0.0,1.4
2023-06-23T03:00:00,-10.8,5.44,89.6,0.0,3.3
2023-06-23T04:00:00,-10.8,5.19,89.9,0.0,2.5
2023-06-23T05:00:00,-11.7,4.2,93.1,0.0,0.5
2023-06-23T06:00:00,-11.2,3.82,89.5,0.0,0.2
2023-06-23T07:00:00,-10.4,4.95,89.1,0.0,1.8
2023-06-23T08:00:00,-8.9,6.49,88.8,0.0,9.1
2023-06-23T09:00:00,-8.5,6.71,87.9,0.0,10.5
2023-06-23T10:00:00,-8.3,6.96,91.0,0.0,13.1
2023-06-23T11:00:00,-7.7,7.47,89.7,0.0,16.9
2023-06-23T12:00:00,-7.9,6.39,91.0,0.0,8.4
2023-06-23T13:00:00,-7.2,7.28,92.5,0.0,15.1
2023-06-23T14:00:00,-6.9,7.31,89.9,0.0,15.4
2023-06-23T15:00:00,-7.0,6.08,90.1,0.0,6.2
2023-06-23T16:00:00,-7.4,5.66,90.2,0.0,4.2
2023-06-23T17:00:00,-6.8,6.1,89.1,0.0,6.6
2023-06-23T18:00:00,-6.2,7.8,88.2,0.0,20.7
2023-06-23T19:00:00,-5.9,8.46,92.7,0.0,30.4
2023-06-23T20:00:00,-6.0,7.13,90.5,0.0,14.0
2023-06-23T21:00:00,-5.9,7.03,90.2,0.0,13.4
2023-06-23T22:00:00,-5.7,7.6,89.8,0.0,18.8
2023-06-23T23:00:00,-5.7,7.47,89.5,0.0,16.7
2023-06-24T00:00:00,-6.3,7.72,88.2,0.0,20.5
2023-06-24T01:00:00,-6.4,7.56,87.3,0.0,18.5
2023-06-24T02:00:00,-6.9,7.79,89.6,0.0,21.2
2023-06-24T03:00:00,-6.6,7.94,86.4,0.0,23.7
2023-06-24T04:00:00,-6.1,6.8,89.5,0.0,11.5
2023-06-24T05:00:00,-6.3,5.93,88.1,0.0,5.6
2023-06-24T06:00:00,-6.3,5.57,90.4,0.0,4.0
2023-06-24T07:00:00,-6.4,6.22,90.4,0.0,7.0
2023-06-24T08:00:00,-6.0,7.41,91.1,0.0,16.5
2023-06-24T09:00:00,-6.1,8.41,91.8,0.0,28.3
2023-06-24T10:00:00,-6.3,8.91,90.4,0.0,37.5
2023-06-24T11:00:00,-6.9,8.5,88.9,0.0,30.8
2023-06-24T12:00:00,-7.8,9.78,88.7,0.0,51.5
2023-06-24T13:00:00,-7.9,8.7,87.4,0.0,32.1
2023-06-24T14:00:00,-8.7,6.61,90.5,0.0,9.8
2023-06-24T15:00:00,-9.2,6.5,87.8,0.0,8.7
2023-06-24T16:00:00,-9.7,5.93,92.9,0.0,5.7
2023-06-24T17:00:00,-10.6,5.12,92.3,0.0,2.3
2023-06-24T18:00:00,-10.2,5.22,89.1,0.0,2.6
2023-06-24T19:00:00,-9.4,5.63,90.7,0.0,3.9
2023-06-24T20:00:00,-8.9,6.74,87.2,0.0,11.0
2023-06-24T21:00:00,-8.8,6.71,90.1,0.0,10.4
2023-06-24T22:00:00,-9.4,6.22,91.8,0.0,6.9
2023-06-24T23:00:00,-9.9,6.11,92.3,0.0,6.4
2023-06-25T00:00:00,-8.0,7.07,91.6,0.0,13.7
2023-06-25T01:00:00,-8.0,8.54,92.3,0.0,32.3
2023-06-25T02:00:00,-7.9,9.96,87.0,0.0,55.1
2023-06-25T03:00:00,-8.1,9.43,90.2,0.0,47.8
2023-06-25T04:00:00,-8.5,8.15,91.5,0.0,24.7
2023-06-25T05:00:00,-8.9,7.69,89.9,0.0,18.8
2023-06-25T06:00:00,-9.4,8.38,87.0,0.0,27.8
2023-06-25T07:00:00,-10.3,8.49,90.6,0.0,29.8
2023-06-25T08:00:00,-11.1,7.75,90.0,0.0,21.2
2023-06-25T09:00:00,-11.2,6.99,89.7,0.0,13.1
2023-06-25T10:00:00,-11.5,6.65,89.2,0.0,10.0
2023-06-25T11:00:00,-11.6,6.93,88.6,0.0,11.6
2023-06-25T12:00:00,-12.0,7.83,90.2,0.0,21.7
2023-06-25T13:00:00,-11.9,7.64,92.9,0.0,18.8
2023-06-25T14:00:00,-12.1,7.42,94.4,0.0,15.8
2023-06-25T15:00:00,-11.7,7.71,94.5,0.0,19.1
2023-06-25T16:00:00,-11.5,7.94,91.4,0.0,23.4
2023-06-25T17:00:00,-11.4,7.48,92.1,0.0,17.5
2023-06-25T18:00:00,-11.5,7.16,87.9,0.0,14.7
2023-06-25T19:00:00,-12.0,7.39,89.8,0.0,17.1
2023-06-25T20:00:00,-13.4,7.11,93.0,0.0,13.8
2023-06-25T21:00:00,-15.1,6.17,93.7,0.0,6.7
2023-06-25T22:00:00,-15.9,5.95,93.1,0.0,5.9
2023-06-25T23:00:00,-16.0,5.97,94.4,0.0,5.5
2023-06-26T00:00:00,-16.6,7.98,95.4,0.0,23.5
2023-06-26T01:00:00,-16.6,7.02,95.7,0.0,12.7
2023-06-26T02:00:00,-16.4,6.55,94.9,0.0,9.0
2023-06-26T03:00:00,-16.2,6.86,92.2,0.0,12.0
2023-06-26T04:00:00,-16.0,6.59,91.2,0.0,9.1
2023-06-26T05:00:00,-16.3,5.61,91.8,0.0,4.0
2023-06-26T06:00:00,-17.0,5.06,94.7,0.0,2.2
2023-06-26T07:00:00,-17.9,3.71,96.0,0.0,0.1
2023-06-26T08:00:00,-18.4,1.66,96.0,0.0,0.0
2023-06-26T09:00:00,-17.7,1.3,92.8,0.0,0.0
2023-06-26T10:00:00,-17.2,0.4,93.5,0.0,0.0
2023-06-26T11:00:00,-18.3,1.86,91.1,0.0,0.0
2023-06-26T12:00:00,-17.3,0.5,95.4,0.0,0.0
2023-06-26T13:00:00,-17.8,1.57,94.0,0.0,0.0
2023-06-26T14:00:00,-19.2,3.45,95.2,0.0,0.0
2023-06-26T15:00:00,-18.1,3.91,91.9,0.0,0.2
2023-06-26T16:00:00,-18.0,3.77,92.4,0.0,0.2
2023-06-26T17:00:00,-19.4,2.85,92.5,0.0,0.0
2023-06-26T18:00:00,-18.7,1.65,97.7,0.0,0.0
2023-06-26T19:00:00,-18.3,1.3,94.8,0.0,0.0
2023-06-26T20:00:00,-20.6,1.79,93.5,0.0,0.0
2023-06-26T21:00:00,-21.4,1.91,95.3,0.0,0.0
2023-06-26T22:00:00,-21.7,2.55,95.4,0.0,0.0
2023-06-26T23:00:00,-21.6,2.97,92.5,0.0,0.0
2023-06-27T00:00:00,-21.1,3.42,96.3,0.0,0.0
2023-06-27T01:00:00,-20.5,3.84,98.5,0.0,0.2
2023-06-27T02:00:00,-20.4,4.49,93.4,0.0,0.9
2023-06-27T03:00:00,-20.6,4.53,97.6,0.0,0.9
2023-06-27T04:00:00,-21.5,3.67,97.3,0.0,0.1
2023-06-27T05:00:00,-22.3,3.44,97.1,0.0,0.0
2023-06-27T06:00:00,-22.5,3.45,94.1,0.0,0.0
2023-06-27T07:00:00,-21.9,4.03,92.1,0.0,0.3
2023-06-27T08:00:00,-20.7,5.16,92.5,0.0,2.4
2023-06-27T09:00:00,-20.1,6.13,94.3,0.0,6.8
2023-06-27T10:00:00,-20.0,5.86,94.6,0.0,5.0
2023-06-27T11:00:00,-19.8,5.66,94.6,0.0,4.1
2023-06-27T12:00:00,-21.2,2.35,97.7,0.0,0.0
2023-06-27T13:00:00,-22.3,1.33,94.8,0.0,0.0
2023-06-27T14:00:00,-22.7,2.1,95.1,0.0,0.0
2023-06-27T15:00:00,-22.5,3.31,95.9,0.0,0.0
2023-06-27T16:00:00,-22.1,4.94,93.6,0.0,1.9
2023-06-27T17:00:00,-21.9,6.16,99.8,0.0,6.8
2023-06-27T18:00:00,-21.9,7.37,99.1,0.0,16.8
2023-06-27T19:00:00,-21.9,7.76,95.3,0.0,19.6
2023-06-27T20:00:00,-21.9,7.43,97.9,0.0,16.1
2023-06-27T21:00:00,-21.9,7.11,98.0,0.0,13.8
2023-06-27T22:00:00,-21.7,7.41,93.5,0.0,15.9
2023-06-27T23:00:00,-21.6,7.32,92.5,0.0,16.1
2023-06-28T00:00:00,-20.7,7.91,90.5,0.0,22.5
2023-06-28T01:00:00,-21.1,8.22,93.4,0.0,25.6
2023-06-28T02:00:00,-20.9,8.95,96.6,0.0,38.0
2023-06-28T03:00:00,-21.1,8.55,94.9,0.0,30.0
2023-06-28T04:00:00,-21.2,7.72,90.6,0.0,19.1
2023-06-28T05:00:00,-21.5,7.5,92.6,0.0,17.1
2023-06-28T06:00:00,-21.7,7.2,96.3,0.0,14.7
2023-06-28T07:00:00,-21.9,7.12,91.3,0.0,13.4
2023-06-28T08:00:00,-22.1,7.14,97.2,0.0,14.6
2023-06-28T09:00:00,-22.3,7.26,95.6,0.0,15.4
2023-06-28T10:00:00,-22.3,7.36,99.6,0.0,16.7
2023-06-28T11:00:00,-22.3,7.36,95.1,0.0,16.7
2023-06-28T12:00:00,-22.0,8.02,96.4,0.0,23.0
2023-06-28T13:00:00,-22.7,8.3,95.7,0.0,28.0
2023-06-28T14:00:00,-22.7,8.54,99.3,0.0,30.3
2023-06-28T15:00:00,-22.6,8.1,94.0,0.0,23.4
2023-06-28T16:00:00,-22.9,7.01,97.5,0.0,12.6
2023-06-28T17:00:00,-23.0,6.8,95.5,0.0,11.7
2023-06-28T18:00:00,-23.2,6.3,96.9,0.0,7.5
2023-06-28T19:00:00,-23.1,5.8,96.3,0.0,5.0
2023-06-28T20:00:00,-23.2,5.3,99.8,0.0,3.0
2023-06-28T21:00:00,-23.3,4.95,96.0,0.0,1.8
2023-06-28T22:00:00,-23.4,4.87,96.1,0.0,1.6
2023-06-28T23:00:00,-23.4,4.95,99.1,0.0,1.9
2023-06-29T00:00:00,-23.2,5.11,95.8,0.0,2.4
2023-06-29T01:00:00,-23.9,5.38,93.6,0.0,3.0
2023-06-29T02:00:00,-23.7,5.82,97.9,0.0,5.1
2023-06-29T03:00:00,-23.6,6.26,96.0,0.0,7.4
2023-06-29T04:00:00,-23.6,6.17,100.9,0.0,6.5
2023-06-29T05:00:00,-23.6,6.53,96.1,0.0,9.1
2023-06-29T06:00:00,-23.8,7.18,98.6,0.0,14.2
2023-06-29T07:00:00,-23.9,6.82,98.5,0.0,11.1
2023-06-29T08:00:00,-23.9,6.56,98.1,0.0,9.3
2023-06-29T09:00:00,-23.7,6.18,97.6,0.0,6.8
2023-06-29T10:00:00,-23.8,5.73,93.1,0.0,4.7
2023-06-29T11:00:00,-23.9,5.4,98.3,0.0,3.3
2023-06-29T12:00:00,-23.7,4.4,99.7,0.0,0.7
2023-06-29T13:00:00,-24.7,4.53,97.3,0.0,0.9
2023-06-29T14:00:00,-24.9,4.91,97.4,0.0,1.7
2023-06-29T15:00:00,-24.8,5.12,101.5,0.0,2.2
2023-06-29T16:00:00,-24.8,4.62,97.2,0.0,1.1
2023-06-29T17:00:00,-24.8,4.4,96.3,0.0,0.7
2023-06-29T18:00:00,-25.0,4.96,98.0,0.0,1.8
2023-06-29T19:00:00,-25.3,5.2,99.7,0.0,2.5
2023-06-29T20:00:00,-24.9,4.81,97.0,0.0,1.5
2023-06-29T21:00:00,-24.9,3.95,101.9,0.0,0.3
2023-06-29T22:00:00,-25.2,3.94,94.5,0.0,0.3
2023-06-29T23:00:00,-25.5,4.12,100.3,0.0,0.4
2023-06-30T00:00:00,-24.6,3.26,96.3,0.0,0.0
2023-06-30T01:00:00,-26.2,3.55,98.3,0.0,0.1
2023-06-30T02:00:00,-26.2,3.45,99.5,0.0,0.0
2023-06-30T03:00:00,-26.1,3.8,99.5,0.0,0.2
2023-06-30T04:00:00,-25.9,4.18,98.4,0.0,0.5
2023-06-30T05:00:00,-25.8,4.52,98.1,0.0,0.9
2023-06-30T06:00:00,-25.8,4.62,94.1,0.0,1.1
2023-06-30T07:00:00,-25.8,4.2,96.4,0.0,0.5
2023-06-30T08:00:00,-26.1,3.5,95.1,0.0,0.0
2023-06-30T09:00:00,-26.3,3.51,98.9,0.0,0.0
2023-06-30T10:00:00,-26.3,3.83,97.0,0.0,0.2
2023-06-30T11:00:00,-26.5,4.26,99.5,0.0,0.6
2023-06-30T12:00:00,-25.9,4.14,97.2,0.0,0.4
2023-06-30T13:00:00,-26.7,3.88,96.8,0.0,0.2
2023-06-30T14:00:00,-26.5,3.26,97.4,0.0,0.0
2023-06-30T15:00:00,-26.6,2.6,96.7,0.0,0.0
2023-06-30T16:00:00,-26.3,2.33,97.0,0.0,0.0
2023-06-30T17:00:00,-26.2,2.42,96.1,0.0,0.0
2023-06-30T18:00:00,-26.5,3.2,98.2,0.0,0.0
2023-06-30T19:00:00,-26.5,3.01,98.7,0.0,0.0
2023-06-30T20:00:00,-26.5,3.1,96.1,0.0,0.0
2023-06-30T21:00:00,-26.5,3.27,101.1,0.0,0.0
2023-06-30T22:00:00,-26.6,3.23,100.2,0.0,0.0
2023-06-30T23:00:00,-25.9,2.44,96.3,0.0,0.0
2023-07-01T00:00:00,-24.5,2.93,99.2,0.0,0.0
2023-07-01T01:00:00,-27.2,3.13,103.8,0.0,0.0
2023-07-01T02:00:00,-27.1,2.65,97.2,0.0,0.0
2023-07-01T03:00:00,-26.7,2.41,97.3,0.0,0.0
2023-07-01T04:00:00,-26.6,2.4,97.9,0.0,0.0
2023-07-01T05:00:00,-26.5,2.42,96.8,0.0,0.0
2023-07-01T06:00:00,-26.5,2.69,98.5,0.0,0.0
2023-07-01T07:00:00,-26.2,2.7,98.7,0.0,0.0
2023-07-01T08:00:00,-23.0,1.6,99.5,0.0,0.0
2023-07-01T09:00:00,-22.9,1.14,99.0,0.0,0.0
2023-07-01T10:00:00,-25.0,2.01,98.5,0.0,0.0
2023-07-01T11:00:00,-26.1,2.31,97.1,0.0,0.0
2023-07-01T12:00:00,-23.7,1.77,98.4,0.0,0.0
2023-07-01T13:00:00,-25.3,2.01,96.4,0.0,0.0
2023-07-01T14:00:00,-26.1,2.61,96.7,0.0,0.0
2023-07-01T15:00:00,-25.3,2.3,101.9,0.0,0.0
2023-07-01T16:00:00,-24.1,1.88,97.2,0.0,0.0
2023-07-01T17:00:00,-25.3,2.13,94.5,0.0,0.0
2023-07-01T18:00:00,-26.3,2.56,100.1,0.0,0.0
2023-07-01T19:00:00,-26.9,2.92,98.5,0.0,0.0
2023-07-01T20:00:00,-27.0,3.42,100.4,0.0,0.0
2023-07-01T21:00:00,-26.9,3.47,94.8,0.0,0.0
2023-07-01T22:00:00,-26.9,3.32,98.5,0.0,0.0
2023-07-01T23:00:00,-26.8,3.26,97.4,0.0,0.0
2023-07-02T00:00:00,-23.4,1.75,98.5,0.0,0.0
2023-07-02T01:00:00,-23.8,1.48,95.1,0.0,0.0
2023-07-02T02:00:00,-24.7,1.75,98.6,0.0,0.0
2023-07-02T03:00:00,-26.6,2.46,97.0,0.0,0.0
2023-07-02T04:00:00,-26.7,2.52,95.7,0.0,0.0
2023-07-02T05:00:00,-26.9,2.77,95.4,0.0,0.0
2023-07-02T06:00:00,-26.9,2.76,95.5,0.0,0.0
2023-07-02T07:00:00,-26.2,2.55,100.6,0.0,0.0
2023-07-02T08:00:00,-25.0,2.2,99.1,0.0,0.0
2023-07-02T09:00:00,-24.4,2.2,100.0,0.0,0.0
2023-07-02T10:00:00,-25.2,2.56,95.4,0.0,0.0
2023-07-02T11:00:00,-25.7,2.91,97.4,0.0,0.0
2023-07-02T12:00:00,-23.6,3.83,98.9,0.0,0.2
2023-07-02T13:00:00,-27.2,3.06,99.0,0.0,0.0
2023-07-02T14:00:00,-26.4,2.56,97.4,0.0,0.0
2023-07-02T15:00:00,-23.6,1.41,94.6,0.0,0.0
2023-07-02T16:00:00,-23.4,1.39,98.5,0.0,0.0
2023-07-02T17:00:00,-23.4,1.36,100.9,0.0,0.0
2023-07-02T18:00:00,-24.5,2.15,99.5,0.0,0.0
2023-07-02T19:00:00,-24.0,2.28,99.5,0.0,0.0
2023-07-02T20:00:00,-21.0,1.62,94.6,0.0,0.0
2023-07-02T21:00:00,-20.4,1.56,94.7,0.0,0.0
2023-07-02T22:00:00,-19.8,1.79,93.8,0.0,0.0
2023-07-02T23:00:00,-22.0,2.42,95.5,0.0,0.0
2023-07-03T00:00:00,-18.3,1.26,90.9,0.0,0.0
2023-07-03T01:00:00,-18.8,1.96,93.6,0.0,0.0
2023-07-03T02:00:00,-21.0,2.93,94.0,0.0,0.0
2023-07-03T03:00:00,-20.2,2.77,93.6,0.0,0.0
2023-07-03T04:00:00,-18.9,2.62,97.3,0.0,0.0
2023-07-03T05:00:00,-14.9,1.63,93.5,0.0,0.0
2023-07-03T06:00:00,-13.6,1.5,88.6,0.0,0.0
2023-07-03T07:00:00,-12.7,1.34,92.6,0.0,0.0
2023-07-03T08:00:00,-11.9,1.22,93.4,0.0,0.0
2023-07-03T09:00:00,-11.2,1.1,90.0,0.0,0.0
2023-07-03T10:00:00,-10.6,1.82,91.7,0.0,0.0
2023-07-03T11:00:00,-13.2,2.67,88.7,0.0,0.0
2023-07-03T12:00:00,-13.3,3.6,92.3,0.0,0.1
2023-07-03T13:00:00,-14.2,4.52,91.2,0.0,0.9
2023-07-03T14:00:00,-12.0,6.52,92.9,0.0,8.7
2023-07-03T15:00:00,-9.8,9.11,91.8,0.0,38.4
2023-07-03T16:00:00,-8.5,10.83,90.4,0.0,78.8
2023-07-03T17:00:00,-7.8,11.75,89.8,0.0,108.1
2023-07-03T18:00:00,-7.4,11.63,88.7,0.0,106.1
2023-07-03T19:00:00,-7.0,12.12,88.9,0.0,108.2
2023-07-03T20:00:00,-6.5,12.81,89.1,0.0,111.9
2023-07-03T21:00:00,-6.1,13.2,91.8,0.0,110.5
2023-07-03T22:00:00,-5.7,12.08,93.5,0.0,119.4
2023-07-03T23:00:00,-5.5,11.61,86.1,0.0,97.7
2023-07-04T00:00:00,-5.0,12.03,90.1,0.0,117.7
2023-07-04T01:00:00,-5.2,11.13,89.3,0.0,82.7
2023-07-04T02:00:00,-5.3,10.72,92.6,0.0,78.8
2023-07-04T03:00:00,-5.7,9.85,88.6,0.0,52.5
2023-07-04T04:00:00,-6.0,9.39,87.8,0.0,43.4
2023-07-04T05:00:00,-6.1,9.17,94.0,0.0,39.1
2023-07-04T06:00:00,-6.1,9.64,89.5,0.0,50.6
2023-07-04T07:00:00,-6.1,9.98,96.1,0.0,55.3
2023-07-04T08:00:00,-6.1,10.42,89.7,0.0,67.8
2023-07-04T09:00:00,-6.2,10.29,89.6,0.0,67.1
2023-07-04T10:00:00,-6.5,10.29,90.3,0.0,65.7
2023-07-04T11:00:00,-6.7,9.75,92.1,0.0,54.1
2023-07-04T12:00:00,-7.4,9.75,86.0,0.0,52.0
2023-07-04T13:00:00,-7.7,9.05,90.4,0.0,37.7
2023-07-04T14:00:00,-7.7,7.83,88.9,0.0,20.8
2023-07-04T15:00:00,-7.9,7.07,91.1,0.0,13.5
2023-07-04T16:00:00,-8.2,6.49,88.8,0.0,8.9
2023-07-04T17:00:00,-8.7,5.92,90.0,0.0,5.2
2023-07-04T18:00:00,-9.2,5.82,92.0,0.0,5.0
2023-07-04T19:00:00,-9.6,5.89,85.9,0.0,5.5
2023-07-04T20:00:00,-10.0,6.35,88.1,0.0,7.8
2023-07-04T21:00:00,-10.7,5.9,91.0,0.0,5.1
2023-07-04T22:00:00,-11.3,5.43,90.4,0.0,3.5
2023-07-04T23:00:00,-11.7,5.22,90.0,0.0,2.7
2023-07-05T00:00:00,-11.7,4.74,93.1,0.0,1.3
2023-07-05T01:00:00,-13.3,4.3,90.6,0.0,0.6
2023-07-05T02:00:00,-13.7,4.2,91.0,0.0,0.5
2023-07-05T03:00:00,-14.1,3.11,93.6,0.0,0.0
2023-07-05T04:00:00,-12.9,2.41,87.0,0.0,0.0
2023-07-05T05:00:00,-13.5,2.53,89.1,0.0,0.0
2023-07-05T06:00:00,-15.4,3.41,94.6,0.0,0.0
2023-07-05T07:00:00,-13.9,6.71,93.0,0.0,10.6
2023-07-05T08:00:00,-13.5,8.53,94.5,0.0,31.6
2023-07-05T09:00:00,-13.5,8.4,91.5,0.0,28.8
2023-07-05T10:00:00,-13.9,6.79,93.8,0.0,11.5
2023-07-05T11:00:00,-14.3,6.43,88.4,0.0,8.0
2023-07-05T12:00:00,-13.8,7.44,96.4,0.0,17.1
2023-07-05T13:00:00,-15.4,4.92,92.7,0.0,1.7
2023-07-05T14:00:00,-15.9,4.83,93.3,0.0,1.5
2023-07-05T15:00:00,-14.6,7.56,89.4,0.0,18.9
2023-07-05T16:00:00,-14.5,9.67,93.5,0.0,49.5
2023-07-05T17:00:00,-14.9,8.32,97.0,0.0,27.8
2023-07-05T18:00:00,-15.2,7.36,93.7,0.0,16.7
2023-07-05T19:00:00,-15.7,6.94,94.3,0.0,11.9
2023-07-05T20:00:00,-16.1,6.81,93.1,0.0,10.8
2023-07-05T21:00:00,-16.4,6.6,96.1,0.0,10.1
2023-07-05T22:00:00,-16.7,6.41,90.6,0.0,8.0
2023-07-05T23:00:00,-16.8,6.9,95.0,0.0,11.5
2023-07-06T00:00:00,-16.8,7.54,94.5,0.0,18.5
2023-07-06T01:00:00,-17.7,6.26,92.0,0.0,7.7
2023-07-06T02:00:00,-18.2,4.9,92.7,0.0,1.8
2023-07-06T03:00:00,-18.5,4.59,94.3,0.0,1.1
2023-07-06T04:00:00,-18.6,4.78,92.2,0.0,1.4
2023-07-06T05:00:00,-18.4,5.57,94.7,0.0,3.8
2023-07-06T06:00:00,-18.2,6.31,93.4,0.0,7.5
2023-07-06T07:00:00,-18.0,6.81,93.2,0.0,11.0
2023-07-06T08:00:00,-17.9,6.71,97.6,0.0,10.8
2023-07-06T09:00:00,-17.9,6.3,93.9,0.0,7.5
2023-07-06T10:00:00,-18.0,5.93,92.1,0.0,5.8
2023-07-06T11:00:00,-18.1,5.69,96.4,0.0,4.5
2023-07-06T12:00:00,-16.7,5.12,91.0,0.0,2.3
2023-07-06T13:00:00,-18.2,4.11,93.0,0.0,0.4
2023-07-06T14:00:00,-18.2,4.4,98.4,0.0,0.7
2023-07-06T15:00:00,-18.4,4.44,93.4,0.0,0.8
2023-07-06T16:00:00,-18.0,5.2,91.6,0.0,2.4
2023-07-06T17:00:00,-17.7,6.01,92.6,0.0,5.6
2023-07-06T18:00:00,-17.4,6.85,91.4,0.0,11.8
2023-07-06T19:00:00,-17.4,6.77,94.5,0.0,11.2
2023-07-06T20:00:00,-17.3,6.5,95.5,0.0,9.1
2023-07-06T21:00:00,-17.1,6.2,98.8,0.0,7.2
2023-07-06T22:00:00,-17.3,5.84,94.7,0.0,4.9
2023-07-06T23:00:00,-17.3,5.67,89.9,0.0,4.3
2023-07-07T00:00:00,-16.7,6.4,93.6,0.0,8.0
2023-07-07T01:00:00,-17.8,5.14,90.4,0.0,2.4
2023-07-07T02:00:00,-17.7,4.08,95.5,0.0,0.4
2023-07-07T03:00:00,-17.5,3.77,95.3,0.0,0.2
2023-07-07T04:00:00,-17.2,3.84,95.0,0.0,0.2
2023-07-07T05:00:00,-17.4,4.12,91.9,0.0,0.4
2023-07-07T06:00:00,-17.3,4.33,94.9,0.0,0.6
2023-07-07T07:00:00,-17.0,4.02,94.0,0.0,0.3
2023-07-07T08:00:00,-16.6,3.61,94.4,0.0,0.1
2023-07-07T09:00:00,-16.3,3.4,91.9,0.0,0.0
2023-07-07T10:00:00,-16.0,3.12,92.3,0.0,0.0
2023-07-07T11:00:00,-15.8,2.41,93.7,0.0,0.0
2023-07-07T12:00:00,-14.3,3.18,88.7,0.0,0.0
2023-07-07T13:00:00,-16.2,2.41,90.9,0.0,0.0
2023-07-07T14:00:00,-16.2,2.51,94.9,0.0,0.0
2023-07-07T15:00:00,-16.8,3.26,97.4,0.0,0.0
2023-07-07T16:00:00,-16.4,3.93,94.8,0.0,0.2
2023-07-07T17:00:00,-16.0,4.34,92.5,0.0,0.6
2023-07-07T18:00:00,-15.9,4.43,91.4,0.0,0.8
2023-07-07T19:00:00,-15.9,4.12,93.1,0.0,0.4
2023-07-07T20:00:00,-15.7,3.9,95.3,0.0,0.2
2023-07-07T21:00:00,-15.8,3.91,97.1,0.0,0.2
2023-07-07T22:00:00,-15.4,4.3,95.3,0.0,0.6
2023-07-07T23:00:00,-15.0,4.57,92.5,0.0,1.0
2023-07-08T00:00:00,-13.2,4.02,93.3,0.0,0.3
2023-07-08T01:00:00,-13.4,4.96,89.2,0.0,1.9
2023-07-08T02:00:00,-13.0,4.66,91.8,0.0,1.2
2023-07-08T03:00:00,-12.7,4.52,90.5,0.0,0.9
2023-07-08T04:00:00,-12.3,4.75,90.7,0.0,1.4
2023-07-08T05:00:00,-12.2,4.21,90.7,0.0,0.5
2023-07-08T06:00:00,-12.2,3.81,90.0,0.0,0.2
2023-07-08T07:00:00,-11.9,3.86,88.7,0.0,0.2
2023-07-08T08:00:00,-11.5,4.49,89.2,0.0,0.9
2023-07-08T09:00:00,-11.4,4.74,88.5,0.0,1.3
2023-07-08T10:00:00,-11.3,4.9,88.9,0.0,1.7
2023-07-08T11:00:00,-11.1,5.22,93.8,0.0,2.7
2023-07-08T12:00:00,-10.7,4.27,84.7,0.0,0.6
2023-07-08T13:00:00,-11.5,4.4,87.8,0.0,0.7
2023-07-08T14:00:00,-11.4,4.61,90.2,0.0,1.1
2023-07-08T15:00:00,-11.6,5.28,89.6,0.0,2.7
2023-07-08T16:00:00,-12.1,5.9,91.1,0.0,5.5
2023-07-08T17:00:00,-12.6,5.22,88.7,0.0,2.5
2023-07-08T18:00:00,-13.0,4.32,89.1,0.0,0.7
2023-07-08T19:00:00,-13.6,3.74,91.5,0.0,0.1
2023-07-08T20:00:00,-13.7,3.74,91.6,0.0,0.1
2023-07-08T21:00:00,-13.7,4.1,96.6,0.0,0.4
2023-07-08T22:00:00,-14.0,4.3,90.2,0.0,0.6
2023-07-08T23:00:00,-14.3,4.59,89.0,0.0,1.1
2023-07-09T00:00:00,-11.5,6.73,86.2,0.0,11.0
2023-07-09T01:00:00,-12.8,6.77,89.5,0.0,10.6
2023-07-09T02:00:00,-12.7,7.38,88.6,0.0,16.5
2023-07-09T03:00:00,-12.7,7.38,91.9,0.0,16.5
2023-07-09T04:00:00,-12.5,7.16,93.1,0.0,14.7
2023-07-09T05:00:00,-13.1,5.31,91.5,0.0,2.8
2023-07-09T06:00:00,-11.6,8.59,92.7,0.0,31.7
2023-07-09T07:00:00,-10.9,9.55,91.1,0.0,49.6
2023-07-09T08:00:00,-10.6,7.69,92.6,0.0,19.6
2023-07-09T09:00:00,-10.4,7.5,92.0,0.0,17.4
2023-07-09T10:00:00,-10.4,6.99,89.5,0.0,13.0
2023-07-09T11:00:00,-10.7,6.36,90.4,0.0,7.6
2023-07-09T12:00:00,-10.4,6.13,89.2,0.0,6.9
2023-07-09T13:00:00,-11.7,6.02,88.9,0.0,6.1
2023-07-09T14:00:00,-11.9,6.02,90.2,0.0,5.7
2023-07-09T15:00:00,-12.0,6.21,90.4,0.0,6.9
2023-07-09T16:00:00,-11.9,6.19,87.9,0.0,6.9
2023-07-09T17:00:00,-12.5,5.04,91.1,0.0,2.1
2023-07-09T18:00:00,-13.2,5.33,92.0,0.0,3.1
2023-07-09T19:00:00,-13.2,5.26,89.7,0.0,2.8
2023-07-09T20:00:00,-13.6,5.36,92.2,0.0,3.1
2023-07-09T21:00:00,-14.1,5.75,89.7,0.0,4.7
2023-07-09T22:00:00,-14.3,5.66,90.5,0.0,4.1
2023-07-09T23:00:00,-14.4,4.83,91.7,0.0,1.5
2023-07-10T00:00:00,-11.3,6.65,91.5,0.0,10.0
2023-07-10T01:00:00,-12.5,5.64,89.6,0.0,4.0
2023-07-10T02:00:00,-13.6,3.82,90.6,0.0,0.2
2023-07-10T03:00:00,-14.0,2.86,91.8,0.0,0.0
2023-07-10T04:00:00,-14.8,2.75,87.8,0.0,0.0
2023-07-10T05:00:00,-15.0,4.19,92.7,0.0,0.5
2023-07-10T06:00:00,-14.9,4.28,93.2,0.0,0.6
2023-07-10T07:00:00,-15.0,4.58,92.4,0.0,1.0
2023-07-10T08:00:00,-14.7,3.72,92.3,0.0,0.1
2023-07-10T09:00:00,-14.5,4.16,91.2,0.0,0.5
2023-07-10T10:00:00,-14.5,4.47,92.2,0.0,0.8
2023-07-10T11:00:00,-14.2,4.76,90.0,0.0,1.3
2023-07-10T12:00:00,-13.3,4.68,93.4,0.0,1.2
2023-07-10T13:00:00,-15.0,4.53,93.9,0.0,1.0
2023-07-10T14:00:00,-15.2,3.89,93.5,0.0,0.2
2023-07-10T15:00:00,-15.3,3.33,88.9,0.0,0.0
2023-07-10T16:00:00,-15.3,3.26,93.6,0.0,0.0
2023-07-10T17:00:00,-15.8,3.41,96.0,0.0,0.0
2023-07-10T18:00:00,-16.0,3.76,90.9,0.0,0.1
2023-07-10T19:00:00,-16.2,3.61,94.7,0.0,0.1
2023-07-10T20:00:00,-16.4,3.5,92.8,0.0,0.0
2023-07-10T21:00:00,-16.7,3.62,93.2,0.0,0.1
2023-07-10T22:00:00,-17.0,3.96,92.4,0.0,0.3
2023-07-10T23:00:00,-17.3,3.97,95.9,0.0,0.3
2023-07-11T00:00:00,-15.4,2.06,96.6,0.0,0.0
2023-07-11T01:00:00,-15.0,2.01,96.7,0.0,0.0
2023-07-11T02:00:00,-16.0,2.33,89.1,0.0,0.0
2023-07-11T03:00:00,-18.0,4.67,93.8,0.0,1.3
2023-07-11T04:00:00,-16.8,6.5,96.5,0.0,8.6
2023-07-11T05:00:00,-15.9,7.85,91.2,0.0,22.1
2023-07-11T06:00:00,-15.4,8.81,95.5,0.0,35.8
2023-07-11T07:00:00,-15.3,8.71,97.6,0.0,34.9
2023-07-11T08:00:00,-15.3,7.96,94.1,0.0,23.6
2023-07-11T09:00:00,-15.5,6.8,91.4,0.0,10.7
2023-07-11T10:00:00,-15.7,6.4,94.6,0.0,8.0
2023-07-11T11:00:00,-16.0,5.89,93.0,0.0,5.5
2023-07-11T12:00:00,-15.2,7.61,93.3,0.0,19.4
2023-07-11T13:00:00,-16.3,6.82,92.3,0.0,11.2
2023-07-11T14:00:00,-16.6,5.95,95.5,0.0,5.3
2023-07-11T15:00:00,-17.0,5.32,95.7,0.0,2.9
2023-07-11T16:00:00,-17.4,4.9,94.2,0.0,1.7
2023-07-11T17:00:00,-18.0,4.7,95.1,0.0,1.3
2023-07-11T18:00:00,-18.2,4.66,94.5,0.0,1.2
2023-07-11T19:00:00,-18.3,4.81,93.2,0.0,1.5
2023-07-11T20:00:00,-18.4,4.53,92.9,0.0,0.9
2023-07-11T21:00:00,-18.4,4.12,95.1,0.0,0.4
2023-07-11T22:00:00,-18.4,3.83,94.1,0.0,0.2
2023-07-11T23:00:00,-18.6,3.61,94.9,0.0,0.1
2023-07-12T00:00:00,-17.6,4.38,92.5,0.0,0.7
2023-07-12T01:00:00,-19.1,4.32,94.4,0.0,0.7
2023-07-12T02:00:00,-18.7,4.69,95.8,0.0,1.2
2023-07-12T03:00:00,-18.5,4.7,91.8,0.0,1.3
2023-07-12T04:00:00,-18.4,4.69,91.7,0.0,1.3
2023-07-12T05:00:00,-18.4,4.74,95.5,0.0,1.3
2023-07-12T06:00:00,-18.3,4.6,91.3,0.0,1.1
2023-07-12T07:00:00,-18.4,4.4,92.7,0.0,0.8
2023-07-12T08:00:00,-18.2,4.19,92.8,0.0,0.5
2023-07-12T09:00:00,-18.2,3.89,94.5,0.0,0.2
2023-07-12T10:00:00,-18.3,3.91,92.7,0.0,0.2
2023-07-12T11:00:00,-18.5,3.84,88.7,0.0,0.2
2023-07-12T12:00:00,-16.5,3.76,93.5,0.0,0.2
2023-07-12T13:00:00,-19.1,3.78,97.1,0.0,0.2
2023-07-12T14:00:00,-19.3,3.5,95.6,0.0,0.0
2023-07-12T15:00:00,-19.5,3.4,98.9,0.0,0.0
2023-07-12T16:00:00,-19.5,3.53,93.4,0.0,0.1
2023-07-12T17:00:00,-19.5,3.62,93.2,0.0,0.1
2023-07-12T18:00:00,-19.4,3.5,94.8,0.0,0.0
2023-07-12T19:00:00,-19.2,3.11,95.7,0.0,0.0
2023-07-12T20:00:00,-18.1,2.3,93.0,0.0,0.0
2023-07-12T21:00:00,-17.2,2.06,94.6,0.0,0.0
2023-07-12T22:00:00,-17.2,2.44,87.9,0.0,0.0
2023-07-12T23:00:00,-17.7,4.22,90.6,0.0,0.5
2023-07-13T00:00:00,-14.9,4.74,92.8,0.0,1.3
2023-07-13T01:00:00,-18.0,3.85,97.5,0.0,0.2
2023-07-13T02:00:00,-18.1,3.3,93.6,0.0,0.0
2023-07-13T03:00:00,-18.1,3.21,91.3,0.0,0.0
2023-07-13T04:00:00,-18.3,3.22,96.5,0.0,0.0
2023-07-13T05:00:00,-18.5,3.41,92.9,0.0,0.0
2023-07-13T06:00:00,-18.7,3.6,96.6,0.0,0.1
2023-07-13T07:00:00,-18.5,4.5,94.2,0.0,0.9
2023-07-13T08:00:00,-18.3,4.72,96.0,0.0,1.2
2023-07-13T09:00:00,-18.4,4.6,93.7,0.0,1.1
2023-07-13T10:00:00,-18.5,4.6,95.8,0.0,1.0
2023-07-13T11:00:00,-18.5,4.51,95.3,0.0,0.9
2023-07-13T12:00:00,-15.8,6.45,93.3,0.0,8.5
2023-07-13T13:00:00,-17.4,6.12,90.1,0.0,6.8
2023-07-13T14:00:00,-17.5,5.1,93.6,0.0,2.3
2023-07-13T15:00:00,-17.8,4.63,96.4,0.0,1.1
2023-07-13T16:00:00,-17.9,4.61,90.9,0.0,1.1
2023-07-13T17:00:00,-17.7,4.8,91.6,0.0,1.4
2023-07-13T18:00:00,-17.3,5.18,93.0,0.0,2.4
2023-07-13T19:00:00,-17.1,5.46,95.7,0.0,3.4
2023-07-13T20:00:00,-17.1,5.0,95.1,0.0,2.0
2023-07-13T21:00:00,-16.6,5.82,93.8,0.0,4.7
2023-07-13T22:00:00,-16.4,6.45,92.9,0.0,8.4
2023-07-13T23:00:00,-16.2,6.86,94.9,0.0,12.0
2023-07-14T00:00:00,-15.7,7.25,90.0,0.0,14.7
2023-07-14T01:00:00,-16.8,6.96,94.9,0.0,12.0
2023-07-14T02:00:00,-16.9,5.76,98.0,0.0,4.6
2023-07-14T03:00:00,-17.1,5.32,94.8,0.0,3.0
2023-07-14T04:00:00,-17.3,5.22,93.8,0.0,2.5
2023-07-14T05:00:00,-17.3,5.32,97.7,0.0,3.0
2023-07-14T06:00:00,-17.1,5.0,95.4,0.0,1.9
2023-07-14T07:00:00,-16.7,5.5,92.6,0.0,3.5
2023-07-14T08:00:00,-16.3,6.21,91.7,0.0,6.8
2023-07-14T09:00:00,-16.1,6.3,89.7,0.0,7.2
2023-07-14T10:00:00,-16.0,6.11,94.4,0.0,6.8
2023-07-14T11:00:00,-15.9,6.04,92.8,0.0,6.1
2023-07-14T12:00:00,-15.3,5.84,89.6,0.0,5.0
2023-07-14T13:00:00,-17.0,5.67,91.1,0.0,4.1
2023-07-14T14:00:00,-17.1,5.58,90.2,0.0,4.0
2023-07-14T15:00:00,-17.4,5.44,97.2,0.0,3.3
2023-07-14T16:00:00,-17.6,5.22,96.0,0.0,2.5
2023-07-14T17:00:00,-18.0,4.92,93.0,0.0,1.7
2023-07-14T18:00:00,-18.3,4.83,93.5,0.0,1.6
2023-07-14T19:00:00,-18.6,4.63,97.0,0.0,1.1
2023-07-14T20:00:00,-18.9,4.34,90.4,0.0,0.7
2023-07-14T21:00:00,-19.4,4.03,94.7,0.0,0.3
2023-07-14T22:00:00,-19.6,3.61,94.3,0.0,0.1
2023-07-14T23:00:00,-19.8,3.32,96.3,0.0,0.0
2023-07-15T00:00:00,-16.5,4.7,91.7,0.0,1.3
2023-07-15T01:00:00,-18.7,5.22,95.1,0.0,2.5
2023-07-15T02:00:00,-18.5,5.3,98.6,0.0,3.0
2023-07-15T03:00:00,-18.6,4.98,93.5,0.0,1.9
2023-07-15T04:00:00,-18.6,5.25,93.9,0.0,2.8
2023-07-15T05:00:00,-18.1,6.61,93.2,0.0,10.1
2023-07-15T06:00:00,-18.1,6.59,90.6,0.0,9.7
2023-07-15T07:00:00,-18.0,5.92,95.1,0.0,5.4
2023-07-15T08:00:00,-18.3,5.2,91.6,0.0,2.6
2023-07-15T09:00:00,-18.5,5.1,95.3,0.0,2.1
2023-07-15T10:00:00,-18.6,5.2,94.6,0.0,2.6
2023-07-15T11:00:00,-18.4,5.7,94.9,0.0,4.6
2023-07-15T12:00:00,-16.5,5.7,95.7,0.0,4.4
2023-07-15T13:00:00,-18.4,6.21,95.1,0.0,7.1
2023-07-15T14:00:00,-18.2,6.34,95.1,0.0,7.7
2023-07-15T15:00:00,-18.2,6.15,95.6,0.0,6.6
2023-07-15T16:00:00,-18.2,6.51,92.7,0.0,9.3
2023-07-15T17:00:00,-18.3,6.48,96.5,0.0,8.7
2023-07-15T18:00:00,-18.3,6.34,95.2,0.0,8.1
2023-07-15T19:00:00,-18.3,6.33,97.0,0.0,8.2
2023-07-15T20:00:00,-18.2,6.72,93.9,0.0,10.3
2023-07-15T21:00:00,-18.0,7.1,90.4,0.0,13.3
2023-07-15T22:00:00,-18.0,7.0,91.5,0.0,13.1
2023-07-15T23:00:00,-18.3,6.51,92.2,0.0,8.7
2023-07-16T00:00:00,-18.1,8.16,91.3,0.0,26.5
2023-07-16T01:00:00,-19.4,7.25,95.3,0.0,15.8
2023-07-16T02:00:00,-19.6,6.55,93.5,0.0,9.7
2023-07-16T03:00:00,-19.9,5.52,94.9,0.0,3.8
2023-07-16T04:00:00,-20.1,4.9,95.9,0.0,1.7
2023-07-16T05:00:00,-20.3,4.7,92.3,0.0,1.3
2023-07-16T06:00:00,-20.4,4.7,93.3,0.0,1.3
2023-07-16T07:00:00,-20.2,5.3,94.7,0.0,2.8
2023-07-16T08:00:00,-19.9,5.64,96.7,0.0,4.3
2023-07-16T09:00:00,-19.7,5.91,94.8,0.0,5.7
2023-07-16T10:00:00,-19.8,5.63,92.8,0.0,4.0
2023-07-16T11:00:00,-19.9,5.43,95.7,0.0,3.5
2023-07-16T12:00:00,-19.2,7.04,97.3,0.0,13.2
2023-07-16T13:00:00,-20.2,5.86,95.0,0.0,5.0
2023-07-16T14:00:00,-20.4,5.32,97.9,0.0,2.9
2023-07-16T15:00:00,-20.8,4.62,96.3,0.0,1.1
2023-07-16T16:00:00,-21.6,4.14,97.4,0.0,0.4
2023-07-16T17:00:00,-21.8,4.12,97.7,0.0,0.4
2023-07-16T18:00:00,-22.2,4.36,94.9,0.0,0.7
2023-07-16T19:00:00,-22.4,4.52,98.9,0.0,0.9
2023-07-16T20:00:00,-22.6,4.33,100.8,0.0,0.6
2023-07-16T21:00:00,-22.8,3.74,97.6,0.0,0.1
2023-07-16T22:00:00,-23.0,3.11,94.9,0.0,0.0
2023-07-16T23:00:00,-23.3,2.56,97.7,0.0,0.0
2023-07-17T00:00:00,-21.3,0.78,97.3,0.0,0.0
2023-07-17T01:00:00,-21.2,0.98,98.9,0.0,0.0
2023-07-17T02:00:00,-21.1,0.9,100.7,0.0,0.0
2023-07-17T03:00:00,-20.8,1.26,94.6,0.0,0.0
2023-07-17T04:00:00,-22.4,1.97,93.5,0.0,0.0
2023-07-17T05:00:00,-22.9,2.38,99.3,0.0,0.0
2023-07-17T06:00:00,-23.5,2.63,95.4,0.0,0.0
2023-07-17T07:00:00,-23.7,2.7,97.8,0.0,0.0
2023-07-17T08:00:00,-23.8,2.71,94.7,0.0,0.0
2023-07-17T09:00:00,-23.9,3.32,97.5,0.0,0.0
2023-07-17T10:00:00,-24.2,3.32,96.6,0.0,0.0
2023-07-17T11:00:00,-24.2,3.23,93.5,0.0,0.0
2023-07-17T12:00:00,-20.6,2.69,97.1,0.0,0.0
2023-07-17T13:00:00,-23.3,2.77,91.2,0.0,0.0
2023-07-17T14:00:00,-23.1,2.76,98.4,0.0,0.0
2023-07-17T15:00:00,-22.7,2.55,92.1,0.0,0.0
2023-07-17T16:00:00,-23.5,3.26,95.9,0.0,0.0
2023-07-17T17:00:00,-22.7,2.52,98.0,0.0,0.0
2023-07-17T18:00:00,-21.2,2.25,92.7,0.0,0.0
2023-07-17T19:00:00,-21.3,2.39,95.4,0.0,0.0
2023-07-17T20:00:00,-21.8,2.88,97.4,0.0,0.0
2023-07-17T21:00:00,-20.7,2.8,95.2,0.0,0.0
2023-07-17T22:00:00,-20.2,2.72,94.8,0.0,0.0
2023-07-17T23:00:00,-20.5,2.98,92.2,0.0,0.0
2023-07-18T00:00:00,-19.2,3.3,94.0,0.0,0.0
2023-07-18T01:00:00,-21.8,3.42,97.3,0.0,0.0
2023-07-18T02:00:00,-19.9,2.51,93.7,0.0,0.0
2023-07-18T03:00:00,-16.5,1.7,96.7,0.0,0.0
2023-07-18T04:00:00,-18.1,2.28,90.7,0.0,0.0
2023-07-18T05:00:00,-20.7,3.61,100.5,0.0,0.1
2023-07-18T06:00:00,-20.4,4.34,96.4,0.0,0.7
2023-07-18T07:00:00,-20.0,3.35,91.8,0.0,0.0
2023-07-18T08:00:00,-19.2,3.01,98.3,0.0,0.0
2023-07-18T09:00:00,-19.3,3.13,94.0,0.0,0.0
2023-07-18T10:00:00,-19.5,3.36,94.0,0.0,0.0
2023-07-18T11:00:00,-19.0,3.26,94.6,0.0,0.0
2023-07-18T12:00:00,-16.9,5.23,96.6,0.0,2.6
2023-07-18T13:00:00,-18.5,4.96,93.6,0.0,1.8
2023-07-18T14:00:00,-18.5,4.32,95.1,0.0,0.6
2023-07-18T15:00:00,-18.7,3.54,94.5,0.0,0.1
2023-07-18T16:00:00,-17.8,2.94,93.8,0.0,0.0
2023-07-18T17:00:00,-18.1,3.33,93.7,0.0,0.0
2023-07-18T18:00:00,-18.3,3.54,93.8,0.0,0.1
2023-07-18T19:00:00,-17.7,4.9,92.8,0.0,1.7
2023-07-18T20:00:00,-16.5,6.21,91.2,0.0,7.2
2023-07-18T21:00:00,-15.9,6.8,91.3,0.0,11.7
2023-07-18T22:00:00,-16.0,6.04,91.7,0.0,6.0
2023-07-18T23:00:00,-16.1,5.79,95.5,0.0,4.9
2023-07-19T00:00:00,-14.4,5.53,89.4,0.0,3.8
2023-07-19T01:00:00,-17.4,4.02,94.5,0.0,0.3
2023-07-19T02:00:00,-17.6,3.76,93.8,0.0,0.1
2023-07-19T03:00:00,-17.0,5.03,94.8,0.0,2.1
2023-07-19T04:00:00,-16.0,6.07,94.6,0.0,6.2
2023-07-19T05:00:00,-15.3,6.52,91.5,0.0,8.7
2023-07-19T06:00:00,-15.3,6.31,96.4,0.0,7.4
2023-07-19T07:00:00,-15.3,6.11,88.1,0.0,6.2
2023-07-19T08:00:00,-15.7,5.41,92.5,0.0,3.2
2023-07-19T09:00:00,-16.2,5.12,90.3,0.0,2.3
2023-07-19T10:00:00,-16.6,4.94,93.4,0.0,1.8
2023-07-19T11:00:00,-16.9,4.9,95.4,0.0,1.6
2023-07-19T12:00:00,-14.3,5.5,89.8,0.0,3.5
2023-07-19T13:00:00,-17.9,3.3,96.0,0.0,0.0
2023-07-19T14:00:00,-16.9,2.9,95.5,0.0,0.0
2023-07-19T15:00:00,-18.1,3.41,95.5,0.0,0.0
2023-07-19T16:00:00,-18.5,4.41,92.3,0.0,0.8
2023-07-19T17:00:00,-17.7,5.4,94.5,0.0,3.4
2023-07-19T18:00:00,-17.2,5.7,94.1,0.0,4.5
2023-07-19T19:00:00,-16.6,6.17,92.4,0.0,6.5
2023-07-19T20:00:00,-16.7,5.77,95.4,0.0,4.6
2023-07-19T21:00:00,-16.8,5.69,91.3,0.0,4.5
2023-07-19T22:00:00,-17.3,5.25,93.0,0.0,2.7
2023-07-19T23:00:00,-17.8,5.1,94.8,0.0,2.3
2023-07-20T00:00:00,-13.5,6.0,92.9,0.0,5.7
2023-07-20T01:00:00,-17.6,3.41,94.2,0.0,0.0
2023-07-20T02:00:00,-14.8,2.3,93.5,0.0,0.0
2023-07-20T03:00:00,-18.1,3.09,93.9,0.0,0.0
2023-07-20T04:00:00,-17.4,2.78,91.2,0.0,0.0
2023-07-20T05:00:00,-14.4,2.11,93.5,0.0,0.0
2023-07-20T06:00:00,-15.1,2.2,92.3,0.0,0.0
2023-07-20T07:00:00,-14.7,2.08,90.9,0.0,0.0
2023-07-20T08:00:00,-16.6,2.56,89.0,0.0,0.0
2023-07-20T09:00:00,-18.8,3.34,95.4,0.0,0.0
2023-07-20T10:00:00,-19.7,4.61,96.4,0.0,1.1
2023-07-20T11:00:00,-19.2,4.93,96.5,0.0,1.7
2023-07-20T12:00:00,-14.6,5.6,90.9,0.0,4.0
2023-07-20T13:00:00,-19.3,4.9,95.3,0.0,1.7
2023-07-20T14:00:00,-19.5,4.59,96.6,0.0,1.1
2023-07-20T15:00:00,-19.8,4.31,95.4,0.0,0.7
2023-07-20T16:00:00,-19.4,5.1,92.1,0.0,2.3
2023-07-20T17:00:00,-19.1,5.41,92.9,0.0,3.3
2023-07-20T18:00:00,-19.6,4.55,97.3,0.0,1.0
2023-07-20T19:00:00,-20.1,4.03,94.3,0.0,0.3
2023-07-20T20:00:00,-20.2,4.12,93.7,0.0,0.4
2023-07-20T21:00:00,-19.9,4.92,97.5,0.0,1.8
2023-07-20T22:00:00,-19.6,5.28,97.0,0.0,2.8
2023-07-20T23:00:00,-19.9,5.03,97.2,0.0,2.0
2023-07-21T00:00:00,-15.9,5.5,90.7,0.0,3.6
2023-07-21T01:00:00,-20.7,5.38,96.2,0.0,3.0
2023-07-21T02:00:00,-20.4,5.51,93.9,0.0,3.5
2023-07-21T03:00:00,-18.1,7.12,95.9,0.0,13.1
2023-07-21T04:00:00,-16.6,8.22,93.7,0.0,25.9
2023-07-21T05:00:00,-17.3,6.79,94.0,0.0,10.5
2023-07-21T06:00:00,-19.0,4.98,95.7,0.0,1.8
2023-07-21T07:00:00,-20.2,4.47,98.0,0.0,0.9
2023-07-21T08:00:00,-21.1,4.7,96.5,0.0,1.2
2023-07-21T09:00:00,-21.7,4.95,96.4,0.0,1.9
2023-07-21T10:00:00,-22.2,5.02,95.0,0.0,2.0
2023-07-21T11:00:00,-22.5,5.11,98.0,0.0,2.2
2023-07-21T12:00:00,-21.3,4.82,96.1,0.6,1.5
2023-07-21T13:00:00,-23.4,4.75,93.6,0.0,1.4
2023-07-21T14:00:00,-23.3,4.94,99.1,0.0,1.8
2023-07-21T15:00:00,-23.2,4.96,95.5,0.0,1.8
2023-07-21T16:00:00,-23.0,5.01,96.5,0.0,2.0
2023-07-21T17:00:00,-22.8,5.06,98.5,0.0,2.1
2023-07-21T18:00:00,-22.4,5.43,97.7,0.0,3.1
2023-07-21T19:00:00,-22.3,5.61,100.4,0.0,4.2
2023-07-21T20:00:00,-22.2,5.58,95.1,0.0,3.8
2023-07-21T21:00:00,-22.3,5.76,100.9,0.0,4.7
2023-07-21T22:00:00,-22.6,5.48,94.4,0.0,3.5
2023-07-21T23:00:00,-23.1,5.5,94.0,0.0,3.5
2023-07-22T00:00:00,-22.4,9.49,96.3,0.0,48.4
2023-07-22T01:00:00,-23.7,7.55,98.5,0.0,18.7
2023-07-22T02:00:00,-23.7,5.22,95.5,0.0,2.7
2023-07-22T03:00:00,-24.6,4.18,100.8,0.0,0.5
2023-07-22T04:00:00,-25.5,4.6,95.5,0.0,1.1
2023-07-22T05:00:00,-26.1,4.67,101.5,0.0,1.3
2023-07-22T06:00:00,-26.1,4.53,98.1,0.0,1.0
2023-07-22T07:00:00,-26.0,4.31,96.0,0.0,0.7
2023-07-22T08:00:00,-26.0,3.86,99.1,0.0,0.2
2023-07-22T09:00:00,-26.0,3.59,100.6,0.0,0.1
2023-07-22T10:00:00,-26.0,3.8,99.3,0.0,0.2
2023-07-22T11:00:00,-26.0,3.8,98.3,0.0,0.2
2023-07-22T12:00:00,-23.5,5.08,95.8,1.1,2.1
2023-07-22T13:00:00,-25.1,5.31,94.7,0.0,3.0
2023-07-22T14:00:00,-25.1,5.61,98.5,0.0,4.0
2023-07-22T15:00:00,-25.1,5.72,96.2,0.0,4.5
2023-07-22T16:00:00,-25.1,5.51,94.8,0.0,3.8
2023-07-22T17:00:00,-25.2,5.31,96.2,0.0,2.9
2023-07-22T18:00:00,-25.2,5.26,101.3,0.0,2.6
2023-07-22T19:00:00,-25.3,5.04,95.9,0.0,2.0
2023-07-22T20:00:00,-25.4,4.92,93.3,0.0,1.8
2023-07-22T21:00:00,-25.5,4.9,101.2,0.0,1.8
2023-07-22T22:00:00,-25.5,4.9,101.4,0.0,1.8
2023-07-22T23:00:00,-25.5,4.73,100.0,0.0,1.3
2023-07-23T00:00:00,-23.9,4.2,99.6,0.0,0.5
2023-07-23T01:00:00,-26.1,3.91,100.6,0.0,0.2
2023-07-23T02:00:00,-26.2,3.6,98.4,0.0,0.1
2023-07-23T03:00:00,-26.6,2.75,100.9,0.0,0.0
2023-07-23T04:00:00,-26.7,2.66,98.0,0.0,0.0
2023-07-23T05:00:00,-26.6,3.05,98.3,0.0,0.0
2023-07-23T06:00:00,-26.5,3.32,95.8,0.0,0.0
2023-07-23T07:00:00,-26.3,3.54,93.2,0.0,0.1
2023-07-23T08:00:00,-26.3,3.61,99.8,0.0,0.1
2023-07-23T09:00:00,-26.4,3.45,95.9,0.0,0.0
2023-07-23T10:00:00,-26.3,3.67,95.3,0.0,0.1
2023-07-23T11:00:00,-26.2,3.74,96.4,0.0,0.1
2023-07-23T12:00:00,-24.5,2.92,96.2,1.9,0.0
2023-07-23T13:00:00,-26.8,3.19,98.3,0.0,0.0
2023-07-23T14:00:00,-26.4,3.2,100.0,0.0,0.0
2023-07-23T15:00:00,-25.9,4.2,97.1,0.0,0.5
2023-07-23T16:00:00,-25.1,5.6,101.2,0.0,3.8
2023-07-23T17:00:00,-24.8,6.2,97.9,0.0,6.8
2023-07-23T18:00:00,-24.9,5.9,93.2,0.0,5.3
2023-07-23T19:00:00,-25.1,5.02,99.4,0.0,2.0
2023-07-23T20:00:00,-25.5,4.32,97.1,0.0,0.6
2023-07-23T21:00:00,-26.0,3.55,95.9,0.0,0.1
2023-07-23T22:00:00,-26.0,3.64,98.7,0.0,0.1
2023-07-23T23:00:00,-25.7,4.16,96.7,0.0,0.4
2023-07-24T00:00:00,-24.6,5.07,97.7,0.0,2.2
2023-07-24T01:00:00,-25.7,4.9,99.1,0.0,1.7
2023-07-24T02:00:00,-25.7,4.57,95.3,0.0,1.0
2023-07-24T03:00:00,-25.7,4.63,95.3,0.0,1.1
2023-07-24T04:00:00,-25.6,4.9,98.2,0.0,1.7
2023-07-24T05:00:00,-25.4,5.32,96.7,0.0,2.9
2023-07-24T06:00:00,-25.4,5.4,100.7,0.0,3.3
2023-07-24T07:00:00,-25.2,5.2,96.2,0.0,2.5
2023-07-24T08:00:00,-25.4,4.88,99.5,0.0,1.6
2023-07-24T09:00:00,-25.8,4.46,100.7,0.0,0.9
2023-07-24T10:00:00,-26.0,4.3,96.5,0.0,0.6
2023-07-24T11:00:00,-26.2,4.32,100.6,0.5,0.7
2023-07-24T12:00:00,-25.6,4.27,97.5,1.9,0.5
2023-07-24T13:00:00,-27.1,4.58,100.2,0.4,1.0
2023-07-24T14:00:00,-27.1,4.18,103.9,0.0,0.5
2023-07-24T15:00:00,-27.4,4.07,100.8,0.0,0.4
2023-07-24T16:00:00,-27.6,4.5,95.9,0.0,0.9
2023-07-24T17:00:00,-28.0,4.74,95.8,0.0,1.4
2023-07-24T18:00:00,-28.2,4.67,103.4,0.0,1.2
2023-07-24T19:00:00,-28.0,4.46,102.0,0.0,0.9
2023-07-24T20:00:00,-27.8,3.96,97.3,0.0,0.3
2023-07-24T21:00:00,-27.8,3.69,99.4,0.0,0.1
2023-07-24T22:00:00,-27.8,3.33,99.7,0.0,0.0
2023-07-24T23:00:00,-27.7,3.26,95.9,0.0,0.0
2023-07-25T00:00:00,-25.5,2.97,95.8,0.0,0.0
2023-07-25T01:00:00,-27.6,3.14,99.5,0.0,0.0
2023-07-25T02:00:00,-27.6,3.51,98.2,0.0,0.0
2023-07-25T03:00:00,-27.3,3.62,99.2,0.0,0.1
2023-07-25T04:00:00,-27.2,3.49,101.0,0.0,0.0
2023-07-25T05:00:00,-27.3,3.53,98.5,0.0,0.1
2023-07-25T06:00:00,-27.2,3.67,100.2,0.0,0.1
2023-07-25T07:00:00,-27.0,3.53,97.5,0.0,0.1
2023-07-25T08:00:00,-26.9,3.27,98.7,0.0,0.0
2023-07-25T09:00:00,-27.0,2.82,100.2,0.0,0.0
2023-07-25T10:00:00,-26.1,2.56,97.0,0.0,0.0
2023-07-25T11:00:00,-24.6,2.06,96.9,1.0,0.0
2023-07-25T12:00:00,-24.1,3.64,98.0,2.9,0.1
2023-07-25T13:00:00,-26.2,4.16,100.0,1.0,0.5
2023-07-25T14:00:00,-25.1,4.37,99.4,0.0,0.7
2023-07-25T15:00:00,-24.3,4.84,98.8,0.0,1.6
2023-07-25T16:00:00,-24.4,4.84,97.1,0.0,1.5
2023-07-25T17:00:00,-24.5,4.88,94.8,0.0,1.6
2023-07-25T18:00:00,-24.9,4.39,94.8,0.0,0.8
2023-07-25T19:00:00,-25.5,3.61,96.4,0.0,0.1
2023-07-25T20:00:00,-25.3,2.64,98.7,0.0,0.0
2023-07-25T21:00:00,-24.7,2.16,96.7,0.0,0.0
2023-07-25T22:00:00,-25.3,2.31,98.3,0.0,0.0
2023-07-25T23:00:00,-25.9,2.53,100.5,0.0,0.0
2023-07-26T00:00:00,-23.3,3.2,95.1,0.0,0.0
2023-07-26T01:00:00,-26.8,3.29,99.9,0.0,0.0
2023-07-26T02:00:00,-26.9,3.23,95.6,0.0,0.0
2023-07-26T03:00:00,-27.0,2.82,97.9,0.0,0.0
2023-07-26T04:00:00,-26.8,2.82,98.4,0.0,0.0
2023-07-26T05:00:00,-26.2,2.46,98.4,0.0,0.0
2023-07-26T06:00:00,-25.8,2.47,97.0,0.0,0.0
2023-07-26T07:00:00,-25.3,2.35,97.4,0.0,0.0
2023-07-26T08:00:00,-25.4,2.4,97.6,0.0,0.0
2023-07-26T09:00:00,-25.7,2.7,96.1,0.0,0.0
2023-07-26T10:00:00,-26.0,2.91,101.0,0.0,0.0
2023-07-26T11:00:00,-26.3,3.11,95.9,1.7,0.0
2023-07-26T12:00:00,-22.7,3.93,96.5,2.9,0.3
2023-07-26T13:00:00,-26.7,4.12,94.0,1.5,0.4
2023-07-26T14:00:00,-26.7,3.85,98.8,0.0,0.2
2023-07-26T15:00:00,-26.4,3.2,98.5,0.0,0.0
2023-07-26T16:00:00,-25.6,2.6,98.0,0.0,0.0
2023-07-26T17:00:00,-24.6,2.16,95.7,0.0,0.0
2023-07-26T18:00:00,-26.1,2.66,98.8,0.0,0.0
2023-07-26T19:00:00,-27.3,3.54,100.9,0.0,0.1
2023-07-26T20:00:00,-27.3,4.32,100.6,0.0,0.6
2023-07-26T21:00:00,-27.3,4.46,98.9,0.0,0.8
2023-07-26T22:00:00,-27.2,4.39,99.2,0.0,0.7
2023-07-26T23:00:00,-27.0,4.53,97.4,0.0,1.0
2023-07-27T00:00:00,-23.1,3.69,92.1,0.0,0.1
2023-07-27T01:00:00,-26.9,3.16,97.8,0.0,0.0
2023-07-27T02:00:00,-26.0,2.61,100.9,0.0,0.0
2023-07-27T03:00:00,-26.2,2.73,96.4,0.0,0.0
2023-07-27T04:00:00,-26.3,2.75,100.4,0.0,0.0
2023-07-27T05:00:00,-26.4,2.83,97.9,0.0,0.0
2023-07-27T06:00:00,-26.0,2.63,99.4,0.0,0.0
2023-07-27T07:00:00,-25.2,2.32,99.8,0.0,0.0
2023-07-27T08:00:00,-26.1,2.67,102.7,0.0,0.0
2023-07-27T09:00:00,-27.3,3.23,98.1,0.0,0.0
2023-07-27T10:00:00,-27.1,4.5,101.7,0.0,0.9
2023-07-27T11:00:00,-26.5,5.22,98.4,2.0,2.6
2023-07-27T12:00:00,-23.7,5.22,97.4,4.0,2.6
2023-07-27T13:00:00,-27.1,4.61,94.7,2.4,1.1
2023-07-27T14:00:00,-27.2,4.33,98.4,0.0,0.7
2023-07-27T15:00:00,-27.6,3.42,100.4,0.0,0.0
2023-07-27T16:00:00,-24.1,2.01,97.7,0.0,0.0
2023-07-27T17:00:00,-23.4,1.25,98.1,0.0,0.0
2023-07-27T18:00:00,-23.9,1.77,98.3,0.0,0.0
2023-07-27T19:00:00,-26.7,2.58,98.9,0.0,0.0
2023-07-27T20:00:00,-27.9,3.16,95.8,0.0,0.0
2023-07-27T21:00:00,-28.2,4.28,100.0,0.0,0.6
2023-07-27T22:00:00,-27.7,4.93,101.9,0.0,1.7
2023-07-27T23:00:00,-27.4,5.22,102.9,0.0,2.6
2023-07-28T00:00:00,-24.9,5.46,94.7,0.0,3.6
2023-07-28T01:00:00,-27.7,5.55,96.8,0.0,3.8
2023-07-28T02:00:00,-27.6,5.22,98.1,0.0,2.5
2023-07-28T03:00:00,-27.5,5.34,102.5,0.0,2.9
2023-07-28T04:00:00,-27.3,5.61,97.7,0.0,4.0
2023-07-28T05:00:00,-27.0,6.1,99.4,0.0,6.6
2023-07-28T06:00:00,-26.8,6.48,98.7,0.0,8.6
2023-07-28T07:00:00,-26.6,6.63,94.6,0.0,9.4
2023-07-28T08:00:00,-26.4,6.33,99.1,0.0,8.0
2023-07-28T09:00:00,-26.4,6.2,101.5,0.0,6.9
2023-07-28T10:00:00,-26.5,6.4,97.4,0.0,8.0
2023-07-28T11:00:00,-26.5,6.6,95.8,3.1,9.2
2023-07-28T12:00:00,-25.3,7.16,97.1,3.6,13.9
2023-07-28T13:00:00,-26.7,7.48,100.3,2.4,17.0
2023-07-28T14:00:00,-26.7,7.57,98.1,0.0,18.5
2023-07-28T15:00:00,-26.7,7.48,99.1,0.0,17.5
2023-07-28T16:00:00,-26.7,7.81,99.2,0.0,20.9
2023-07-28T17:00:00,-26.7,7.89,97.7,0.0,21.3
2023-07-28T18:00:00,-26.7,7.86,101.2,0.0,21.6
2023-07-28T19:00:00,-26.7,8.06,101.4,0.0,25.0
2023-07-28T20:00:00,-26.8,8.06,99.0,0.0,24.3
2023-07-28T21:00:00,-26.9,7.84,99.2,0.0,21.0
2023-07-28T22:00:00,-26.9,7.31,97.8,0.0,14.9
2023-07-28T23:00:00,-26.9,6.8,98.9,0.0,10.8
2023-07-29T00:00:00,-26.9,9.43,101.3,0.0,47.3
2023-07-29T01:00:00,-27.9,8.64,97.6,0.0,33.4
2023-07-29T02:00:00,-27.9,7.13,98.2,0.0,13.7
2023-07-29T03:00:00,-27.9,5.91,100.4,0.0,5.5
2023-07-29T04:00:00,-27.9,4.9,97.4,0.0,1.7
2023-07-29T05:00:00,-28.0,4.5,102.4,0.0,0.9
2023-07-29T06:00:00,-28.1,4.04,98.6,0.0,0.3
2023-07-29T07:00:00,-28.2,3.79,102.9,0.0,0.2
2023-07-29T08:00:00,-28.3,3.83,101.3,0.0,0.2
2023-07-29T09:00:00,-28.2,4.05,101.8,0.0,0.3
2023-07-29T10:00:00,-28.0,4.11,98.1,0.0,0.4
2023-07-29T11:00:00,-27.8,4.18,100.0,2.8,0.5
2023-07-29T12:00:00,-25.8,4.2,96.6,4.0,0.5
2023-07-29T13:00:00,-27.7,4.71,95.7,3.0,1.3
2023-07-29T14:00:00,-27.7,4.61,100.0,0.0,1.1
2023-07-29T15:00:00,-27.7,4.59,97.6,0.0,1.0
2023-07-29T16:00:00,-27.8,4.23,98.2,0.0,0.5
2023-07-29T17:00:00,-27.8,4.04,96.6,0.0,0.3
2023-07-29T18:00:00,-27.9,3.83,103.3,0.0,0.2
2023-07-29T19:00:00,-28.1,3.85,98.2,0.0,0.2
2023-07-29T20:00:00,-28.2,4.03,96.7,0.0,0.3
2023-07-29T21:00:00,-28.3,4.13,98.2,0.0,0.4
2023-07-29T22:00:00,-28.5,4.14,98.3,0.0,0.4
2023-07-29T23:00:00,-28.6,4.0,101.7,0.0,0.3
2023-07-30T00:00:00,-28.3,3.84,100.8,0.0,0.2
2023-07-30T01:00:00,-30.1,3.56,100.1,0.0,0.1
2023-07-30T02:00:00,-30.2,2.55,101.2,0.0,0.0
2023-07-30T03:00:00,-29.1,2.15,98.3,0.0,0.0
2023-07-30T04:00:00,-29.8,2.6,101.1,0.0,0.0
2023-07-30T05:00:00,-29.9,3.32,95.7,0.0,0.0
2023-07-30T06:00:00,-29.8,3.31,99.1,0.0,0.0
2023-07-30T07:00:00,-29.8,2.82,104.6,0.0,0.0
2023-07-30T08:00:00,-29.4,2.51,95.5,0.0,0.0
2023-07-30T09:00:00,-29.2,2.42,99.8,0.0,0.0
2023-07-30T10:00:00,-28.6,2.01,98.8,0.0,0.0
2023-07-30T11:00:00,-28.4,1.97,99.1,3.7,0.0
2023-07-30T12:00:00,-27.6,0.9,100.6,4.5,0.0
2023-07-30T13:00:00,-28.4,1.55,97.1,3.5,0.0
2023-07-30T14:00:00,-28.1,1.49,94.2,0.0,0.0
2023-07-30T15:00:00,-28.9,1.75,100.6,0.0,0.0
2023-07-30T16:00:00,-30.1,2.25,98.8,0.0,0.0
2023-07-30T17:00:00,-30.8,2.91,103.5,0.0,0.0
2023-07-30T18:00:00,-30.3,3.72,97.8,0.0,0.1
2023-07-30T19:00:00,-30.4,3.68,102.0,0.0,0.1
2023-07-30T20:00:00,-30.5,3.0,101.3,0.0,0.0
2023-07-30T21:00:00,-30.5,2.62,102.4,0.0,0.0
2023-07-30T22:00:00,-30.2,2.56,97.8,0.0,0.0
2023-07-30T23:00:00,-30.1,2.77,100.2,0.0,0.0
2023-07-31T00:00:00,-28.0,1.08,99.5,0.0,0.0
2023-07-31T01:00:00,-28.5,0.61,95.5,0.0,0.0
2023-07-31T02:00:00,-28.7,0.54,99.1,0.0,0.0
2023-07-31T03:00:00,-28.5,0.92,102.9,0.0,0.0
2023-07-31T04:00:00,-28.2,1.36,99.5,0.0,0.0
2023-07-31T05:00:00,-30.6,2.42,99.8,0.0,0.0
2023-07-31T06:00:00,-30.8,3.74,101.1,0.0,0.1
2023-07-31T07:00:00,-30.7,3.91,103.3,0.0,0.2
2023-07-31T08:00:00,-30.7,3.58,101.0,0.0,0.1
2023-07-31T09:00:00,-30.6,3.31,102.4,0.0,0.0
2023-07-31T10:00:00,-30.5,3.34,101.3,0.0,0.0
2023-07-31T11:00:00,-30.2,3.64,96.6,4.3,0.1
2023-07-31T12:00:00,-28.0,2.5,100.3,5.0,0.0
2023-07-31T13:00:00,-30.4,3.26,102.2,5.1,0.0
2023-07-31T14:00:00,-30.2,3.47,100.8,0.0,0.0
2023-07-31T15:00:00,-30.1,3.27,96.5,0.0,0.0
2023-07-31T16:00:00,-29.9,3.29,96.8,0.0,0.0
2023-07-31T17:00:00,-29.7,3.68,97.7,0.0,0.1
2023-07-31T18:00:00,-29.8,3.01,97.0,0.0,0.0
2023-07-31T19:00:00,-29.5,3.36,100.1,0.0,0.0
2023-07-31T20:00:00,-29.1,2.87,103.6,0.0,0.0
2023-07-31T21:00:00,-27.4,2.31,97.5,0.0,0.0
2023-07-31T22:00:00,-24.2,1.64,95.8,0.0,0.0
2023-07-31T23:00:00,-24.3,1.73,97.3,0.0,0.0
2023-08-01T00:00:00,-25.1,4.58,99.9,0.0,1.1
2023-08-01T01:00:00,-27.5,4.34,97.4,0.0,0.6
2023-08-01T02:00:00,-27.2,4.32,97.9,0.0,0.6
2023-08-01T03:00:00,-26.6,4.55,97.5,0.0,0.9
2023-08-01T04:00:00,-25.8,4.63,99.5,0.0,1.1
2023-08-01T05:00:00,-25.3,3.42,94.3,0.0,0.0
2023-08-01T06:00:00,-24.0,3.14,100.5,0.0,0.0
2023-08-01T07:00:00,-19.4,2.0,92.4,0.0,0.0
2023-08-01T08:00:00,-19.4,2.09,95.7,0.0,0.0
2023-08-01T09:00:00,-21.8,2.92,96.5,0.0,0.0
2023-08-01T10:00:00,-21.4,2.86,96.3,0.4,0.0
2023-08-01T11:00:00,-20.8,2.75,94.6,4.8,0.0
2023-08-01T12:00:00,-20.4,3.81,96.5,5.2,0.2
2023-08-01T13:00:00,-21.9,3.35,94.5,4.8,0.0
2023-08-01T14:00:00,-17.3,1.7,92.1,0.4,0.0
2023-08-01T15:00:00,-17.3,1.27,92.8,0.0,0.0
2023-08-01T16:00:00,-18.7,2.19,95.0,0.0,0.0
2023-08-01T17:00:00,-16.4,0.61,93.7,0.0,0.0
2023-08-01T18:00:00,-18.9,2.38,92.6,0.0,0.0
2023-08-01T19:00:00,-21.0,3.41,99.6,0.0,0.0
2023-08-01T20:00:00,-19.9,3.18,93.2,0.0,0.0
2023-08-01T21:00:00,-19.1,2.91,95.5,0.0,0.0
2023-08-01T22:00:00,-19.2,3.14,93.2,0.0,0.0
2023-08-01T23:00:00,-19.1,3.13,92.4,0.0,0.0
2023-08-02T00:00:00,-17.3,3.77,94.1,0.0,0.1
2023-08-02T01:00:00,-16.1,1.91,92.0,0.0,0.0
2023-08-02T02:00:00,-15.2,1.36,92.2,0.0,0.0
2023-08-02T03:00:00,-19.0,2.71,93.9,0.0,0.0
2023-08-02T04:00:00,-19.6,3.01,94.4,0.0,0.0
2023-08-02T05:00:00,-17.9,2.39,97.0,0.0,0.0
2023-08-02T06:00:00,-16.9,2.28,93.4,0.0,0.0
2023-08-02T07:00:00,-18.3,2.82,94.8,0.0,0.0
2023-08-02T08:00:00,-19.4,3.77,95.7,0.0,0.2
2023-08-02T09:00:00,-18.3,5.73,98.0,0.0,4.4
2023-08-02T10:00:00,-17.6,6.77,96.8,1.0,10.5
2023-08-02T11:00:00,-17.7,6.48,95.0,5.4,8.7
2023-08-02T12:00:00,-16.7,4.03,93.3,5.9,0.3
2023-08-02T13:00:00,-20.4,3.33,94.1,6.0,0.0
2023-08-02T14:00:00,-20.9,4.53,98.2,1.0,1.0
2023-08-02T15:00:00,-20.6,5.69,93.9,0.0,4.4
2023-08-02T16:00:00,-20.4,6.02,96.2,0.0,6.3
2023-08-02T17:00:00,-20.6,5.56,97.5,0.0,3.7
2023-08-02T18:00:00,-21.3,4.72,93.3,0.0,1.4
2023-08-02T19:00:00,-21.9,4.12,99.0,0.0,0.4
2023-08-02T20:00:00,-21.7,3.4,94.3,0.0,0.0
2023-08-02T21:00:00,-19.8,2.69,97.7,0.0,0.0
2023-08-02T22:00:00,-20.1,2.64,92.9,0.0,0.0
2023-08-02T23:00:00,-21.6,3.18,93.6,0.0,0.0
2023-08-03T00:00:00,-17.7,4.92,93.5,0.0,1.7
2023-08-03T01:00:00,-22.4,3.69,96.7,0.0,0.1
2023-08-03T02:00:00,-18.1,2.36,96.1,0.0,0.0
2023-08-03T03:00:00,-20.1,2.75,93.7,0.0,0.0
2023-08-03T04:00:00,-23.5,4.22,98.0,0.0,0.5
2023-08-03T05:00:00,-23.4,4.93,96.7,0.0,1.8
2023-08-03T06:00:00,-24.0,4.02,96.9,0.0,0.3
2023-08-03T07:00:00,-23.9,4.43,95.6,0.0,0.8
2023-08-03T08:00:00,-23.0,5.69,96.6,0.0,4.3
2023-08-03T09:00:00,-22.2,6.2,97.0,0.0,7.2
2023-08-03T10:00:00,-22.5,5.79,94.0,2.0,5.0
2023-08-03T11:00:00,-21.9,7.06,98.0,6.6,12.7
2023-08-03T12:00:00,-20.6,7.63,93.3,7.1,18.4
2023-08-03T13:00:00,-22.7,7.7,93.3,7.0,20.6
2023-08-03T14:00:00,-22.8,7.08,99.1,1.6,12.8
2023-08-03T15:00:00,-24.1,3.96,98.2,0.0,0.3
2023-08-03T16:00:00,-21.2,0.94,95.7,0.0,0.0
2023-08-03T17:00:00,-21.2,0.3,96.8,0.0,0.0
2023-08-03T18:00:00,-21.0,0.89,89.5,0.0,0.0
2023-08-03T19:00:00,-21.0,1.8,93.8,0.0,0.0
2023-08-03T20:00:00,-24.1,6.4,96.4,0.0,8.5
2023-08-03T21:00:00,-23.5,6.74,98.1,0.0,10.4
2023-08-03T22:00:00,-23.1,7.05,96.6,0.0,12.5
2023-08-03T23:00:00,-23.0,7.3,95.0,0.0,15.0
2023-08-04T00:00:00,-21.6,6.11,96.7,0.0,6.5
2023-08-04T01:00:00,-24.4,5.39,94.5,0.0,3.2
2023-08-04T02:00:00,-25.8,3.98,95.0,0.0,0.3
2023-08-04T03:00:00,-26.5,3.77,98.0,0.0,0.1
2023-08-04T04:00:00,-26.4,4.75,95.8,0.0,1.4
2023-08-04T05:00:00,-26.0,5.72,96.7,0.0,4.4
2023-08-04T06:00:00,-25.7,6.2,94.7,0.0,7.1
2023-08-04T07:00:00,-25.7,5.5,97.6,0.0,3.7
2023-08-04T08:00:00,-25.6,5.8,98.0,0.0,4.9
2023-08-04T09:00:00,-25.4,6.41,96.1,0.0,8.2
2023-08-04T10:00:00,-25.3,6.96,98.1,2.5,11.9
2023-08-04T11:00:00,-25.2,7.94,99.6,7.5,23.0
2023-08-04T12:00:00,-25.2,8.85,97.4,8.4,33.8
2023-08-04T13:00:00,-26.3,8.95,104.0,6.8,36.9
2023-08-04T14:00:00,-26.1,8.76,99.2,2.0,33.9
2023-08-04T15:00:00,-26.0,8.52,97.9,0.0,29.8
2023-08-04T16:00:00,-26.0,7.88,97.4,0.0,21.2
2023-08-04T17:00:00,-26.2,7.16,94.7,0.0,14.8
2023-08-04T18:00:00,-26.3,6.26,95.1,0.0,7.1
2023-08-04T19:00:00,-26.4,6.21,95.2,0.0,7.4
2023-08-04T20:00:00,-26.6,6.31,92.9,0.0,7.9
2023-08-04T21:00:00,-26.6,6.6,98.4,0.0,9.4
2023-08-04T22:00:00,-26.9,7.02,97.4,0.0,12.9
2023-08-04T23:00:00,-27.1,7.38,98.3,0.0,16.5
2023-08-05T00:00:00,-27.6,8.83,100.3,0.0,34.1
2023-08-05T01:00:00,-28.7,8.98,99.9,0.0,38.3
2023-08-05T02:00:00,-28.5,7.74,99.1,0.0,21.0
2023-08-05T03:00:00,-28.5,6.11,98.3,0.0,6.3
2023-08-05T04:00:00,-28.7,5.53,97.2,0.0,3.6
2023-08-05T05:00:00,-28.9,5.31,100.3,0.0,2.9
2023-08-05T06:00:00,-28.9,5.2,99.2,0.0,2.4
2023-08-05T07:00:00,-28.8,5.12,96.9,0.0,2.3
2023-08-05T08:00:00,-28.7,5.32,100.1,0.0,2.9
2023-08-05T09:00:00,-28.5,5.92,99.5,0.0,5.4
2023-08-05T10:00:00,-28.3,5.92,99.3,2.9,5.7
2023-08-05T11:00:00,-28.0,6.1,98.4,6.0,6.7
2023-08-05T12:00:00,-27.0,7.06,98.7,9.1,13.5
2023-08-05T13:00:00,-27.8,7.03,101.5,7.8,12.8
2023-08-05T14:00:00,-27.6,7.21,101.2,2.7,14.4
2023-08-05T15:00:00,-27.5,6.32,96.2,0.0,8.0
2023-08-05T16:00:00,-27.4,6.18,100.2,0.0,6.6
2023-08-05T17:00:00,-27.6,5.92,99.1,0.0,5.3
2023-08-05T18:00:00,-27.9,5.48,95.8,0.0,3.4
2023-08-05T19:00:00,-28.6,5.29,97.6,0.0,2.7
2023-08-05T20:00:00,-29.0,5.32,97.8,0.0,2.8
2023-08-05T21:00:00,-28.9,5.25,99.4,0.0,2.7
2023-08-05T22:00:00,-29.3,5.1,99.3,0.0,2.2
2023-08-05T23:00:00,-29.7,5.36,101.2,0.0,3.0
2023-08-06T00:00:00,-28.1,5.63,100.9,0.0,4.2
2023-08-06T01:00:00,-29.3,5.47,100.6,0.0,3.3
2023-08-06T02:00:00,-29.9,5.0,97.7,0.0,1.9
2023-08-06T03:00:00,-30.8,4.94,103.6,0.0,1.8
2023-08-06T04:00:00,-31.4,4.95,100.5,0.0,1.8
2023-08-06T05:00:00,-31.4,4.67,102.4,0.0,1.2
2023-08-06T06:00:00,-31.4,4.24,98.9,0.0,0.5
2023-08-06T07:00:00,-31.4,3.82,98.8,0.0,0.2
2023-08-06T08:00:00,-31.3,3.54,100.0,0.0,0.1
2023-08-06T09:00:00,-31.1,3.41,98.5,0.0,0.0
2023-08-06T10:00:00,-31.0,2.97,99.0,4.0,0.0
2023-08-06T11:00:00,-31.1,2.56,102.5,8.5,0.0
2023-08-06T12:00:00,-31.7,2.9,101.7,7.8,0.0
2023-08-06T13:00:00,-32.2,2.88,100.6,6.5,0.0
2023-08-06T14:00:00,-31.8,3.09,102.3,4.2,0.0
2023-08-06T15:00:00,-31.4,3.52,98.5,0.0,0.1
2023-08-06T16:00:00,-31.2,3.73,98.9,0.0,0.1
2023-08-06T17:00:00,-30.9,3.6,99.3,0.0,0.1
2023-08-06T18:00:00,-30.9,3.41,100.4,0.0,0.0
2023-08-06T19:00:00,-30.8,3.77,102.6,0.0,0.1
2023-08-06T20:00:00,-30.7,4.27,103.1,0.0,0.6
2023-08-06T21:00:00,-30.6,4.54,101.9,0.0,0.9
2023-08-06T22:00:00,-30.6,4.56,99.1,0.0,1.0
2023-08-06T23:00:00,-30.6,4.52,99.4,0.0,0.9
2023-08-07T00:00:00,-30.0,4.9,99.8,0.0,1.8
2023-08-07T01:00:00,-31.0,5.06,99.6,0.0,2.1
2023-08-07T02:00:00,-31.1,4.08,104.6,0.0,0.4
2023-08-07T03:00:00,-31.2,3.91,102.2,0.0,0.2
2023-08-07T04:00:00,-31.3,4.21,99.3,0.0,0.5
2023-08-07T05:00:00,-31.2,4.32,100.2,0.0,0.7
2023-08-07T06:00:00,-31.2,3.77,101.0,0.0,0.1
2023-08-07T07:00:00,-31.3,3.06,98.5,0.0,0.0
2023-08-07T08:00:00,-31.2,3.41,102.9,0.0,0.0
2023-08-07T09:00:00,-31.2,3.45,100.1,0.0,0.0
2023-08-07T10:00:00,-31.4,3.32,100.7,3.7,0.0
2023-08-07T11:00:00,-31.7,3.44,101.6,6.8,0.0
2023-08-07T12:00:00,-30.6,3.24,97.2,8.3,0.0
2023-08-07T13:00:00,-32.4,2.97,100.0,8.3,0.0
2023-08-07T14:00:00,-32.5,2.91,100.4,4.8,0.0
2023-08-07T15:00:00,-32.5,2.85,99.9,0.0,0.0
2023-08-07T16:00:00,-32.4,2.68,99.9,0.0,0.0
2023-08-07T17:00:00,-32.4,2.64,100.3,0.0,0.0
2023-08-07T18:00:00,-32.3,3.01,97.0,0.0,0.0
2023-08-07T19:00:00,-32.2,3.38,97.3,0.0,0.0
2023-08-07T20:00:00,-31.8,3.61,102.7,0.0,0.1
2023-08-07T21:00:00,-31.7,3.61,99.4,0.0,0.1
2023-08-07T22:00:00,-31.7,3.62,103.2,0.0,0.1
2023-08-07T23:00:00,-31.7,3.36,101.3,0.0,0.0
2023-08-08T00:00:00,-30.3,2.83,103.4,0.0,0.0
2023-08-08T01:00:00,-32.3,3.11,101.7,0.0,0.0
2023-08-08T02:00:00,-32.3,3.0,97.5,0.0,0.0
2023-08-08T03:00:00,-32.1,3.13,98.4,0.0,0.0
2023-08-08T04:00:00,-32.0,2.96,101.0,0.0,0.0
2023-08-08T05:00:00,-31.7,2.56,101.8,0.0,0.0
2023-08-08T06:00:00,-30.5,2.3,99.8,0.0,0.0
2023-08-08T07:00:00,-29.6,2.27,94.4,0.0,0.0
2023-08-08T08:00:00,-30.5,2.78,97.5,0.0,0.0
2023-08-08T09:00:00,-30.9,3.28,99.0,0.0,0.0
2023-08-08T10:00:00,-31.0,3.54,101.0,5.6,0.1
2023-08-08T11:00:00,-30.9,3.85,102.6,8.7,0.2
2023-08-08T12:00:00,-28.0,3.33,97.8,11.5,0.0
2023-08-08T13:00:00,-29.8,2.33,103.0,7.7,0.0
2023-08-08T14:00:00,-27.4,1.7,99.5,4.2,0.0
2023-08-08T15:00:00,-29.5,2.45,98.8,0.0,0.0
2023-08-08T16:00:00,-29.8,2.6,100.6,0.0,0.0
2023-08-08T17:00:00,-29.4,2.42,102.8,0.0,0.0
2023-08-08T18:00:00,-29.4,2.57,101.4,0.0,0.0
2023-08-08T19:00:00,-29.0,2.6,95.8,0.0,0.0
2023-08-08T20:00:00,-29.0,2.75,99.5,0.0,0.0
2023-08-08T21:00:00,-29.5,3.09,101.2,0.0,0.0
2023-08-08T22:00:00,-29.4,3.02,97.7,0.0,0.0
2023-08-08T23:00:00,-28.9,2.92,97.2,0.0,0.0
2023-08-09T00:00:00,-23.8,2.6,94.4,0.0,0.0
2023-08-09T01:00:00,-23.1,1.4,92.7,0.0,0.0
2023-08-09T02:00:00,-22.8,0.3,95.3,0.0,0.0
2023-08-09T03:00:00,-22.4,1.66,96.0,0.0,0.0
2023-08-09T04:00:00,-23.2,2.26,99.4,0.0,0.0
2023-08-09T05:00:00,-21.7,1.99,95.0,0.0,0.0
2023-08-09T06:00:00,-22.5,2.2,97.5,0.0,0.0
2023-08-09T07:00:00,-21.8,2.22,97.5,0.0,0.0
2023-08-09T08:00:00,-20.2,1.65,90.9,0.0,0.0
2023-08-09T09:00:00,-20.5,1.98,94.5,0.0,0.0
2023-08-09T10:00:00,-24.5,2.72,100.2,5.0,0.0
2023-08-09T11:00:00,-25.6,2.91,100.3,7.7,0.0
2023-08-09T12:00:00,-21.4,3.91,95.2,11.4,0.2
2023-08-09T13:00:00,-24.3,3.16,98.1,9.0,0.0
2023-08-09T14:00:00,-24.7,3.24,97.9,5.1,0.0
2023-08-09T15:00:00,-23.6,2.77,94.5,0.0,0.0
2023-08-09T16:00:00,-20.4,1.9,97.7,0.0,0.0
2023-08-09T17:00:00,-20.7,1.75,94.3,0.0,0.0
2023-08-09T18:00:00,-23.2,2.27,98.8,0.0,0.0
2023-08-09T19:00:00,-26.0,2.97,97.5,0.0,0.0
2023-08-09T20:00:00,-26.8,3.97,98.1,0.0,0.3
2023-08-09T21:00:00,-26.8,4.25,96.4,0.0,0.6
2023-08-09T22:00:00,-27.0,4.31,98.1,0.0,0.6
2023-08-09T23:00:00,-27.0,4.46,99.4,0.0,0.8
2023-08-10T00:00:00,-24.5,4.92,97.1,0.0,1.8
2023-08-10T01:00:00,-27.0,4.56,95.3,0.0,1.0
2023-08-10T02:00:00,-26.9,4.33,100.4,0.0,0.7
2023-08-10T03:00:00,-27.0,4.82,100.8,0.0,1.5
2023-08-10T04:00:00,-27.1,5.1,101.3,0.0,2.2
2023-08-10T05:00:00,-27.2,5.02,94.7,0.0,2.1
2023-08-10T06:00:00,-27.1,4.81,99.1,0.0,1.6
2023-08-10T07:00:00,-26.8,4.74,99.2,0.0,1.3
2023-08-10T08:00:00,-26.7,4.1,97.7,0.0,0.4
2023-08-10T09:00:00,-26.5,3.82,96.7,0.0,0.2
2023-08-10T10:00:00,-26.4,3.41,99.8,7.1,0.0
2023-08-10T11:00:00,-25.9,4.24,97.9,10.4,0.5
2023-08-10T12:00:00,-22.8,4.02,96.4,10.7,0.3
2023-08-10T13:00:00,-25.3,2.83,97.8,9.3,0.0
2023-08-10T14:00:00,-22.7,2.2,96.0,5.9,0.0
2023-08-10T15:00:00,-21.2,2.02,95.9,0.0,0.0
2023-08-10T16:00:00,-25.6,3.31,93.3,0.0,0.0
2023-08-10T17:00:00,-25.5,5.41,99.4,0.0,3.2
2023-08-10T18:00:00,-24.5,6.15,94.9,0.0,6.8
2023-08-10T19:00:00,-24.1,6.26,94.2,0.0,7.2
2023-08-10T20:00:00,-23.8,6.05,97.6,0.0,5.9
2023-08-10T21:00:00,-24.1,5.5,94.9,0.0,3.7
2023-08-10T22:00:00,-24.5,4.84,99.2,0.0,1.6
2023-08-10T23:00:00,-24.8,4.55,95.5,0.0,1.0
2023-08-11T00:00:00,-20.5,7.47,96.5,0.0,18.0
2023-08-11T01:00:00,-23.1,6.25,97.6,0.0,7.2
2023-08-11T02:00:00,-23.9,4.73,98.7,0.0,1.3
2023-08-11T03:00:00,-24.5,4.47,100.5,0.0,0.9
2023-08-11T04:00:00,-24.7,4.44,100.0,0.0,0.8
2023-08-11T05:00:00,-25.0,3.89,97.3,0.0,0.2
2023-08-11T06:00:00,-24.5,3.39,96.2,0.0,0.0
2023-08-11T07:00:00,-24.6,3.56,97.2,0.0,0.1
2023-08-11T08:00:00,-24.9,3.91,98.2,0.0,0.2
2023-08-11T09:00:00,-25.1,3.89,96.7,0.0,0.2
2023-08-11T10:00:00,-25.2,4.33,96.3,7.0,0.6
2023-08-11T11:00:00,-25.1,4.72,99.2,10.3,1.3
2023-08-11T12:00:00,-20.7,5.69,97.1,12.0,4.2
2023-08-11T13:00:00,-24.2,5.61,95.0,10.9,3.9
2023-08-11T14:00:00,-24.4,5.46,98.8,6.4,3.5
2023-08-11T15:00:00,-24.6,5.34,95.9,0.0,2.9
2023-08-11T16:00:00,-24.7,5.43,99.5,0.0,3.4
2023-08-11T17:00:00,-24.4,5.81,97.2,0.0,5.0
2023-08-11T18:00:00,-23.5,7.13,96.7,0.0,14.1
2023-08-11T19:00:00,-22.9,7.81,95.1,0.0,21.3
2023-08-11T20:00:00,-22.5,8.91,96.3,0.0,37.2
2023-08-11T21:00:00,-22.2,9.21,96.9,0.0,43.3
2023-08-11T22:00:00,-22.0,8.77,94.4,0.0,32.7
2023-08-11T23:00:00,-21.9,7.51,95.6,0.0,17.8
2023-08-12T00:00:00,-19.3,4.64,96.3,0.0,1.1
2023-08-12T01:00:00,-22.8,4.3,96.7,0.0,0.6
2023-08-12T02:00:00,-23.1,4.05,96.3,0.0,0.3
2023-08-12T03:00:00,-23.5,4.02,94.5,0.0,0.3
2023-08-12T04:00:00,-23.5,4.33,94.6,0.0,0.7
2023-08-12T05:00:00,-22.9,4.57,98.0,0.0,1.1
2023-08-12T06:00:00,-22.3,4.41,98.4,0.0,0.8
2023-08-12T07:00:00,-21.5,5.01,98.3,0.0,1.9
2023-08-12T08:00:00,-21.0,5.22,97.2,0.0,2.6
2023-08-12T09:00:00,-21.1,4.73,93.5,0.6,1.3
2023-08-12T10:00:00,-21.7,3.8,95.4,6.9,0.2
2023-08-12T11:00:00,-21.6,3.47,93.9,10.2,0.0
2023-08-12T12:00:00,-18.1,3.54,90.3,11.3,0.1
2023-08-12T13:00:00,-21.5,3.2,94.4,11.4,0.0
2023-08-12T14:00:00,-22.0,3.61,93.4,6.3,0.1
2023-08-12T15:00:00,-22.1,3.81,92.7,0.5,0.2
2023-08-12T16:00:00,-20.9,3.32,95.8,0.0,0.0
2023-08-12T17:00:00,-15.9,2.11,94.6,0.0,0.0
2023-08-12T18:00:00,-15.5,1.91,91.2,0.0,0.0
2023-08-12T19:00:00,-15.6,2.11,92.5,0.0,0.0
2023-08-12T20:00:00,-15.0,1.91,90.1,0.0,0.0
2023-08-12T21:00:00,-14.5,1.3,91.8,0.0,0.0
2023-08-12T22:00:00,-14.5,0.58,89.7,0.0,0.0
2023-08-12T23:00:00,-14.2,0.72,94.1,0.0,0.0
2023-08-13T00:00:00,-16.1,5.55,91.2,0.0,3.7
2023-08-13T01:00:00,-18.8,4.94,95.0,0.0,1.8
2023-08-13T02:00:00,-18.0,5.57,93.1,0.0,3.9
2023-08-13T03:00:00,-16.6,6.55,94.0,0.0,9.5
2023-08-13T04:00:00,-15.8,7.11,90.4,0.0,13.2
2023-08-13T05:00:00,-15.6,6.82,91.2,0.0,11.8
2023-08-13T06:00:00,-15.7,6.25,89.8,0.0,7.0
2023-08-13T07:00:00,-15.2,6.15,93.3,0.0,7.0
2023-08-13T08:00:00,-14.7,6.07,91.2,0.0,6.4
2023-08-13T09:00:00,-14.3,6.07,90.9,1.5,6.4
2023-08-13T10:00:00,-14.3,5.42,94.5,7.9,3.3
2023-08-13T11:00:00,-14.6,4.79,90.5,12.9,1.5
2023-08-13T12:00:00,-14.1,5.47,92.5,14.1,3.5
2023-08-13T13:00:00,-15.5,6.48,92.2,9.9,9.1
2023-08-13T14:00:00,-15.0,6.93,91.6,6.8,12.1
2023-08-13T15:00:00,-14.7,6.93,92.3,1.2,12.5
2023-08-13T16:00:00,-15.9,4.61,95.0,0.0,1.1
2023-08-13T17:00:00,-17.1,2.64,95.7,0.0,0.0
2023-08-13T18:00:00,-14.4,1.39,91.6,0.0,0.0
2023-08-13T19:00:00,-14.8,1.24,91.1,0.0,0.0
2023-08-13T20:00:00,-15.0,1.1,98.4,0.0,0.0
2023-08-13T21:00:00,-15.3,1.49,93.4,0.0,0.0
2023-08-13T22:00:00,-17.3,2.18,92.1,0.0,0.0
2023-08-13T23:00:00,-18.2,2.31,96.0,0.0,0.0
2023-08-14T00:00:00,-14.3,5.16,89.1,0.0,2.3
2023-08-14T01:00:00,-16.4,4.32,91.3,0.0,0.7
2023-08-14T02:00:00,-16.7,3.98,93.9,0.0,0.3
2023-08-14T03:00:00,-17.1,3.58,94.8,0.0,0.1
2023-08-14T04:00:00,-17.5,3.3,94.2,0.0,0.0
2023-08-14T05:00:00,-17.7,3.4,95.6,0.0,0.0
2023-08-14T06:00:00,-16.7,4.94,92.3,0.0,1.8
2023-08-14T07:00:00,-15.8,5.38,92.8,0.0,3.3
2023-08-14T08:00:00,-16.1,4.53,95.3,0.0,1.0
2023-08-14T09:00:00,-15.6,4.98,93.0,2.2,1.8
2023-08-14T10:00:00,-14.9,5.96,90.0,8.2,5.7
2023-08-14T11:00:00,-14.8,6.24,89.8,12.0,7.3
2023-08-14T12:00:00,-13.6,7.57,93.2,13.5,17.9
2023-08-14T13:00:00,-15.0,6.94,86.9,10.7,12.5
2023-08-14T14:00:00,-15.2,5.94,95.2,8.0,5.8
2023-08-14T15:00:00,-15.3,4.79,90.6,2.4,1.4
2023-08-14T16:00:00,-16.3,3.93,89.8,0.0,0.2
2023-08-14T17:00:00,-16.7,5.12,91.8,0.0,2.2
2023-08-14T18:00:00,-16.9,5.61,92.3,0.0,4.2
2023-08-14T19:00:00,-17.0,5.63,95.3,0.0,4.0
2023-08-14T20:00:00,-16.8,5.53,93.0,0.0,3.5
2023-08-14T21:00:00,-16.6,5.5,95.3,0.0,3.6
2023-08-14T22:00:00,-16.6,5.31,90.7,0.0,3.0
2023-08-14T23:00:00,-17.0,4.49,96.5,0.0,0.9
2023-08-15T00:00:00,-15.4,4.57,93.8,0.0,1.0
2023-08-15T01:00:00,-18.4,4.33,94.5,0.0,0.7
2023-08-15T02:00:00,-18.8,3.96,97.2,0.0,0.3
2023-08-15T03:00:00,-19.3,3.81,93.5,0.0,0.2
2023-08-15T04:00:00,-19.7,3.92,93.2,0.0,0.2
2023-08-15T05:00:00,-20.0,4.19,96.6,0.0,0.5
2023-08-15T06:00:00,-20.1,4.08,94.7,0.0,0.4
2023-08-15T07:00:00,-20.1,4.02,96.5,0.0,0.3
2023-08-15T08:00:00,-20.2,3.91,98.6,0.0,0.2
2023-08-15T09:00:00,-20.4,3.67,88.0,2.5,0.1
2023-08-15T10:00:00,-20.8,3.44,95.6,9.5,0.0
2023-08-15T11:00:00,-21.0,3.04,94.6,11.8,0.0
2023-08-15T12:00:00,-18.4,3.83,93.2,14.7,0.2
2023-08-15T13:00:00,-21.7,3.14,95.8,12.7,0.0
2023-08-15T14:00:00,-21.1,2.78,96.6,7.7,0.0
2023-08-15T15:00:00,-20.7,2.76,95.2,3.1,0.0
2023-08-15T16:00:00,-20.2,2.64,92.6,0.0,0.0
2023-08-15T17:00:00,-20.8,2.92,95.1,0.0,0.0
2023-08-15T18:00:00,-20.5,2.95,97.5,0.0,0.0
2023-08-15T19:00:00,-18.9,2.36,96.4,0.0,0.0
2023-08-15T20:00:00,-18.7,2.25,93.2,0.0,0.0
2023-08-15T21:00:00,-19.7,2.62,94.6,0.0,0.0
2023-08-15T22:00:00,-18.8,2.69,96.5,0.0,0.0
2023-08-15T23:00:00,-19.2,3.11,96.9,0.0,0.0
2023-08-16T00:00:00,-17.0,5.22,97.3,0.0,2.7
2023-08-16T01:00:00,-20.5,4.92,93.0,0.0,1.7
2023-08-16T02:00:00,-20.9,4.1,96.4,0.0,0.4
2023-08-16T03:00:00,-18.1,2.6,94.5,0.0,0.0
2023-08-16T04:00:00,-14.9,1.53,92.4,0.0,0.0
2023-08-16T05:00:00,-14.5,0.51,91.3,0.0,0.0
2023-08-16T06:00:00,-13.9,0.95,89.7,0.0,0.0
2023-08-16T07:00:00,-19.3,5.41,96.7,0.0,3.3
2023-08-16T08:00:00,-17.0,7.73,94.0,0.0,20.2
2023-08-16T09:00:00,-16.3,7.75,92.0,3.4,20.8
2023-08-16T10:00:00,-16.3,7.04,94.9,8.7,12.7
2023-08-16T11:00:00,-16.2,6.75,92.6,14.5,10.7
2023-08-16T12:00:00,-14.6,8.71,92.9,12.9,32.4
2023-08-16T13:00:00,-15.8,7.35,92.3,12.4,15.5
2023-08-16T14:00:00,-16.3,5.92,93.7,10.0,5.5
2023-08-16T15:00:00,-16.4,5.63,91.6,3.9,4.0
2023-08-16T16:00:00,-16.2,5.8,93.5,0.0,5.0
2023-08-16T17:00:00,-16.0,5.8,92.3,0.0,5.1
2023-08-16T18:00:00,-15.9,5.5,93.5,0.0,3.5
2023-08-16T19:00:00,-15.5,5.71,93.7,0.0,4.5
2023-08-16T20:00:00,-15.2,5.91,92.2,0.0,5.1
2023-08-16T21:00:00,-14.8,6.11,93.9,0.0,6.4
2023-08-16T22:00:00,-14.4,6.5,92.6,0.0,8.9
2023-08-16T23:00:00,-13.9,6.9,92.6,0.0,11.9
2023-08-17T00:00:00,-12.5,8.06,87.8,0.0,23.5
2023-08-17T01:00:00,-13.4,7.55,94.0,0.0,17.5
2023-08-17T02:00:00,-14.1,5.39,91.8,0.0,3.1
2023-08-17T03:00:00,-14.8,4.7,93.5,0.0,1.3
2023-08-17T04:00:00,-15.3,4.49,91.7,0.0,0.9
2023-08-17T05:00:00,-14.6,5.82,93.7,0.0,5.1
2023-08-17T06:00:00,-13.9,6.48,94.9,0.0,9.1
2023-08-17T07:00:00,-14.0,5.23,92.4,0.0,2.7
2023-08-17T08:00:00,-14.0,5.2,90.8,0.0,2.4
2023-08-17T09:00:00,-14.0,5.2,91.3,4.2,2.6
2023-08-17T10:00:00,-14.2,4.85,93.5,9.1,1.5
2023-08-17T11:00:00,-14.4,5.15,95.2,12.3,2.4
2023-08-17T12:00:00,-12.8,7.0,93.2,12.3,12.7
2023-08-17T13:00:00,-14.0,7.43,94.9,13.6,17.3
2023-08-17T14:00:00,-14.0,6.81,91.2,9.4,10.7
2023-08-17T15:00:00,-14.8,5.69,92.3,3.6,4.5
2023-08-17T16:00:00,-15.7,4.9,89.8,0.0,1.6
2023-08-17T17:00:00,-15.9,5.1,93.5,0.0,2.2
2023-08-17T18:00:00,-16.1,5.36,94.9,0.0,3.0
2023-08-17T19:00:00,-16.2,5.26,97.6,0.0,2.7
2023-08-17T20:00:00,-16.2,5.43,93.5,0.0,3.4
2023-08-17T21:00:00,-16.0,5.91,91.2,0.0,5.4
2023-08-17T22:00:00,-16.0,5.91,93.4,0.0,5.3
2023-08-17T23:00:00,-16.0,6.12,97.4,0.0,6.6
2023-08-18T00:00:00,-14.8,7.13,90.1,0.0,14.6
2023-08-18T01:00:00,-16.1,6.91,94.0,0.0,11.9
2023-08-18T02:00:00,-16.1,6.11,92.7,0.0,6.5
2023-08-18T03:00:00,-15.9,6.58,93.9,0.0,9.2
2023-08-18T04:00:00,-15.6,7.47,92.7,0.0,17.8
2023-08-18T05:00:00,-15.5,7.57,91.7,0.0,19.3
2023-08-18T06:00:00,-15.2,7.16,95.4,0.0,14.9
2023-08-18T07:00:00,-15.3,6.23,93.6,0.0,7.1
2023-08-18T08:00:00,-15.2,5.91,93.8,0.0,5.4
2023-08-18T09:00:00,-15.2,5.71,92.6,4.1,4.5
2023-08-18T10:00:00,-15.4,5.22,93.6,9.4,2.7
2023-08-18T11:00:00,-16.0,5.36,94.7,13.4,3.0
2023-08-18T12:00:00,-14.3,4.46,93.1,13.5,0.9
2023-08-18T13:00:00,-17.4,4.03,93.2,14.0,0.3
2023-08-18T14:00:00,-17.8,4.11,92.5,9.7,0.4
2023-08-18T15:00:00,-18.0,4.24,95.4,5.0,0.5
2023-08-18T16:00:00,-17.9,4.79,94.9,0.0,1.5
2023-08-18T17:00:00,-17.3,5.91,92.7,0.0,5.4
2023-08-18T18:00:00,-16.9,6.41,94.4,0.0,8.1
2023-08-18T19:00:00,-16.7,6.5,92.6,0.0,9.3
2023-08-18T20:00:00,-16.6,6.5,92.3,0.0,9.2
2023-08-18T21:00:00,-16.6,6.61,92.7,0.0,9.2
2023-08-18T22:00:00,-16.6,7.11,91.0,0.0,13.4
2023-08-18T23:00:00,-16.5,7.43,92.2,0.0,16.7
2023-08-19T00:00:00,-15.3,8.67,90.5,0.0,33.1
2023-08-19T01:00:00,-16.4,9.15,94.5,0.0,42.5
2023-08-19T02:00:00,-16.4,8.46,94.4,0.0,29.7
2023-08-19T03:00:00,-16.7,6.99,93.7,0.0,12.1
2023-08-19T04:00:00,-16.7,6.05,92.4,0.0,6.2
2023-08-19T05:00:00,-16.7,5.19,93.4,0.0,2.5
2023-08-19T06:00:00,-16.5,4.75,92.1,0.0,1.4
2023-08-19T07:00:00,-16.6,4.48,95.5,0.0,0.9
2023-08-19T08:00:00,-17.2,3.61,92.5,0.0,0.1
2023-08-19T09:00:00,-17.9,2.9,91.2,5.2,0.0
2023-08-19T10:00:00,-18.0,3.14,96.0,9.5,0.0
2023-08-19T11:00:00,-18.0,3.62,96.2,13.6,0.1
2023-08-19T12:00:00,-16.8,3.45,93.0,17.8,0.0
2023-08-19T13:00:00,-17.9,4.98,90.5,14.1,2.0
2023-08-19T14:00:00,-17.9,5.01,91.0,9.5,2.0
2023-08-19T15:00:00,-18.2,4.43,98.1,6.2,0.8
2023-08-19T16:00:00,-18.9,3.34,91.7,0.0,0.0
2023-08-19T17:00:00,-19.6,2.61,94.7,0.0,0.0
2023-08-19T18:00:00,-19.9,2.02,94.9,0.0,0.0
2023-08-19T19:00:00,-19.7,1.84,90.9,0.0,0.0
2023-08-19T20:00:00,-20.4,2.26,94.7,0.0,0.0
2023-08-19T21:00:00,-20.1,3.56,95.8,0.0,0.1
2023-08-19T22:00:00,-20.2,3.84,90.8,0.0,0.2
2023-08-19T23:00:00,-20.4,3.52,100.2,0.0,0.1
2023-08-20T00:00:00,-18.7,3.75,92.1,0.0,0.1
2023-08-20T01:00:00,-20.6,3.0,96.2,0.0,0.0
2023-08-20T02:00:00,-21.1,2.62,97.3,0.0,0.0
2023-08-20T03:00:00,-21.5,2.6,94.8,0.0,0.0
2023-08-20T04:00:00,-21.9,2.6,97.3,0.0,0.0
2023-08-20T05:00:00,-21.9,2.85,95.0,0.0,0.0
2023-08-20T06:00:00,-21.9,3.01,96.8,0.0,0.0
2023-08-20T07:00:00,-21.9,2.79,96.9,0.0,0.0
2023-08-20T08:00:00,-22.0,2.55,96.7,0.0,0.0
2023-08-20T09:00:00,-22.0,2.73,94.2,6.6,0.0
2023-08-20T10:00:00,-22.3,2.64,95.6,12.1,0.0
2023-08-20T11:00:00,-22.5,2.83,97.7,16.9,0.0
2023-08-20T12:00:00,-19.5,3.61,94.7,14.8,0.1
2023-08-20T13:00:00,-21.1,3.11,96.8,15.7,0.0
2023-08-20T14:00:00,-20.4,1.92,94.8,10.9,0.0
2023-08-20T15:00:00,-18.5,0.92,95.0,5.9,0.0
2023-08-20T16:00:00,-18.0,0.41,97.4,0.0,0.0
2023-08-20T17:00:00,-17.6,0.45,94.1,0.0,0.0
2023-08-20T18:00:00,-17.3,1.26,92.9,0.0,0.0
2023-08-20T19:00:00,-20.2,3.01,93.4,0.0,0.0
2023-08-20T20:00:00,-20.1,3.7,96.4,0.0,0.1
2023-08-20T21:00:00,-20.3,3.57,93.2,0.0,0.1
2023-08-20T22:00:00,-20.1,3.7,91.6,0.0,0.1
2023-08-20T23:00:00,-20.1,3.67,95.8,0.0,0.1
2023-08-21T00:00:00,-17.6,5.76,94.9,0.0,4.6
2023-08-21T01:00:00,-19.3,4.87,91.6,0.0,1.6
2023-08-21T02:00:00,-19.7,4.1,94.7,0.0,0.4
2023-08-21T03:00:00,-20.6,3.48,96.2,0.0,0.0
2023-08-21T04:00:00,-21.2,3.83,94.6,0.0,0.2
2023-08-21T05:00:00,-21.6,3.98,95.5,0.0,0.3
2023-08-21T06:00:00,-21.6,3.75,93.7,0.0,0.1
2023-08-21T07:00:00,-21.4,3.61,96.6,0.0,0.1
2023-08-21T08:00:00,-21.4,3.42,95.8,0.0,0.0
2023-08-21T09:00:00,-21.6,3.09,96.0,7.3,0.0
2023-08-21T10:00:00,-21.9,2.6,91.6,13.4,0.0
2023-08-21T11:00:00,-21.7,2.4,93.7,14.3,0.0
2023-08-21T12:00:00,-20.5,2.55,96.4,15.1,0.0
2023-08-21T13:00:00,-23.2,2.2,97.1,17.8,0.0
2023-08-21T14:00:00,-22.4,1.84,95.1,10.6,0.0
2023-08-21T15:00:00,-21.3,1.5,98.9,6.3,0.0
2023-08-21T16:00:00,-21.2,1.49,97.0,0.0,0.0
2023-08-21T17:00:00,-21.5,1.58,98.1,0.0,0.0
2023-08-21T18:00:00,-20.8,0.5,93.0,0.0,0.0
2023-08-21T19:00:00,-20.9,0.36,94.8,0.0,0.0
2023-08-21T20:00:00,-21.0,0.5,97.3,0.0,0.0
2023-08-21T21:00:00,-21.3,0.86,94.2,0.0,0.0
2023-08-21T22:00:00,-21.5,0.92,94.6,0.0,0.0
2023-08-21T23:00:00,-21.5,0.98,97.6,0.0,0.0
2023-08-22T00:00:00,-20.6,2.6,93.7,0.0,0.0
2023-08-22T01:00:00,-22.0,1.75,96.5,0.0,0.0
2023-08-22T02:00:00,-21.9,1.56,95.1,0.0,0.0
2023-08-22T03:00:00,-23.5,2.2,98.3,0.0,0.0
2023-08-22T04:00:00,-24.3,2.48,97.0,0.0,0.0
2023-08-22T05:00:00,-24.5,2.9,97.7,0.0,0.0
2023-08-22T06:00:00,-24.4,2.36,94.6,0.0,0.0
2023-08-22T07:00:00,-23.4,1.84,97.7,0.0,0.0
2023-08-22T08:00:00,-22.5,1.5,97.5,0.0,0.0
2023-08-22T09:00:00,-21.8,0.92,95.3,7.8,0.0
2023-08-22T10:00:00,-21.8,0.73,95.2,13.0,0.0
2023-08-22T11:00:00,-22.0,0.95,94.8,15.3,0.0
2023-08-22T12:00:00,-22.0,1.99,96.3,16.0,0.0
2023-08-22T13:00:00,-22.7,1.4,94.9,15.0,0.0
2023-08-22T14:00:00,-25.7,4.16,96.8,15.3,0.4
2023-08-22T15:00:00,-26.9,5.06,99.3,6.5,2.2
2023-08-22T16:00:00,-26.8,4.72,100.1,0.0,1.2
2023-08-22T17:00:00,-25.4,3.68,94.2,0.0,0.1
2023-08-22T18:00:00,-23.7,5.6,93.0,0.0,4.1
2023-08-22T19:00:00,-23.5,5.47,96.9,0.0,3.6
2023-08-22T20:00:00,-24.5,3.18,96.1,0.0,0.0
2023-08-22T21:00:00,-24.3,3.97,95.3,0.0,0.3
2023-08-22T22:00:00,-23.7,2.38,98.9,0.0,0.0
2023-08-22T23:00:00,-22.5,1.84,96.8,0.0,0.0
2023-08-23T00:00:00,-21.5,2.91,96.6,0.0,0.0
2023-08-23T01:00:00,-23.0,2.21,97.4,0.0,0.0
2023-08-23T02:00:00,-22.8,2.28,94.8,0.0,0.0
2023-08-23T03:00:00,-20.8,1.84,90.0,0.0,0.0
2023-08-23T04:00:00,-20.8,1.39,94.4,0.0,0.0
2023-08-23T05:00:00,-23.4,2.31,98.7,0.0,0.0
2023-08-23T06:00:00,-24.6,2.75,95.6,0.0,0.0
2023-08-23T07:00:00,-24.7,4.03,101.3,0.0,0.3
2023-08-23T08:00:00,-24.5,4.29,97.0,0.0,0.6
2023-08-23T09:00:00,-24.7,4.62,95.5,7.3,1.1
2023-08-23T10:00:00,-25.3,4.41,98.9,12.3,0.8
2023-08-23T11:00:00,-25.8,4.33,96.7,19.6,0.6
2023-08-23T12:00:00,-25.1,5.0,97.9,19.5,1.9
2023-08-23T13:00:00,-26.1,5.36,97.8,18.6,2.9
2023-08-23T14:00:00,-25.7,4.66,100.2,16.2,1.2
2023-08-23T15:00:00,-26.1,4.66,93.7,7.9,1.2
2023-08-23T16:00:00,-25.5,7.96,96.9,0.0,23.7
2023-08-23T17:00:00,-24.3,15.05,94.7,0.0,109.3
2023-08-23T18:00:00,-23.3,15.78,97.2,0.0,119.8
2023-08-23T19:00:00,-22.7,16.06,97.2,0.0,112.0
2023-08-23T20:00:00,-22.5,12.22,92.1,0.0,108.7
2023-08-23T21:00:00,-22.7,9.8,97.6,0.0,53.0
2023-08-23T22:00:00,-23.7,3.68,97.3,0.0,0.1
2023-08-23T23:00:00,-24.1,4.68,96.1,0.0,1.3
2023-08-24T00:00:00,-20.2,2.69,94.9,0.0,0.0
2023-08-24T01:00:00,-22.6,5.74,95.2,0.0,4.7
2023-08-24T02:00:00,-21.5,7.32,95.2,0.0,15.4
2023-08-24T03:00:00,-21.8,5.41,96.2,0.0,3.2
2023-08-24T04:00:00,-22.6,2.18,96.7,0.0,0.0
2023-08-24T05:00:00,-20.4,1.21,98.5,0.0,0.0
2023-08-24T06:00:00,-23.6,4.11,97.2,0.0,0.4
2023-08-24T07:00:00,-23.8,3.14,96.0,0.0,0.0
2023-08-24T08:00:00,-23.0,2.2,100.4,0.0,0.0
2023-08-24T09:00:00,-23.9,3.3,97.5,10.3,0.0
2023-08-24T10:00:00,-23.9,4.1,95.3,15.4,0.4
2023-08-24T11:00:00,-23.4,5.58,97.7,19.0,4.1
2023-08-24T12:00:00,-21.9,9.7,95.3,15.6,53.6
2023-08-24T13:00:00,-24.0,7.04,95.8,18.7,13.7
2023-08-24T14:00:00,-24.5,5.8,95.0,15.4,4.6
2023-08-24T15:00:00,-24.8,5.12,95.7,10.3,2.4
2023-08-24T16:00:00,-24.9,4.92,97.1,0.0,1.7
2023-08-24T17:00:00,-24.6,6.22,99.0,0.0,7.1
2023-08-24T18:00:00,-24.5,7.67,97.2,0.0,20.2
2023-08-24T19:00:00,-24.3,9.41,100.3,0.0,43.4
2023-08-24T20:00:00,-24.1,9.58,98.5,0.0,50.8
2023-08-24T21:00:00,-24.1,9.3,99.1,0.0,41.8
2023-08-24T22:00:00,-24.1,9.24,97.9,0.0,40.5
2023-08-24T23:00:00,-24.1,9.36,99.2,0.0,42.7
2023-08-25T00:00:00,-23.4,10.43,94.7,0.0,70.1
2023-08-25T01:00:00,-24.3,9.32,96.1,0.0,45.1
2023-08-25T02:00:00,-24.0,8.45,99.9,0.0,30.3
2023-08-25T03:00:00,-23.7,8.26,93.3,0.0,25.5
2023-08-25T04:00:00,-23.3,8.35,97.3,0.0,29.3
2023-08-25T05:00:00,-22.9,8.25,99.4,0.0,26.9
2023-08-25T06:00:00,-22.4,8.1,99.5,0.0,25.9
2023-08-25T07:00:00,-22.1,7.41,97.3,0.0,16.6
2023-08-25T08:00:00,-21.8,6.58,95.4,0.8,9.4
2023-08-25T09:00:00,-21.8,5.3,95.6,9.5,3.0
2023-08-25T10:00:00,-22.2,4.36,94.3,13.2,0.7
2023-08-25T11:00:00,-22.2,4.96,94.5,16.6,1.8
2023-08-25T12:00:00,-20.0,5.12,97.2,17.5,2.2
2023-08-25T13:00:00,-21.6,6.96,94.8,16.4,12.1
2023-08-25T14:00:00,-21.3,7.03,94.9,17.6,12.5
2023-08-25T15:00:00,-21.2,7.02,98.5,8.1,12.9
2023-08-25T16:00:00,-21.0,6.81,97.5,0.8,11.7
2023-08-25T17:00:00,-20.9,6.91,93.7,0.0,11.4
2023-08-25T18:00:00,-20.9,6.6,94.7,0.0,9.5
2023-08-25T19:00:00,-21.0,6.01,99.6,0.0,5.7
2023-08-25T20:00:00,-21.2,5.02,97.1,0.0,2.1
2023-08-25T21:00:00,-21.1,4.94,94.1,0.0,1.8
2023-08-25T22:00:00,-21.4,4.34,95.3,0.0,0.7
2023-08-25T23:00:00,-22.0,3.64,91.0,0.0,0.1
2023-08-26T00:00:00,-18.8,5.9,95.0,0.0,5.6
2023-08-26T01:00:00,-20.9,5.5,96.8,0.0,3.7
2023-08-26T02:00:00,-20.6,5.29,97.2,0.0,2.9
2023-08-26T03:00:00,-20.8,5.03,97.7,0.0,2.0
2023-08-26T04:00:00,-20.7,4.9,94.8,0.0,1.7
2023-08-26T05:00:00,-20.6,4.54,95.9,0.0,1.0
2023-08-26T06:00:00,-20.7,3.88,96.6,0.0,0.2
2023-08-26T07:00:00,-20.6,3.79,95.9,0.0,0.2
2023-08-26T08:00:00,-20.8,2.97,96.0,2.1,0.0
2023-08-26T09:00:00,-20.1,2.57,94.3,10.9,0.0
2023-08-26T10:00:00,-19.9,2.66,96.0,15.0,0.0
2023-08-26T11:00:00,-19.1,2.38,89.2,17.4,0.0
2023-08-26T12:00:00,-17.9,2.55,93.0,17.1,0.0
2023-08-26T13:00:00,-17.8,1.48,93.4,18.5,0.0
2023-08-26T14:00:00,-21.8,3.79,96.8,13.1,0.2
2023-08-26T15:00:00,-20.1,6.53,91.4,8.6,9.6
2023-08-26T16:00:00,-19.6,7.53,95.8,1.8,18.4
2023-08-26T17:00:00,-19.8,7.0,94.3,0.0,13.1
2023-08-26T18:00:00,-20.0,6.21,97.0,0.0,7.1
2023-08-26T19:00:00,-20.4,6.02,95.2,0.0,6.0
2023-08-26T20:00:00,-20.6,5.92,96.3,0.0,5.5
2023-08-26T21:00:00,-20.7,5.94,96.9,0.0,5.4
2023-08-26T22:00:00,-20.8,6.05,96.1,0.0,6.0
2023-08-26T23:00:00,-20.8,6.31,97.9,0.0,8.0
2023-08-27T00:00:00,-19.7,5.5,90.9,0.0,3.7
2023-08-27T01:00:00,-21.6,5.8,97.9,0.0,5.1
2023-08-27T02:00:00,-21.7,6.31,94.1,0.0,7.6
2023-08-27T03:00:00,-21.8,6.11,100.1,0.0,6.5
2023-08-27T04:00:00,-21.7,5.6,97.8,0.0,4.2
2023-08-27T05:00:00,-21.7,5.0,90.8,0.0,2.0
2023-08-27T06:00:00,-21.5,4.8,91.9,0.0,1.6
2023-08-27T07:00:00,-21.4,4.62,96.1,0.0,1.1
2023-08-27T08:00:00,-21.3,4.64,95.4,2.4,1.2
2023-08-27T09:00:00,-21.2,4.88,95.4,10.0,1.7
2023-08-27T10:00:00,-21.3,5.05,96.9,18.8,2.1
2023-08-27T11:00:00,-21.7,4.9,94.9,16.4,1.7
2023-08-27T12:00:00,-21.1,4.64,94.2,17.7,1.2
2023-08-27T13:00:00,-23.0,4.26,95.7,22.8,0.6
2023-08-27T14:00:00,-23.3,3.91,95.2,15.5,0.2
2023-08-27T15:00:00,-23.5,3.61,99.0,12.6,0.1
2023-08-27T16:00:00,-23.5,3.91,95.2,2.7,0.2
2023-08-27T17:00:00,-23.3,4.4,96.0,0.0,0.8
2023-08-27T18:00:00,-23.1,4.42,97.3,0.0,0.8
2023-08-27T19:00:00,-22.8,4.46,91.7,0.0,0.8
2023-08-27T20:00:00,-22.8,4.1,92.7,0.0,0.4
2023-08-27T21:00:00,-22.8,4.1,97.5,0.0,0.4
2023-08-27T22:00:00,-22.6,4.2,99.8,0.0,0.5
2023-08-27T23:00:00,-22.8,3.79,94.6,0.0,0.2
2023-08-28T00:00:00,-20.2,3.55,92.1,0.0,0.1
2023-08-28T01:00:00,-23.2,3.77,96.3,0.0,0.2
2023-08-28T02:00:00,-22.9,4.22,95.1,0.0,0.5
2023-08-28T03:00:00,-23.4,2.86,95.7,0.0,0.0
2023-08-28T04:00:00,-22.1,2.25,93.9,0.0,0.0
2023-08-28T05:00:00,-22.6,3.86,94.2,0.0,0.2
2023-08-28T06:00:00,-20.7,6.86,96.3,0.0,11.9
2023-08-28T07:00:00,-19.9,7.5,94.5,0.0,16.8
2023-08-28T08:00:00,-19.5,7.03,93.6,3.4,12.7
2023-08-28T09:00:00,-19.5,5.99,94.3,9.8,5.6
2023-08-28T10:00:00,-19.6,5.34,95.7,19.3,3.0
2023-08-28T11:00:00,-20.1,4.81,92.3,21.2,1.6
2023-08-28T12:00:00,-20.3,6.29,95.1,18.5,7.6
2023-08-28T13:00:00,-21.3,6.43,93.1,17.7,8.7
2023-08-28T14:00:00,-21.2,6.13,95.0,14.5,6.6
2023-08-28T15:00:00,-21.3,5.81,97.1,12.0,4.9
2023-08-28T16:00:00,-21.4,5.79,94.6,3.0,4.6
2023-08-28T17:00:00,-21.7,5.48,101.4,0.0,3.4
2023-08-28T18:00:00,-22.0,5.26,96.2,0.0,2.7
2023-08-28T19:00:00,-22.4,5.07,98.1,0.0,2.2
2023-08-28T20:00:00,-22.6,4.92,95.7,0.0,1.8
2023-08-28T21:00:00,-22.8,4.65,97.9,0.0,1.2
2023-08-28T22:00:00,-22.9,4.96,95.3,0.0,2.0
2023-08-28T23:00:00,-22.9,4.92,94.7,0.0,1.7
2023-08-29T00:00:00,-21.5,6.39,94.8,0.0,7.8
2023-08-29T01:00:00,-23.0,6.11,95.9,0.0,6.8
2023-08-29T02:00:00,-23.0,5.48,98.3,0.0,3.7
2023-08-29T03:00:00,-23.3,4.37,92.5,0.0,0.7
2023-08-29T04:00:00,-22.5,2.01,97.6,0.0,0.0
2023-08-29T05:00:00,-21.0,1.58,95.4,0.0,0.0
2023-08-29T06:00:00,-23.0,4.32,96.4,0.0,0.6
2023-08-29T07:00:00,-21.6,5.97,92.1,0.0,6.0
2023-08-29T08:00:00,-20.9,6.65,98.5,3.5,9.6
2023-08-29T09:00:00,-20.6,6.84,97.0,11.6,11.0
2023-08-29T10:00:00,-20.6,7.06,97.2,16.0,12.9
2023-08-29T11:00:00,-20.8,6.86,92.7,18.3,11.4
2023-08-29T12:00:00,-20.4,7.03,92.9,18.5,13.5
2023-08-29T13:00:00,-21.8,5.77,98.2,20.8,4.8
2023-08-29T14:00:00,-22.1,4.83,97.1,15.4,1.6
2023-08-29T15:00:00,-22.8,3.54,97.3,12.1,0.1
2023-08-29T16:00:00,-23.3,2.83,97.3,3.6,0.0
2023-08-29T17:00:00,-23.2,4.07,99.1,0.0,0.4
2023-08-29T18:00:00,-22.4,5.41,98.4,0.0,3.1
2023-08-29T19:00:00,-22.1,6.09,93.8,0.0,6.1
2023-08-29T20:00:00,-22.0,6.02,98.9,0.0,5.7
2023-08-29T21:00:00,-22.0,5.92,98.3,0.0,5.3
2023-08-29T22:00:00,-22.0,5.81,96.0,0.0,4.9
2023-08-29T23:00:00,-22.2,5.34,98.8,0.0,3.1
2023-08-30T00:00:00,-21.3,7.72,95.4,0.0,19.0
2023-08-30T01:00:00,-22.6,6.74,97.7,0.0,10.7
2023-08-30T02:00:00,-22.9,4.92,97.8,0.0,1.7
2023-08-30T03:00:00,-23.4,4.11,96.5,0.0,0.4
2023-08-30T04:00:00,-24.0,2.97,92.3,0.0,0.0
2023-08-30T05:00:00,-23.9,2.31,97.8,0.0,0.0
2023-08-30T06:00:00,-23.4,3.9,95.0,0.0,0.2
2023-08-30T07:00:00,-22.6,4.9,98.3,0.0,1.8
2023-08-30T08:00:00,-22.2,5.23,97.4,4.7,2.7
2023-08-30T09:00:00,-21.7,6.26,96.1,10.6,7.1
2023-08-30T10:00:00,-21.4,7.91,95.7,20.2,21.6
2023-08-30T11:00:00,-21.5,8.76,91.2,18.7,35.9
2023-08-30T12:00:00,-21.4,8.81,98.0,21.7,35.0
2023-08-30T13:00:00,-22.7,9.61,90.3,24.0,50.1
2023-08-30T14:00:00,-23.4,8.45,94.5,18.1,30.1
2023-08-30T15:00:00,-23.8,7.12,97.8,14.7,13.9
2023-08-30T16:00:00,-23.7,5.71,96.6,4.7,4.2
2023-08-30T17:00:00,-23.5,6.03,97.1,0.0,6.2
2023-08-30T18:00:00,-23.4,6.71,93.7,0.0,10.5
2023-08-30T19:00:00,-23.2,7.09,94.8,0.0,12.9
2023-08-30T20:00:00,-22.9,7.2,97.6,0.0,14.2
2023-08-30T21:00:00,-22.7,7.06,95.9,0.0,12.8
2023-08-30T22:00:00,-22.6,6.71,96.1,0.0,10.9
2023-08-30T23:00:00,-22.5,6.9,94.4,0.0,12.4
2023-08-31T00:00:00,-22.5,7.64,95.9,0.0,18.7
2023-08-31T01:00:00,-23.5,6.91,94.8,0.0,12.1
2023-08-31T02:00:00,-23.3,6.54,94.6,0.0,9.6
2023-08-31T03:00:00,-23.3,5.83,95.7,0.0,5.0
2023-08-31T04:00:00,-23.1,5.4,94.7,0.0,3.3
2023-08-31T05:00:00,-22.9,5.0,99.4,0.0,1.9
2023-08-31T06:00:00,-22.7,5.1,94.9,0.0,2.3
2023-08-31T07:00:00,-22.3,5.31,99.4,0.0,2.8
2023-08-31T08:00:00,-22.1,5.3,100.2,5.4,3.0
2023-08-31T09:00:00,-22.1,5.2,94.4,15.1,2.5
2023-08-31T10:00:00,-22.3,4.95,96.0,17.2,1.8
2023-08-31T11:00:00,-22.7,4.73,97.0,24.4,1.3
2023-08-31T12:00:00,-22.3,6.62,93.0,25.0,10.0
2023-08-31T13:00:00,-23.4,6.3,95.6,18.1,7.9
2023-08-31T14:00:00,-23.4,5.53,96.3,15.9,3.8
2023-08-31T15:00:00,-23.8,4.71,96.1,13.8,1.3
2023-08-31T16:00:00,-24.0,4.7,95.8,6.0,1.3
2023-08-31T17:00:00,-24.1,4.44,94.6,0.0,0.8
2023-08-31T18:00:00,-24.4,3.99,97.0,0.0,0.3
2023-08-31T19:00:00,-24.6,4.03,94.2,0.0,0.3
2023-08-31T20:00:00,-24.6,4.26,96.7,0.0,0.5
2023-08-31T21:00:00,-24.6,4.31,96.9,0.0,0.6
2023-08-31T22:00:00,-24.6,4.5,98.3,0.0,0.9
2023-08-31T23:00:00,-24.6,4.42,95.2,0.0,0.8
2023-09-01T00:00:00,-23.7,6.43,97.7,0.0,8.3
2023-09-01T01:00:00,-24.8,6.08,94.5,0.0,6.4
2023-09-01T02:00:00,-24.7,5.4,96.2,0.0,3.1
2023-09-01T03:00:00,-24.8,5.05,95.9,0.0,2.1
2023-09-01T04:00:00,-24.8,4.46,95.7,0.0,0.9
2023-09-01T05:00:00,-24.7,4.05,97.1,0.0,0.4
2023-09-01T06:00:00,-24.7,3.75,98.2,0.0,0.1
2023-09-01T07:00:00,-24.6,3.42,94.2,0.0,0.0
2023-09-01T08:00:00,-24.4,3.4,96.1,6.5,0.0
2023-09-01T09:00:00,-24.4,3.45,98.9,12.9,0.0
2023-09-01T10:00:00,-24.7,3.71,95.8,17.0,0.1
2023-09-01T11:00:00,-25.1,4.03,99.4,20.7,0.3
2023-09-01T12:00:00,-24.1,4.47,96.6,25.5,0.9
2023-09-01T13:00:00,-25.9,4.83,102.9,24.0,1.5
2023-09-01T14:00:00,-26.4,5.06,98.7,19.6,2.2
2023-09-01T15:00:00,-26.5,5.14,97.2,14.8,2.2
2023-09-01T16:00:00,-26.5,4.96,99.3,6.5,1.9
2023-09-01T17:00:00,-26.5,4.8,95.3,0.0,1.5
2023-09-01T18:00:00,-26.5,4.48,99.9,0.0,0.8
2023-09-01T19:00:00,-26.4,4.33,96.1,0.0,0.6
2023-09-01T20:00:00,-26.4,4.25,96.6,0.0,0.6
2023-09-01T21:00:00,-26.5,4.34,99.8,0.0,0.6
2023-09-01T22:00:00,-26.4,4.3,97.0,0.0,0.6
2023-09-01T23:00:00,-26.3,4.24,99.2,0.0,0.6
2023-09-02T00:00:00,-26.9,4.39,97.1,0.0,0.7
2023-09-02T01:00:00,-27.5,4.08,100.2,0.0,0.4
2023-09-02T02:00:00,-27.0,3.54,99.6,0.0,0.1
2023-09-02T03:00:00,-26.7,3.19,100.3,0.0,0.0
2023-09-02T04:00:00,-26.4,3.26,100.9,0.0,0.0
2023-09-02T05:00:00,-26.2,3.19,97.1,0.0,0.0
2023-09-02T06:00:00,-26.0,3.05,94.9,0.0,0.0
2023-09-02T07:00:00,-25.5,3.0,97.3,0.0,0.0
2023-09-02T08:00:00,-24.9,3.05,96.3,6.6,0.0
2023-09-02T09:00:00,-24.8,2.82,98.4,13.8,0.0
2023-09-02T10:00:00,-24.8,3.22,98.0,19.1,0.0
2023-09-02T11:00:00,-25.1,3.71,96.1,24.5,0.1
2023-09-02T12:00:00,-24.2,3.82,96.6,27.6,0.2
2023-09-02T13:00:00,-25.8,4.82,96.4,23.9,1.5
2023-09-02T14:00:00,-25.7,4.8,96.5,20.1,1.4
2023-09-02T15:00:00,-25.8,5.04,99.1,12.2,2.1
2023-09-02T16:00:00,-25.8,5.07,97.3,8.3,2.1
2023-09-02T17:00:00,-25.9,5.07,100.8,0.0,2.2
2023-09-02T18:00:00,-26.2,4.37,98.8,0.0,0.7
2023-09-02T19:00:00,-26.1,3.0,98.3,0.0,0.0
2023-09-02T20:00:00,-25.9,1.8,96.7,0.0,0.0
2023-09-02T21:00:00,-25.2,1.39,95.8,0.0,0.0
2023-09-02T22:00:00,-25.5,1.51,98.4,0.0,0.0
2023-09-02T23:00:00,-25.3,1.21,97.3,0.0,0.0
2023-09-03T00:00:00,-24.8,1.44,96.5,0.0,0.0
2023-09-03T01:00:00,-26.0,1.7,100.1,0.0,0.0
2023-09-03T02:00:00,-26.2,2.5,99.1,0.0,0.0
2023-09-03T03:00:00,-26.3,3.04,98.9,0.0,0.0
2023-09-03T04:00:00,-26.3,2.66,100.9,0.0,0.0
2023-09-03T05:00:00,-26.1,2.44,95.1,0.0,0.0
2023-09-03T06:00:00,-25.9,2.34,102.7,0.0,0.0
2023-09-03T07:00:00,-25.7,2.33,97.6,0.0,0.0
2023-09-03T08:00:00,-25.7,2.33,99.2,7.0,0.0
2023-09-03T09:00:00,-25.8,2.1,99.9,14.1,0.0
2023-09-03T10:00:00,-26.0,2.3,98.5,17.9,0.0
2023-09-03T11:00:00,-26.3,2.65,96.3,22.6,0.0
2023-09-03T12:00:00,-26.4,2.94,99.2,28.3,0.0
2023-09-03T13:00:00,-27.1,2.72,94.7,20.4,0.0
2023-09-03T14:00:00,-27.3,2.79,98.7,21.0,0.0
2023-09-03T15:00:00,-27.4,3.55,98.8,13.1,0.1
2023-09-03T16:00:00,-27.1,3.42,98.3,6.9,0.0
2023-09-03T17:00:00,-26.8,2.98,98.0,0.0,0.0
2023-09-03T18:00:00,-26.8,2.47,98.3,0.0,0.0
2023-09-03T19:00:00,-26.6,2.96,97.9,0.0,0.0
2023-09-03T20:00:00,-26.2,2.66,96.3,0.0,0.0
2023-09-03T21:00:00,-22.8,1.8,92.9,0.0,0.0
2023-09-03T22:00:00,-24.5,3.36,99.9,0.0,0.0
2023-09-03T23:00:00,-22.9,5.19,97.1,0.0,2.5
2023-09-04T00:00:00,-19.8,5.5,93.8,0.0,3.8
2023-09-04T01:00:00,-21.2,4.61,95.5,0.0,1.1
2023-09-04T02:00:00,-21.3,2.66,90.9,0.0,0.0
2023-09-04T03:00:00,-21.0,3.11,96.4,0.0,0.0
2023-09-04T04:00:00,-20.6,3.55,95.0,0.0,0.1
2023-09-04T05:00:00,-19.0,5.95,94.7,0.0,5.3
2023-09-04T06:00:00,-17.8,7.85,93.5,0.0,22.4
2023-09-04T07:00:00,-17.1,10.42,92.6,0.0,70.0
2023-09-04T08:00:00,-16.7,15.0,93.1,7.9,110.2
2023-09-04T09:00:00,-17.4,15.56,92.6,16.8,113.1
2023-09-04T10:00:00,-17.5,15.06,93.3,19.2,111.0
2023-09-04T11:00:00,-17.7,14.04,94.6,27.2,119.7
2023-09-04T12:00:00,-16.3,13.02,93.4,26.1,117.4
2023-09-04T13:00:00,-16.6,11.96,96.5,26.7,111.2
2023-09-04T14:00:00,-16.7,9.94,96.3,22.6,56.6
2023-09-04T15:00:00,-16.7,8.13,91.4,15.8,24.9
2023-09-04T16:00:00,-16.7,5.19,94.6,9.5,2.4
2023-09-04T17:00:00,-16.9,2.77,95.3,0.0,0.0
2023-09-04T18:00:00,-17.2,2.1,93.2,0.0,0.0
2023-09-04T19:00:00,-16.7,1.77,89.8,0.0,0.0
2023-09-04T20:00:00,-15.1,5.41,93.2,0.0,3.2
2023-09-04T21:00:00,-14.1,6.74,95.1,0.0,10.5
2023-09-04T22:00:00,-13.2,8.1,88.5,0.0,24.1
2023-09-04T23:00:00,-13.0,5.95,92.0,0.0,5.6
2023-09-05T00:00:00,-11.1,10.98,90.7,0.0,83.5
2023-09-05T01:00:00,-11.4,12.39,88.2,0.0,119.8
2023-09-05T02:00:00,-10.9,10.87,92.6,0.0,76.8
2023-09-05T03:00:00,-10.1,12.91,89.7,0.0,119.8
2023-09-05T04:00:00,-9.6,12.8,86.6,0.0,117.5
2023-09-05T05:00:00,-9.3,12.17,90.1,0.0,110.8
2023-09-05T06:00:00,-9.2,10.2,91.9,0.0,64.9
2023-09-05T07:00:00,-8.2,17.01,92.1,0.0,110.0
2023-09-05T08:00:00,-7.8,17.32,88.9,10.6,119.9
2023-09-05T09:00:00,-7.9,15.92,91.9,17.6,108.4
2023-09-05T10:00:00,-7.8,17.55,92.6,18.6,110.4
2023-09-05T11:00:00,-7.6,17.1,88.9,27.3,113.0
2023-09-05T12:00:00,-7.2,16.05,93.0,21.7,111.9
2023-09-05T13:00:00,-7.0,17.99,87.3,29.1,112.0
2023-09-05T14:00:00,-7.0,19.62,92.3,18.0,119.1
2023-09-05T15:00:00,-7.3,18.45,90.1,15.6,111.5
2023-09-05T16:00:00,-7.3,17.96,86.9,10.3,115.3
2023-09-05T17:00:00,-7.7,16.52,88.9,0.0,114.0
2023-09-05T18:00:00,-8.4,15.01,86.2,0.0,118.1
2023-09-05T19:00:00,-8.9,13.7,91.7,0.0,111.0
2023-09-05T20:00:00,-9.3,12.6,89.7,0.0,110.8
2023-09-05T21:00:00,-9.5,11.6,89.2,0.0,96.4
2023-09-05T22:00:00,-9.6,10.7,89.3,0.0,78.4
2023-09-05T23:00:00,-9.8,10.21,91.6,0.0,64.9
2023-09-06T00:00:00,-10.1,12.06,87.6,0.0,118.8
2023-09-06T01:00:00,-11.2,12.46,90.0,0.0,114.9
2023-09-06T02:00:00,-11.6,15.43,96.2,0.0,114.6
2023-09-06T03:00:00,-11.6,14.62,87.5,0.0,114.8
2023-09-06T04:00:00,-11.4,11.58,88.6,0.0,100.7
2023-09-06T05:00:00,-11.1,9.04,87.7,0.0,37.0
2023-09-06T06:00:00,-10.9,7.3,90.9,0.0,15.3
2023-09-06T07:00:00,-10.9,6.46,89.1,0.0,9.0
2023-09-06T08:00:00,-10.9,6.03,88.6,9.8,6.0
2023-09-06T09:00:00,-10.9,7.65,87.1,15.2,19.2
2023-09-06T10:00:00,-11.2,8.67,90.1,23.4,34.4
2023-09-06T11:00:00,-11.6,10.0,91.3,23.6,60.9
2023-09-06T12:00:00,-12.5,8.93,95.2,29.4,38.2
2023-09-06T13:00:00,-13.7,8.88,95.8,21.9,36.3
2023-09-06T14:00:00,-14.2,10.28,87.5,23.9,65.4
2023-09-06T15:00:00,-14.5,10.73,94.5,18.1,72.0
2023-09-06T16:00:00,-14.6,10.02,92.2,9.3,61.1
2023-09-06T17:00:00,-14.9,8.08,92.2,0.0,23.1
2023-09-06T18:00:00,-15.7,6.07,91.6,0.0,6.6
2023-09-06T19:00:00,-16.4,5.46,93.0,0.0,3.4
2023-09-06T20:00:00,-17.8,3.18,94.0,0.0,0.0
2023-09-06T21:00:00,-18.7,3.53,93.0,0.0,0.1
2023-09-06T22:00:00,-19.7,4.39,93.0,0.0,0.8
2023-09-06T23:00:00,-20.4,4.39,97.6,0.0,0.7
2023-09-07T00:00:00,-20.0,4.84,97.0,0.0,1.5
2023-09-07T01:00:00,-20.6,4.46,96.7,0.0,0.8
2023-09-07T02:00:00,-20.8,4.39,96.7,0.0,0.7
2023-09-07T03:00:00,-20.9,4.17,95.9,0.0,0.5
2023-09-07T04:00:00,-20.3,4.06,99.5,0.0,0.3
2023-09-07T05:00:00,-19.5,2.69,93.5,0.0,0.0
2023-09-07T06:00:00,-18.9,2.02,90.6,0.0,0.0
2023-09-07T07:00:00,-18.6,2.84,95.7,0.5,0.0
2023-09-07T08:00:00,-18.9,3.3,96.0,9.6,0.0
2023-09-07T09:00:00,-19.1,3.2,92.6,20.6,0.0
2023-09-07T10:00:00,-19.4,3.11,96.3,20.2,0.0
2023-09-07T11:00:00,-20.0,2.76,98.1,30.2,0.0
2023-09-07T12:00:00,-19.6,2.66,95.8,30.5,0.0
2023-09-07T13:00:00,-21.4,3.01,95.5,27.2,0.0
2023-09-07T14:00:00,-21.6,3.0,94.8,24.4,0.0
2023-09-07T15:00:00,-22.0,3.07,97.3,16.5,0.0
2023-09-07T16:00:00,-22.1,2.94,95.3,11.0,0.0
2023-09-07T17:00:00,-22.3,1.84,94.2,0.6,0.0
2023-09-07T18:00:00,-22.2,2.4,96.3,0.0,0.0
2023-09-07T19:00:00,-22.1,2.67,95.8,0.0,0.0
2023-09-07T20:00:00,-22.3,2.6,94.5,0.0,0.0
2023-09-07T21:00:00,-22.5,2.79,98.0,0.0,0.0
2023-09-07T22:00:00,-22.5,2.8,95.6,0.0,0.0
2023-09-07T23:00:00,-22.8,2.6,97.8,0.0,0.0
2023-09-08T00:00:00,-19.7,2.3,91.3,0.0,0.0
2023-09-08T01:00:00,-22.3,3.04,99.3,0.0,0.0
2023-09-08T02:00:00,-22.9,2.95,100.4,0.0,0.0
2023-09-08T03:00:00,-22.9,3.2,95.4,0.0,0.0
2023-09-08T04:00:00,-23.2,2.97,95.7,0.0,0.0
2023-09-08T05:00:00,-23.4,2.91,97.1,0.0,0.0
2023-09-08T06:00:00,-23.2,2.12,95.3,0.0,0.0
2023-09-08T07:00:00,-22.7,1.8,96.4,1.8,0.0
2023-09-08T08:00:00,-22.2,1.9,98.1,11.4,0.0
2023-09-08T09:00:00,-22.1,2.16,97.2,16.2,0.0
2023-09-08T10:00:00,-22.3,1.77,94.4,27.1,0.0
2023-09-08T11:00:00,-21.8,1.43,96.9,25.3,0.0
2023-09-08T12:00:00,-21.8,2.14,95.1,31.8,0.0
2023-09-08T13:00:00,-24.1,2.46,98.8,27.2,0.0
2023-09-08T14:00:00,-24.1,3.13,94.9,23.8,0.0
2023-09-08T15:00:00,-24.4,3.01,96.3,18.3,0.0
2023-09-08T16:00:00,-24.6,2.88,96.5,11.7,0.0
2023-09-08T17:00:00,-24.3,2.1,98.0,1.4,0.0
2023-09-08T18:00:00,-21.7,1.48,95.5,0.0,0.0
2023-09-08T19:00:00,-20.8,0.92,92.6,0.0,0.0
2023-09-08T20:00:00,-22.5,1.93,97.7,0.0,0.0
2023-09-08T21:00:00,-24.0,2.56,96.1,0.0,0.0
2023-09-08T22:00:00,-23.7,3.98,96.1,0.0,0.3
2023-09-08T23:00:00,-23.4,4.18,94.8,0.0,0.5
2023-09-09T00:00:00,-21.4,5.55,95.2,0.0,3.9
2023-09-09T01:00:00,-22.6,5.77,100.5,0.0,4.8
2023-09-09T02:00:00,-22.6,4.97,92.4,0.0,1.9
2023-09-09T03:00:00,-23.1,3.42,92.6,0.0,0.0
2023-09-09T04:00:00,-23.3,2.33,93.6,0.0,0.0
2023-09-09T05:00:00,-23.0,3.32,96.7,0.0,0.0
2023-09-09T06:00:00,-22.4,3.38,91.1,0.0,0.0
2023-09-09T07:00:00,-21.8,3.32,95.6,2.2,0.0
2023-09-09T08:00:00,-21.4,3.14,96.4,10.3,0.0
2023-09-09T09:00:00,-21.1,3.2,98.5,20.7,0.0
2023-09-09T10:00:00,-21.0,3.76,94.0,24.4,0.1
2023-09-09T11:00:00,-21.4,4.49,98.4,28.8,0.9
2023-09-09T12:00:00,-21.2,5.0,93.0,33.0,2.0
2023-09-09T13:00:00,-23.1,4.69,94.9,22.7,1.2
2023-09-09T14:00:00,-22.7,4.13,97.3,26.5,0.4
2023-09-09T15:00:00,-22.3,4.47,96.3,20.9,0.8
2023-09-09T16:00:00,-22.3,4.84,97.9,13.5,1.6
2023-09-09T17:00:00,-22.8,5.1,95.6,2.3,2.3
2023-09-09T18:00:00,-23.3,5.01,98.9,0.0,1.9
2023-09-09T19:00:00,-23.2,4.74,93.0,0.0,1.3
2023-09-09T20:00:00,-22.8,4.61,96.0,0.0,1.1
2023-09-09T21:00:00,-22.7,4.79,95.0,0.0,1.5
2023-09-09T22:00:00,-22.8,4.92,98.1,0.0,1.7
2023-09-09T23:00:00,-23.0,5.06,96.2,0.0,2.0
2023-09-10T00:00:00,-19.3,4.66,93.4,0.0,1.2
2023-09-10T01:00:00,-20.9,4.36,91.9,0.0,0.7
2023-09-10T02:00:00,-20.0,4.88,96.1,0.0,1.6
2023-09-10T03:00:00,-19.2,5.01,90.6,0.0,2.0
2023-09-10T04:00:00,-18.2,4.91,96.1,0.0,1.8
2023-09-10T05:00:00,-17.2,4.22,94.2,0.0,0.5
2023-09-10T06:00:00,-17.0,3.97,92.1,0.0,0.3
2023-09-10T07:00:00,-16.2,4.22,94.5,2.8,0.5
2023-09-10T08:00:00,-14.7,3.5,95.7,13.7,0.0
2023-09-10T09:00:00,-14.0,3.5,89.7,20.1,0.0
2023-09-10T10:00:00,-13.7,3.69,89.9,20.7,0.1
2023-09-10T11:00:00,-14.0,3.11,92.0,31.2,0.0
2023-09-10T12:00:00,-12.6,2.69,89.8,27.3,0.0
2023-09-10T13:00:00,-12.6,2.14,91.3,26.3,0.0
2023-09-10T14:00:00,-14.9,2.84,88.8,23.0,0.0
2023-09-10T15:00:00,-15.8,3.16,92.8,17.5,0.0
2023-09-10T16:00:00,-15.4,3.2,91.6,13.4,0.0
2023-09-10T17:00:00,-15.4,3.18,96.9,3.1,0.0
2023-09-10T18:00:00,-13.4,2.9,90.3,0.0,0.0
2023-09-10T19:00:00,-11.7,2.78,89.4,0.0,0.0
2023-09-10T20:00:00,-14.5,4.05,91.8,0.0,0.4
2023-09-10T21:00:00,-10.9,7.47,91.9,0.0,16.6
2023-09-10T22:00:00,-8.9,8.5,91.4,0.0,30.5
2023-09-10T23:00:00,-7.4,10.5,87.2,0.0,69.6
2023-09-11T00:00:00,-6.7,9.2,89.5,0.0,41.1
2023-09-11T01:00:00,-7.3,7.96,91.7,0.0,21.7
2023-09-11T02:00:00,-7.2,7.68,93.2,0.0,19.0
2023-09-11T03:00:00,-7.1,8.26,90.6,0.0,27.9
2023-09-11T04:00:00,-6.4,8.12,93.1,0.0,25.3
2023-09-11T05:00:00,-5.8,8.44,92.3,0.0,28.6
2023-09-11T06:00:00,-5.8,7.26,88.9,0.0,15.4
2023-09-11T07:00:00,-5.5,7.18,87.0,4.5,14.7
2023-09-11T08:00:00,-5.1,8.03,88.9,15.4,24.7
2023-09-11T09:00:00,-5.0,7.97,92.8,18.8,22.4
2023-09-11T10:00:00,-5.0,7.4,87.4,27.3,17.3
2023-09-11T11:00:00,-5.1,7.79,88.9,29.5,20.8
2023-09-11T12:00:00,-5.4,5.26,88.6,26.3,2.7
2023-09-11T13:00:00,-6.2,5.79,90.5,29.4,5.0
2023-09-11T14:00:00,-5.7,6.6,90.4,24.7,9.3
2023-09-11T15:00:00,-5.8,5.8,91.5,17.6,5.0
2023-09-11T16:00:00,-5.8,5.72,90.3,13.4,4.6
2023-09-11T17:00:00,-6.0,5.82,90.6,3.9,4.9
2023-09-11T18:00:00,-6.4,5.71,86.6,0.0,4.5
2023-09-11T19:00:00,-6.0,5.7,90.3,0.0,4.5
2023-09-11T20:00:00,-5.9,6.01,88.7,0.0,6.2
2023-09-11T21:00:00,-5.7,6.43,90.4,0.0,8.7
2023-09-11T22:00:00,-5.1,7.02,89.6,0.0,12.5
2023-09-11T23:00:00,-4.8,7.83,92.1,0.0,20.6
2023-09-12T00:00:00,-4.8,8.8,93.0,0.0,33.6
2023-09-12T01:00:00,-5.4,8.51,90.4,0.0,30.7
2023-09-12T02:00:00,-5.9,6.23,92.7,0.0,6.8
2023-09-12T03:00:00,-6.0,5.13,91.0,0.0,2.2
2023-09-12T04:00:00,-6.1,3.83,86.4,0.0,0.2
2023-09-12T05:00:00,-6.0,3.32,87.7,0.0,0.0
2023-09-12T06:00:00,-5.5,3.85,89.2,0.0,0.2
2023-09-12T07:00:00,-5.0,4.46,90.1,4.1,0.8
2023-09-12T08:00:00,-4.8,4.84,90.6,14.9,1.5
2023-09-12T09:00:00,-4.3,6.5,88.2,23.1,8.8
2023-09-12T10:00:00,-4.0,7.98,89.6,25.6,22.1
2023-09-12T11:00:00,-4.5,6.43,89.7,30.0,8.1
2023-09-12T12:00:00,-5.1,5.55,88.0,27.2,3.6
2023-09-12T13:00:00,-5.6,6.54,90.3,32.8,8.9
2023-09-12T14:00:00,-5.5,6.78,89.9,28.1,11.3
2023-09-12T15:00:00,-5.5,6.93,91.1,20.3,12.3
2023-09-12T16:00:00,-5.6,7.27,88.2,12.9,15.7
2023-09-12T17:00:00,-5.5,7.37,91.9,4.5,16.0
2023-09-12T18:00:00,-5.3,7.12,90.1,0.0,14.3
2023-09-12T19:00:00,-5.2,7.17,88.1,0.0,14.3
2023-09-12T20:00:00,-5.1,7.88,89.9,0.0,20.8
2023-09-12T21:00:00,-5.1,8.21,89.7,0.0,26.7
2023-09-12T22:00:00,-5.1,7.57,89.5,0.0,17.4
2023-09-12T23:00:00,-5.1,6.04,93.3,0.0,6.1
2023-09-13T00:00:00,-4.2,5.33,85.4,0.0,2.9
2023-09-13T01:00:00,-4.8,4.44,87.7,0.0,0.8
2023-09-13T02:00:00,-5.3,2.73,90.7,0.0,0.0
2023-09-13T03:00:00,-5.1,1.8,88.0,0.0,0.0
2023-09-13T04:00:00,-5.3,2.88,88.4,0.0,0.0
2023-09-13T05:00:00,-5.2,5.92,89.3,0.0,5.3
2023-09-13T06:00:00,-5.1,7.43,92.8,0.0,16.7
2023-09-13T07:00:00,-4.9,7.29,91.4,4.7,16.1
2023-09-13T08:00:00,-4.6,6.13,91.4,14.3,6.4
2023-09-13T09:00:00,-4.7,3.0,90.9,20.5,0.0
2023-09-13T10:00:00,-4.4,3.54,87.6,31.1,0.1
2023-09-13T11:00:00,-3.2,6.0,89.6,32.9,5.6
2023-09-13T12:00:00,-3.4,7.2,90.6,35.8,14.5
2023-09-13T13:00:00,-3.9,6.71,89.3,33.5,10.0
2023-09-13T14:00:00,-4.0,6.1,89.9,27.0,6.3
2023-09-13T15:00:00,-3.9,6.81,88.6,24.5,11.0
2023-09-13T16:00:00,-3.5,7.5,92.2,14.2,18.2
2023-09-13T17:00:00,-3.5,7.83,87.0,6.5,20.7
2023-09-13T18:00:00,-3.5,7.32,85.2,0.0,16.0
2023-09-13T19:00:00,-3.4,7.21,90.6,0.0,14.7
2023-09-13T20:00:00,-3.4,7.52,89.5,0.0,18.5
2023-09-13T21:00:00,-3.5,7.61,91.8,0.0,19.0
2023-09-13T22:00:00,-3.5,8.16,91.5,0.0,25.9
2023-09-13T23:00:00,-3.6,8.04,90.0,0.0,23.8
2023-09-14T00:00:00,-3.8,10.25,87.9,0.0,65.0
2023-09-14T01:00:00,-3.8,10.92,91.5,0.0,84.5
2023-09-14T02:00:00,-3.8,9.5,89.1,0.0,47.3
2023-09-14T03:00:00,-4.0,8.84,90.9,0.0,34.5
2023-09-14T04:00:00,-4.3,8.1,87.1,0.0,24.9
2023-09-14T05:00:00,-4.5,7.3,91.8,0.0,15.3
2023-09-14T06:00:00,-4.5,6.8,90.4,0.0,10.9
2023-09-14T07:00:00,-4.2,6.61,88.8,7.1,10.1
2023-09-14T08:00:00,-4.1,7.41,89.9,15.4,17.2
2023-09-14T09:00:00,-4.1,7.69,86.6,18.1,19.7
2023-09-14T10:00:00,-4.3,6.26,85.3,30.2,7.2
2023-09-14T11:00:00,-4.1,6.4,87.2,25.6,7.9
2023-09-14T12:00:00,-3.8,10.53,88.9,32.2,72.1
2023-09-14T13:00:00,-4.5,9.46,85.3,29.2,46.3
2023-09-14T14:00:00,-4.9,5.65,88.8,30.2,4.1
2023-09-14T15:00:00,-5.9,2.24,89.1,19.5,0.0
2023-09-14T16:00:00,-3.1,0.63,90.1,16.5,0.0
2023-09-14T17:00:00,-6.4,2.94,90.0,7.2,0.0
2023-09-14T18:00:00,-5.5,4.72,87.3,0.0,1.3
2023-09-14T19:00:00,-4.8,5.04,89.6,0.0,2.0
2023-09-14T20:00:00,-3.1,6.32,92.1,0.0,8.1
2023-09-14T21:00:00,-2.3,7.12,91.4,0.0,13.5
2023-09-14T22:00:00,-1.5,8.43,89.5,0.0,28.6
2023-09-14T23:00:00,-0.9,10.08,86.4,0.0,56.9
2023-09-15T00:00:00,-1.4,14.68,91.7,0.0,113.8
2023-09-15T01:00:00,-1.7,12.83,88.3,0.0,119.3
2023-09-15T02:00:00,-1.5,11.57,89.2,0.0,94.6
2023-09-15T03:00:00,-1.4,11.58,92.2,0.0,101.9
2023-09-15T04:00:00,-1.1,13.04,88.4,0.0,119.4
2023-09-15T05:00:00,-1.3,11.56,97.5,0.0,103.3
2023-09-15T06:00:00,-1.5,8.94,88.9,0.0,37.8
2023-09-15T07:00:00,-1.6,7.7,90.1,7.2,19.5
2023-09-15T08:00:00,-1.5,7.82,91.5,16.7,21.0
2023-09-15T09:00:00,-1.7,7.51,91.7,25.1,18.5
2023-09-15T10:00:00,-2.1,6.41,91.4,27.3,8.4
2023-09-15T11:00:00,-2.6,6.07,92.3,34.6,6.2
2023-09-15T12:00:00,-2.8,6.2,91.6,32.7,7.0
2023-09-15T13:00:00,-4.0,6.18,92.4,34.9,6.6
2023-09-15T14:00:00,-3.8,6.36,90.6,28.9,8.3
2023-09-15T15:00:00,-3.1,7.72,92.3,25.6,19.8
2023-09-15T16:00:00,-3.3,7.78,92.1,15.9,20.9
2023-09-15T17:00:00,-3.4,6.84,90.0,6.9,11.8
2023-09-15T18:00:00,-3.6,5.92,89.5,0.0,5.5
2023-09-15T19:00:00,-3.8,5.0,90.9,0.0,2.1
2023-09-15T20:00:00,-4.1,4.4,90.6,0.0,0.8
2023-09-15T21:00:00,-4.2,4.14,87.0,0.0,0.4
2023-09-15T22:00:00,-4.6,3.96,88.0,0.0,0.3
2023-09-15T23:00:00,-4.7,3.45,90.3,0.0,0.0
2023-09-16T00:00:00,-3.3,4.73,89.9,0.0,1.3
2023-09-16T01:00:00,-4.8,3.49,92.9,0.0,0.0
2023-09-16T02:00:00,-5.2,3.09,90.4,0.0,0.0
2023-09-16T03:00:00,-5.1,2.89,90.8,0.0,0.0
2023-09-16T04:00:00,-4.7,1.92,89.9,0.0,0.0
2023-09-16T05:00:00,-3.2,1.3,91.1,0.0,0.0
2023-09-16T06:00:00,-4.0,1.94,89.5,0.0,0.0
2023-09-16T07:00:00,-3.6,2.28,89.2,8.4,0.0
2023-09-16T08:00:00,-3.6,2.25,90.8,14.5,0.0
2023-09-16T09:00:00,-3.4,2.01,91.1,19.8,0.0
2023-09-16T10:00:00,-3.9,2.19,89.7,28.1,0.0
2023-09-16T11:00:00,-3.9,2.0,91.6,26.1,0.0
2023-09-16T12:00:00,-3.4,2.88,91.0,36.7,0.0
2023-09-16T13:00:00,-5.1,2.83,89.4,35.1,0.0
2023-09-16T14:00:00,-4.9,1.97,90.7,24.6,0.0
2023-09-16T15:00:00,-3.5,1.3,94.7,20.4,0.0
2023-09-16T16:00:00,-3.9,1.4,89.6,17.6,0.0
2023-09-16T17:00:00,-5.1,2.06,90.2,7.5,0.0
2023-09-16T18:00:00,-5.6,3.01,87.6,0.0,0.0
2023-09-16T19:00:00,-5.7,2.71,92.1,0.0,0.0
2023-09-16T20:00:00,-3.8,1.89,90.5,0.0,0.0
2023-09-16T21:00:00,-4.7,3.98,90.1,0.0,0.3
2023-09-16T22:00:00,-3.6,5.68,89.4,0.0,4.5
2023-09-16T23:00:00,-3.5,6.02,89.2,0.0,6.2
2023-09-17T00:00:00,-3.7,9.7,90.6,0.0,50.7
2023-09-17T01:00:00,-4.4,9.01,88.1,0.0,37.6
2023-09-17T02:00:00,-4.4,8.54,90.1,0.0,29.8
2023-09-17T03:00:00,-4.4,7.85,89.9,0.0,21.1
2023-09-17T04:00:00,-4.7,6.61,92.2,0.0,9.9
2023-09-17T05:00:00,-4.7,6.58,87.5,0.0,9.6
2023-09-17T06:00:00,-4.5,7.33,91.3,0.0,16.3
2023-09-17T07:00:00,-4.4,7.05,93.3,8.3,12.9
2023-09-17T08:00:00,-4.6,5.96,91.0,19.5,5.6
2023-09-17T09:00:00,-4.8,4.83,87.6,27.5,1.5
2023-09-17T10:00:00,-5.2,4.3,90.7,26.7,0.6
2023-09-17T11:00:00,-5.5,4.66,88.8,33.1,1.2
2023-09-17T12:00:00,-5.2,9.98,91.0,30.7,56.6
2023-09-17T13:00:00,-5.6,9.78,89.9,28.4,54.8
2023-09-17T14:00:00,-5.7,9.06,90.2,24.6,40.9
2023-09-17T15:00:00,-5.6,8.82,91.8,19.8,33.4
2023-09-17T16:00:00,-5.7,8.22,90.2,16.3,26.0
2023-09-17T17:00:00,-5.7,8.16,88.5,8.9,24.5
2023-09-17T18:00:00,-5.7,8.1,88.7,0.0,24.3
2023-09-17T19:00:00,-5.8,8.05,88.6,0.0,24.6
2023-09-17T20:00:00,-5.9,8.01,90.2,0.0,24.3
2023-09-17T21:00:00,-6.0,7.88,89.7,0.0,20.7
2023-09-17T22:00:00,-6.2,7.72,87.6,0.0,19.0
2023-09-17T23:00:00,-6.2,7.88,88.8,0.0,22.1
2023-09-18T00:00:00,-5.9,8.77,90.6,0.0,35.1
2023-09-18T01:00:00,-6.3,8.23,92.0,0.0,25.7
2023-09-18T02:00:00,-6.3,7.96,90.2,0.0,22.8
2023-09-18T03:00:00,-6.3,8.16,92.4,0.0,26.4
2023-09-18T04:00:00,-6.3,8.22,90.3,0.0,26.3
2023-09-18T05:00:00,-6.4,8.74,90.1,0.0,33.5
2023-09-18T06:00:00,-6.4,9.49,92.3,0.0,45.1
2023-09-18T07:00:00,-6.4,9.56,87.8,10.7,50.5
2023-09-18T08:00:00,-6.5,10.7,88.5,17.9,77.9
2023-09-18T09:00:00,-6.6,7.91,89.3,23.7,22.4
2023-09-18T10:00:00,-6.9,3.93,91.4,27.2,0.2
2023-09-18T11:00:00,-7.3,2.53,90.0,35.1,0.0
2023-09-18T12:00:00,-6.5,7.96,94.1,30.2,22.6
2023-09-18T13:00:00,-6.8,8.23,93.6,35.2,27.4
2023-09-18T14:00:00,-6.7,7.72,89.5,28.5,19.4
2023-09-18T15:00:00,-6.7,7.35,92.4,25.7,16.2
2023-09-18T16:00:00,-6.7,7.41,90.1,15.4,17.0
2023-09-18T17:00:00,-6.8,7.34,89.9,9.8,15.5
2023-09-18T18:00:00,-6.9,7.13,92.0,0.0,14.5
2023-09-18T19:00:00,-7.0,7.09,90.3,0.0,13.6
2023-09-18T20:00:00,-7.2,7.16,86.7,0.0,14.9
2023-09-18T21:00:00,-7.5,6.92,90.2,0.0,11.6
2023-09-18T22:00:00,-7.8,6.53,92.4,0.0,9.4
2023-09-18T23:00:00,-8.1,6.0,92.2,0.0,6.0
2023-09-19T00:00:00,-7.6,7.01,89.1,0.0,13.0
2023-09-19T01:00:00,-8.4,6.46,90.3,0.0,8.7
2023-09-19T02:00:00,-8.6,5.63,89.6,0.0,4.2
2023-09-19T03:00:00,-8.6,5.08,91.8,0.0,2.2
2023-09-19T04:00:00,-8.7,4.78,90.2,0.0,1.4
2023-09-19T05:00:00,-9.2,4.65,88.9,0.0,1.1
2023-09-19T06:00:00,-9.5,4.38,92.2,0.0,0.7
2023-09-19T07:00:00,-9.8,4.1,88.7,10.0,0.4
2023-09-19T08:00:00,-10.2,4.12,88.3,18.7,0.4
2023-09-19T09:00:00,-10.5,4.05,90.9,21.2,0.3
2023-09-19T10:00:00,-10.9,3.84,92.6,27.0,0.2
2023-09-19T11:00:00,-11.8,3.72,89.8,32.4,0.1
2023-09-19T12:00:00,-11.1,4.03,91.0,39.7,0.3
2023-09-19T13:00:00,-12.0,4.1,89.3,30.3,0.4
2023-09-19T14:00:00,-12.2,4.19,93.3,35.0,0.5
2023-09-19T15:00:00,-12.1,4.28,93.6,28.8,0.6
2023-09-19T16:00:00,-12.1,4.6,90.4,16.7,1.0
2023-09-19T17:00:00,-12.0,5.02,91.9,10.2,2.1
2023-09-19T18:00:00,-10.9,4.67,88.4,0.0,1.2
2023-09-19T19:00:00,-10.9,4.26,89.6,0.0,0.6
2023-09-19T20:00:00,-10.8,3.96,89.6,0.0,0.3
2023-09-19T21:00:00,-10.6,3.61,89.2,0.0,0.1
2023-09-19T22:00:00,-10.3,3.61,90.9,0.0,0.1
2023-09-19T23:00:00,-10.1,3.33,90.3,0.0,0.0
2023-09-20T00:00:00,-9.9,3.48,88.7,0.0,0.0
2023-09-20T01:00:00,-10.6,3.11,92.6,0.0,0.0
2023-09-20T02:00:00,-10.3,2.82,90.7,0.0,0.0
2023-09-20T03:00:00,-9.9,2.42,91.3,0.0,0.0
2023-09-20T04:00:00,-8.6,1.98,91.1,0.0,0.0
2023-09-20T05:00:00,-7.2,1.55,92.1,0.0,0.0
2023-09-20T06:00:00,-6.5,1.3,90.1,0.0,0.0
2023-09-20T07:00:00,-5.9,0.95,88.7,11.4,0.0
2023-09-20T08:00:00,-5.9,0.78,92.1,16.7,0.0
2023-09-20T09:00:00,-6.8,1.53,89.3,26.2,0.0
2023-09-20T10:00:00,-7.5,1.87,89.9,25.5,0.0
2023-09-20T11:00:00,-8.4,2.24,88.3,33.6,0.0
2023-09-20T12:00:00,-8.9,2.09,89.5,30.7,0.0
2023-09-20T13:00:00,-10.1,2.33,92.6,28.4,0.0
2023-09-20T14:00:00,-10.4,2.47,89.9,31.9,0.0
2023-09-20T15:00:00,-11.1,3.13,94.0,25.4,0.0
2023-09-20T16:00:00,-11.7,3.45,92.3,19.6,0.0
2023-09-20T17:00:00,-12.3,3.36,91.1,10.8,0.0
2023-09-20T18:00:00,-13.0,3.28,90.3,0.0,0.0
2023-09-20T19:00:00,-13.3,2.82,91.2,0.0,0.0
2023-09-20T20:00:00,-13.4,2.88,89.2,0.0,0.0
2023-09-20T21:00:00,-13.3,2.55,92.7,0.0,0.0
2023-09-20T22:00:00,-12.0,1.97,90.0,0.0,0.0
2023-09-20T23:00:00,-12.1,3.91,84.9,0.0,0.2
2023-09-21T00:00:00,-11.0,7.55,88.5,0.0,18.1
2023-09-21T01:00:00,-11.5,6.7,88.1,0.0,10.1
2023-09-21T02:00:00,-11.5,5.55,90.0,0.0,4.0
2023-09-21T03:00:00,-11.2,4.65,91.6,0.0,1.2
2023-09-21T04:00:00,-11.0,4.27,88.9,0.0,0.6
2023-09-21T05:00:00,-10.7,4.1,88.9,0.0,0.4
2023-09-21T06:00:00,-10.4,3.98,88.3,0.6,0.3
2023-09-21T07:00:00,-10.1,4.16,90.2,9.7,0.4
2023-09-21T08:00:00,-9.9,4.12,88.9,17.7,0.4
2023-09-21T09:00:00,-9.9,3.91,88.1,30.1,0.2
2023-09-21T10:00:00,-10.2,3.6,89.2,33.2,0.1
2023-09-21T11:00:00,-10.6,3.14,93.0,36.4,0.0
2023-09-21T12:00:00,-9.9,2.14,91.8,40.9,0.0
2023-09-21T13:00:00,-12.8,2.34,90.0,32.7,0.0
2023-09-21T14:00:00,-13.3,3.11,92.5,26.2,0.0
2023-09-21T15:00:00,-13.5,3.41,94.1,29.2,0.0
2023-09-21T16:00:00,-13.1,4.52,89.9,19.1,0.9
2023-09-21T17:00:00,-13.1,5.26,88.9,10.2,2.7
2023-09-21T18:00:00,-13.1,5.3,91.9,0.6,3.0
2023-09-21T19:00:00,-12.8,5.14,89.0,0.0,2.3
2023-09-21T20:00:00,-12.8,5.21,93.2,0.0,2.7
2023-09-21T21:00:00,-12.9,5.51,89.9,0.0,3.8
2023-09-21T22:00:00,-12.8,5.8,93.4,0.0,5.1
2023-09-21T23:00:00,-12.9,5.7,92.8,0.0,4.2
2023-09-22T00:00:00,-12.3,7.13,94.4,0.0,14.1
2023-09-22T01:00:00,-13.1,6.57,95.2,0.0,9.9
2023-09-22T02:00:00,-12.5,6.55,89.8,0.0,9.0
2023-09-22T03:00:00,-11.9,6.07,91.5,0.0,6.3
2023-09-22T04:00:00,-11.4,5.52,93.0,0.0,3.6
2023-09-22T05:00:00,-11.3,3.98,92.9,0.0,0.3
2023-09-22T06:00:00,-11.2,2.61,89.4,1.8,0.0
2023-09-22T07:00:00,-10.8,1.41,88.3,13.5,0.0
2023-09-22T08:00:00,-10.9,2.1,89.6,17.9,0.0
2023-09-22T09:00:00,-10.8,2.65,89.3,24.6,0.0
2023-09-22T10:00:00,-11.0,2.61,91.0,30.7,0.0
2023-09-22T11:00:00,-10.7,1.57,86.5,31.0,0.0
2023-09-22T12:00:00,-10.3,1.84,88.2,40.3,0.0
2023-09-22T13:00:00,-12.0,1.8,94.7,34.1,0.0
2023-09-22T14:00:00,-11.0,1.56,89.3,28.3,0.0
2023-09-22T15:00:00,-10.4,1.53,90.0,27.1,0.0
2023-09-22T16:00:00,-10.9,1.79,90.8,20.6,0.0
2023-09-22T17:00:00,-11.8,2.25,93.0,12.2,0.0
2023-09-22T18:00:00,-12.7,2.56,89.4,1.8,0.0
2023-09-22T19:00:00,-13.4,2.86,93.0,0.0,0.0
2023-09-22T20:00:00,-12.9,2.55,93.6,0.0,0.0
2023-09-22T21:00:00,-12.9,2.55,91.6,0.0,0.0
2023-09-22T22:00:00,-12.5,2.64,89.9,0.0,0.0
2023-09-22T23:00:00,-13.5,4.39,92.4,0.0,0.7
2023-09-23T00:00:00,-10.4,6.64,90.5,0.0,10.2
2023-09-23T01:00:00,-11.7,6.63,88.2,0.0,9.6
2023-09-23T02:00:00,-11.2,7.02,86.2,0.0,12.6
2023-09-23T03:00:00,-10.5,8.38,87.9,0.0,29.0
2023-09-23T04:00:00,-9.9,8.29,88.5,0.0,27.7
2023-09-23T05:00:00,-9.5,8.82,91.9,0.0,33.3
2023-09-23T06:00:00,-9.2,8.22,93.2,2.1,27.2
2023-09-23T07:00:00,-8.9,7.6,89.3,11.2,18.2
2023-09-23T08:00:00,-8.7,7.4,85.8,19.1,16.7
2023-09-23T09:00:00,-8.8,8.63,91.3,31.7,31.7
2023-09-23T10:00:00,-9.0,8.75,92.6,26.9,32.4
2023-09-23T11:00:00,-9.3,8.94,90.0,34.5,35.3
2023-09-23T12:00:00,-9.0,8.61,87.4,36.9,31.5
2023-09-23T13:00:00,-10.1,8.81,90.2,40.1,36.4
2023-09-23T14:00:00,-10.5,9.0,90.1,31.6,37.1
2023-09-23T15:00:00,-10.6,9.1,92.1,27.6,39.7
2023-09-23T16:00:00,-10.7,9.0,89.6,21.6,39.8
2023-09-23T17:00:00,-10.6,8.4,90.6,10.8,28.7
2023-09-23T18:00:00,-10.5,8.21,87.6,2.4,26.0
2023-09-23T19:00:00,-10.4,7.8,89.5,0.0,21.0
2023-09-23T20:00:00,-10.3,7.6,90.8,0.0,19.1
2023-09-23T21:00:00,-10.1,7.42,89.9,0.0,16.4
2023-09-23T22:00:00,-9.8,7.42,88.5,0.0,16.3
2023-09-23T23:00:00,-9.7,7.82,89.6,0.0,21.5
2023-09-24T00:00:00,-9.6,7.16,90.6,0.0,14.3
2023-09-24T01:00:00,-10.5,6.84,89.2,0.0,11.3
2023-09-24T02:00:00,-9.9,7.58,89.7,0.0,18.2
2023-09-24T03:00:00,-9.5,9.0,93.0,0.0,37.9
2023-09-24T04:00:00,-9.2,8.7,92.2,0.0,32.0
2023-09-24T05:00:00,-8.6,7.84,88.6,0.0,22.1
2023-09-24T06:00:00,-8.3,7.03,86.8,2.8,13.0
2023-09-24T07:00:00,-8.2,6.52,91.6,15.2,9.2
2023-09-24T08:00:00,-8.0,5.81,91.5,22.0,5.1
2023-09-24T09:00:00,-8.1,5.6,89.1,24.7,4.1
2023-09-24T10:00:00,-8.4,5.7,87.0,36.7,4.3
2023-09-24T11:00:00,-8.8,5.9,88.4,31.1,5.2
2023-09-24T12:00:00,-8.4,6.2,92.9,32.5,7.3
2023-09-24T13:00:00,-9.7,5.76,93.7,36.3,4.7
2023-09-24T14:00:00,-10.0,6.18,88.8,38.6,6.7
2023-09-24T15:00:00,-10.2,6.3,88.5,26.8,7.7
2023-09-24T16:00:00,-10.3,6.16,90.2,21.4,6.8
2023-09-24T17:00:00,-10.2,5.71,89.3,13.2,4.6
2023-09-24T18:00:00,-10.1,5.94,89.3,3.5,5.4
2023-09-24T19:00:00,-10.0,5.63,90.8,0.0,4.0
2023-09-24T20:00:00,-9.9,5.06,91.8,0.0,2.1
2023-09-24T21:00:00,-9.8,4.81,90.1,0.0,1.6
2023-09-24T22:00:00,-9.7,4.94,88.2,0.0,1.9
2023-09-24T23:00:00,-9.8,5.02,89.0,0.0,1.9
2023-09-25T00:00:00,-8.7,5.25,91.6,0.0,2.6
2023-09-25T01:00:00,-9.4,4.91,92.3,0.0,1.7
2023-09-25T02:00:00,-9.3,4.74,91.0,0.0,1.4
2023-09-25T03:00:00,-9.1,4.12,92.4,0.0,0.4
2023-09-25T04:00:00,-8.6,4.1,90.7,0.0,0.4
2023-09-25T05:00:00,-8.2,3.81,87.7,0.0,0.2
2023-09-25T06:00:00,-7.7,3.7,92.3,4.3,0.1
2023-09-25T07:00:00,-7.5,3.3,88.4,14.8,0.0
2023-09-25T08:00:00,-7.5,2.84,91.4,21.6,0.0
2023-09-25T09:00:00,-7.6,2.44,88.7,24.5,0.0
2023-09-25T10:00:00,-7.8,2.25,86.3,32.3,0.0
2023-09-25T11:00:00,-8.0,2.75,87.1,36.3,0.0
2023-09-25T12:00:00,-6.7,5.41,90.4,33.0,3.4
2023-09-25T13:00:00,-7.7,6.0,85.6,33.2,5.6
2023-09-25T14:00:00,-7.8,6.08,90.8,32.5,6.4
2023-09-25T15:00:00,-8.1,5.3,89.5,26.9,2.8
2023-09-25T16:00:00,-8.5,4.84,88.9,23.7,1.6
2023-09-25T17:00:00,-8.7,4.94,88.8,13.1,1.7
2023-09-25T18:00:00,-8.7,5.41,89.4,4.6,3.2
2023-09-25T19:00:00,-8.7,6.0,90.0,0.0,5.8
2023-09-25T20:00:00,-8.8,6.6,88.1,0.0,9.9
2023-09-25T21:00:00,-9.2,6.6,91.6,0.0,9.9
2023-09-25T22:00:00,-9.5,6.4,87.4,0.0,8.1
2023-09-25T23:00:00,-9.5,6.4,86.7,0.0,8.4
2023-09-26T00:00:00,-9.0,7.81,89.1,0.0,20.6
2023-09-26T01:00:00,-9.5,7.74,91.4,0.0,21.0
2023-09-26T02:00:00,-9.5,6.69,89.7,0.0,10.3
2023-09-26T03:00:00,-9.4,5.35,92.3,0.0,3.2
2023-09-26T04:00:00,-9.2,4.34,91.2,0.0,0.7
2023-09-26T05:00:00,-8.8,3.91,91.2,0.0,0.2
2023-09-26T06:00:00,-8.4,3.88,90.5,5.6,0.2
2023-09-26T07:00:00,-8.0,4.0,92.1,15.4,0.3
2023-09-26T08:00:00,-7.9,4.0,88.7,19.7,0.3
2023-09-26T09:00:00,-8.0,4.2,89.8,33.7,0.5
2023-09-26T10:00:00,-8.0,4.51,89.2,37.5,0.9
2023-09-26T11:00:00,-8.3,4.8,93.2,37.6,1.5
2023-09-26T12:00:00,-7.7,7.24,92.6,44.0,14.5
2023-09-26T13:00:00,-8.8,7.92,90.2,35.5,22.4
2023-09-26T14:00:00,-9.3,7.06,88.1,30.2,13.4
2023-09-26T15:00:00,-9.9,5.1,89.9,28.2,2.3
2023-09-26T16:00:00,-10.3,4.46,91.1,18.6,0.8
2023-09-26T17:00:00,-10.7,4.3,91.5,14.2,0.6
2023-09-26T18:00:00,-11.1,4.18,90.6,5.0,0.5
2023-09-26T19:00:00,-11.7,4.15,90.2,0.0,0.4
2023-09-26T20:00:00,-12.1,4.08,88.0,0.0,0.4
2023-09-26T21:00:00,-12.4,3.98,91.0,0.0,0.3
2023-09-26T22:00:00,-12.6,3.96,89.8,0.0,0.3
2023-09-26T23:00:00,-12.8,3.93,91.3,0.0,0.2
2023-09-27T00:00:00,-11.0,6.75,87.1,0.0,10.2
2023-09-27T01:00:00,-12.5,5.92,93.6,0.0,5.5
2023-09-27T02:00:00,-12.9,4.37,96.2,0.0,0.7
2023-09-27T03:00:00,-13.2,3.55,94.2,0.0,0.1
2023-09-27T04:00:00,-13.1,3.25,92.7,0.0,0.0
2023-09-27T05:00:00,-12.6,3.0,91.2,0.0,0.0
2023-09-27T06:00:00,-12.3,2.77,93.2,5.9,0.0
2023-09-27T07:00:00,-11.9,2.28,90.8,13.5,0.0
2023-09-27T08:00:00,-11.6,1.7,89.6,26.9,0.0
2023-09-27T09:00:00,-10.9,1.4,92.2,32.2,0.0
2023-09-27T10:00:00,-9.9,1.04,91.9,30.1,0.0
2023-09-27T11:00:00,-10.4,1.3,90.3,34.3,0.0
2023-09-27T12:00:00,-10.4,3.79,93.0,38.5,0.2
2023-09-27T13:00:00,-12.5,4.34,90.4,41.6,0.6
2023-09-27T14:00:00,-12.6,4.72,97.2,40.2,1.3
2023-09-27T15:00:00,-12.8,4.81,92.6,25.5,1.6
2023-09-27T16:00:00,-12.9,4.8,96.0,27.2,1.5
2023-09-27T17:00:00,-12.9,4.9,95.0,14.6,1.7
2023-09-27T18:00:00,-12.9,5.3,90.4,6.4,2.9
2023-09-27T19:00:00,-13.0,5.3,87.8,0.0,2.7
2023-09-27T20:00:00,-13.2,5.3,90.0,0.0,2.8
2023-09-27T21:00:00,-13.3,5.21,93.2,0.0,2.5
2023-09-27T22:00:00,-13.4,5.31,91.8,0.0,3.0
2023-09-27T23:00:00,-13.6,5.2,92.2,0.0,2.6
2023-09-28T00:00:00,-13.3,7.83,92.5,0.0,21.6
2023-09-28T01:00:00,-14.0,7.02,95.2,0.0,12.5
2023-09-28T02:00:00,-13.9,6.38,90.0,0.0,8.1
2023-09-28T03:00:00,-13.8,5.25,92.3,0.0,2.6
2023-09-28T04:00:00,-13.7,4.2,92.3,0.0,0.5
2023-09-28T05:00:00,-13.5,3.11,93.7,0.0,0.0
2023-09-28T06:00:00,-13.2,1.92,90.3,6.6,0.0
2023-09-28T07:00:00,-13.0,1.36,84.5,14.7,0.0
2023-09-28T08:00:00,-12.8,1.8,92.2,21.2,0.0
2023-09-28T09:00:00,-12.7,1.93,92.0,33.3,0.0
2023-09-28T10:00:00,-12.9,1.8,93.2,41.0,0.0
2023-09-28T11:00:00,-12.8,3.01,87.6,36.5,0.0
2023-09-28T12:00:00,-12.1,6.45,94.5,35.1,8.4
2023-09-28T13:00:00,-13.0,6.68,88.7,40.5,10.3
2023-09-28T14:00:00,-13.0,6.94,89.8,38.2,12.2
2023-09-28T15:00:00,-13.2,7.16,91.0,30.1,14.6
2023-09-28T16:00:00,-13.3,6.12,92.3,19.6,6.6
2023-09-28T17:00:00,-13.2,5.32,94.1,14.0,3.0
2023-09-28T18:00:00,-13.3,5.18,94.0,7.4,2.5
2023-09-28T19:00:00,-13.1,5.28,91.8,0.0,2.8
2023-09-28T20:00:00,-13.1,6.11,92.8,0.0,6.3
2023-09-28T21:00:00,-13.2,6.51,92.6,0.0,8.7
2023-09-28T22:00:00,-13.2,6.71,94.0,0.0,10.9
2023-09-28T23:00:00,-13.1,7.3,90.6,0.0,15.3
2023-09-29T00:00:00,-12.8,8.08,93.1,0.0,23.7
2023-09-29T01:00:00,-13.4,8.06,92.6,0.0,23.6
2023-09-29T02:00:00,-13.1,7.67,95.2,0.0,20.2
2023-09-29T03:00:00,-12.8,7.09,93.3,0.0,13.0
2023-09-29T04:00:00,-12.5,6.64,89.8,0.0,9.8
2023-09-29T05:00:00,-12.2,6.33,88.7,0.0,7.6
2023-09-29T06:00:00,-11.9,6.25,90.0,7.4,7.3
2023-09-29T07:00:00,-11.7,6.04,94.6,14.4,6.3
2023-09-29T08:00:00,-11.6,5.73,94.6,21.2,4.6
2023-09-29T09:00:00,-11.6,5.12,93.1,36.1,2.4
2023-09-29T10:00:00,-11.8,4.6,92.3,39.0,1.1
2023-09-29T11:00:00,-12.1,4.5,93.4,42.6,0.9
2023-09-29T12:00:00,-12.1,5.12,89.7,39.3,2.3
2023-09-29T13:00:00,-13.4,5.82,89.6,42.0,5.0
2023-09-29T14:00:00,-13.8,6.8,92.2,34.3,11.6
2023-09-29T15:00:00,-14.0,7.5,92.2,35.1,17.2
2023-09-29T16:00:00,-14.2,8.03,91.7,20.1,22.8
2023-09-29T17:00:00,-14.3,8.14,92.4,14.2,23.9
2023-09-29T18:00:00,-14.5,8.04,92.6,6.8,24.9
2023-09-29T19:00:00,-14.7,7.92,97.1,0.0,23.2
2023-09-29T20:00:00,-14.8,7.82,89.0,0.0,21.6
2023-09-29T21:00:00,-14.9,7.72,90.6,0.0,20.4
2023-09-29T22:00:00,-15.1,7.71,91.5,0.0,19.4
2023-09-29T23:00:00,-15.1,7.72,94.7,0.0,20.6
2023-09-30T00:00:00,-15.1,8.32,92.1,0.0,28.8
2023-09-30T01:00:00,-16.1,7.35,92.5,0.0,16.1
2023-09-30T02:00:00,-16.1,6.73,90.7,0.0,10.2
2023-09-30T03:00:00,-16.0,6.89,89.4,0.0,11.9
2023-09-30T04:00:00,-15.8,6.55,93.3,0.0,9.0
2023-09-30T05:00:00,-15.6,6.26,91.8,0.0,7.4
2023-09-30T06:00:00,-15.4,6.02,90.3,7.9,5.7
2023-09-30T07:00:00,-15.2,5.9,90.0,17.4,5.5
2023-09-30T08:00:00,-15.1,5.87,91.0,24.5,5.2
2023-09-30T09:00:00,-15.0,5.77,93.9,31.8,4.8
2023-09-30T10:00:00,-15.1,5.73,93.9,36.4,4.8
2023-09-30T11:00:00,-15.2,5.91,90.9,45.8,5.6
2023-09-30T12:00:00,-14.9,4.37,93.7,34.2,0.7
2023-09-30T13:00:00,-16.0,5.77,94.8,41.1,4.9
2023-09-30T14:00:00,-16.5,6.31,96.2,31.6,7.3
2023-09-30T15:00:00,-16.8,7.21,93.0,28.6,14.3
2023-09-30T16:00:00,-17.0,8.06,94.6,26.3,24.4
2023-09-30T17:00:00,-17.1,8.35,93.0,19.4,27.5
2023-09-30T18:00:00,-17.2,8.45,94.9,8.7,29.6
2023-09-30T19:00:00,-17.4,8.23,96.4,0.0,27.0
2023-09-30T20:00:00,-17.5,7.82,93.3,0.0,21.6
2023-09-30T21:00:00,-17.5,7.41,93.5,0.0,16.5
2023-09-30T22:00:00,-17.6,6.6,94.4,0.0,9.9
2023-09-30T23:00:00,-17.5,6.4,89.8,0.0,8.5
2023-10-01T00:00:00,-17.1,7.9,98.6,0.0,22.0
2023-10-01T01:00:00,-17.7,7.81,95.0,0.0,21.2
2023-10-01T02:00:00,-17.1,8.21,94.9,0.0,25.5
2023-10-01T03:00:00,-16.7,7.91,93.8,0.0,23.0
2023-10-01T04:00:00,-16.4,7.42,94.1,0.0,16.7
2023-10-01T05:00:00,-15.8,7.0,95.8,0.0,13.1
2023-10-01T06:00:00,-15.3,7.12,91.7,8.1,13.8
2023-10-01T07:00:00,-15.1,7.42,94.5,14.9,16.6
2023-10-01T08:00:00,-14.8,8.12,91.5,21.2,24.9
2023-10-01T09:00:00,-14.6,8.15,92.8,31.6,26.4
2023-10-01T10:00:00,-14.3,7.79,91.9,34.3,19.7
2023-10-01T11:00:00,-14.2,7.4,92.8,37.0,15.7
2023-10-01T12:00:00,-14.4,8.42,93.6,46.3,29.9
2023-10-01T13:00:00,-14.8,8.61,92.1,39.4,33.2
2023-10-01T14:00:00,-14.8,8.51,92.3,31.1,30.4
2023-10-01T15:00:00,-14.8,8.5,92.5,26.5,31.0
2023-10-01T16:00:00,-14.7,8.33,93.8,24.3,27.0
2023-10-01T17:00:00,-14.7,7.98,93.5,15.4,23.1
2023-10-01T18:00:00,-14.7,8.01,93.8,7.6,24.6
2023-10-01T19:00:00,-14.7,8.22,94.0,0.0,27.1
2023-10-01T20:00:00,-14.8,7.98,94.4,0.0,24.0
2023-10-01T21:00:00,-15.1,7.64,93.8,0.0,18.7
2023-10-01T22:00:00,-15.2,7.2,94.0,0.0,14.4
2023-10-01T23:00:00,-15.3,7.0,91.3,0.0,12.7
2023-10-02T00:00:00,-14.6,9.73,86.0,0.0,50.3
2023-10-02T01:00:00,-15.4,9.51,93.2,0.0,50.0
2023-10-02T02:00:00,-15.4,9.02,91.5,0.0,38.9
2023-10-02T03:00:00,-15.1,8.29,91.1,0.0,27.1
2023-10-02T04:00:00,-14.7,7.65,92.2,0.0,19.6
2023-10-02T05:00:00,-14.4,6.89,89.8,0.0,12.2
2023-10-02T06:00:00,-14.2,5.95,90.4,8.1,5.6
2023-10-02T07:00:00,-14.0,4.71,89.1,17.5,1.3
2023-10-02T08:00:00,-13.9,3.5,90.1,26.1,0.0
2023-10-02T09:00:00,-13.9,2.84,92.7,29.2,0.0
2023-10-02T10:00:00,-14.1,2.42,93.2,39.5,0.0
2023-10-02T11:00:00,-14.5,2.51,92.1,41.8,0.0
2023-10-02T12:00:00,-15.2,3.26,92.7,43.5,0.0
2023-10-02T13:00:00,-16.3,3.33,95.4,42.2,0.0
2023-10-02T14:00:00,-16.4,3.41,95.2,39.1,0.0
2023-10-02T15:00:00,-16.5,4.27,93.5,27.4,0.6
2023-10-02T16:00:00,-16.5,4.24,93.3,24.9,0.5
2023-10-02T17:00:00,-16.5,4.12,94.5,20.7,0.4
2023-10-02T18:00:00,-16.5,3.8,92.7,10.1,0.2
2023-10-02T19:00:00,-16.5,3.55,91.8,0.0,0.1
2023-10-02T20:00:00,-16.6,3.4,94.2,0.0,0.0
2023-10-02T21:00:00,-16.7,3.71,94.8,0.0,0.1
2023-10-02T22:00:00,-16.7,3.86,92.4,0.0,0.2
2023-10-02T23:00:00,-16.8,4.14,92.0,0.0,0.4
2023-10-03T00:00:00,-15.1,7.3,88.5,0.0,14.9
2023-10-03T01:00:00,-15.8,7.22,92.6,0.0,14.9
2023-10-03T02:00:00,-15.7,6.0,92.1,0.0,6.1
2023-10-03T03:00:00,-15.5,4.81,90.5,0.0,1.5
2023-10-03T04:00:00,-15.0,4.12,90.7,0.0,0.4
2023-10-03T05:00:00,-14.5,3.45,89.0,0.0,0.0
2023-10-03T06:00:00,-14.4,2.41,90.8,11.3,0.0
2023-10-03T07:00:00,-14.1,1.36,90.2,18.2,0.0
2023-10-03T08:00:00,-13.6,1.02,89.8,31.1,0.0
2023-10-03T09:00:00,-13.9,1.4,90.8,36.4,0.0
2023-10-03T10:00:00,-14.1,1.61,89.0,39.9,0.0
2023-10-03T11:00:00,-14.2,1.63,92.3,40.1,0.0
2023-10-03T12:00:00,-14.0,1.93,89.5,48.1,0.0
2023-10-03T13:00:00,-15.4,1.75,91.1,46.9,0.0
2023-10-03T14:00:00,-16.0,2.12,93.1,37.9,0.0
2023-10-03T15:00:00,-16.8,2.81,94.6,36.7,0.0
2023-10-03T16:00:00,-16.9,2.6,92.4,24.7,0.0
2023-10-03T17:00:00,-15.0,1.53,90.3,17.4,0.0
2023-10-03T18:00:00,-16.8,1.7,95.6,8.3,0.0
2023-10-03T19:00:00,-17.5,1.56,92.4,0.0,0.0
2023-10-03T20:00:00,-18.0,1.39,90.9,0.0,0.0
2023-10-03T21:00:00,-18.6,1.61,94.8,0.0,0.0
2023-10-03T22:00:00,-18.8,1.96,93.9,0.0,0.0
2023-10-03T23:00:00,-18.6,2.47,96.8,0.0,0.0
2023-10-04T00:00:00,-17.9,2.24,90.2,0.0,0.0
2023-10-04T01:00:00,-18.7,1.96,92.8,0.0,0.0
2023-10-04T02:00:00,-18.8,1.43,94.6,0.0,0.0
2023-10-04T03:00:00,-18.7,1.35,93.8,0.0,0.0
2023-10-04T04:00:00,-18.5,0.99,93.1,0.0,0.0
2023-10-04T05:00:00,-18.3,1.02,90.3,0.0,0.0
2023-10-04T06:00:00,-18.0,2.33,96.3,12.5,0.0
2023-10-04T07:00:00,-17.8,3.25,91.9,17.2,0.0
2023-10-04T08:00:00,-17.6,3.82,91.3,26.1,0.2
2023-10-04T09:00:00,-17.7,3.96,93.6,31.8,0.3
2023-10-04T10:00:00,-17.8,3.84,97.6,33.2,0.2
2023-10-04T11:00:00,-18.0,3.58,92.0,41.8,0.1
2023-10-04T12:00:00,-17.3,4.6,92.2,47.4,1.0
2023-10-04T13:00:00,-17.6,4.53,93.6,41.8,1.0
2023-10-04T14:00:00,-17.8,4.18,93.9,37.8,0.5
2023-10-04T15:00:00,-18.2,3.41,93.4,30.4,0.0
2023-10-04T16:00:00,-18.8,2.47,94.5,29.4,0.0
2023-10-04T17:00:00,-18.0,1.49,95.2,20.6,0.0
2023-10-04T18:00:00,-17.2,1.2,96.0,12.1,0.0
2023-10-04T19:00:00,-17.7,1.4,95.9,0.0,0.0
2023-10-04T20:00:00,-18.0,1.43,93.7,0.0,0.0
2023-10-04T21:00:00,-17.9,1.26,93.5,0.0,0.0
2023-10-04T22:00:00,-17.5,1.04,90.7,0.0,0.0
2023-10-04T23:00:00,-17.6,0.92,93.2,0.0,0.0
2023-10-05T00:00:00,-17.5,3.52,94.6,0.0,0.1
2023-10-05T01:00:00,-18.7,3.26,95.2,0.0,0.0
2023-10-05T02:00:00,-17.9,3.96,91.8,0.0,0.3
2023-10-05T03:00:00,-16.7,4.96,93.6,0.0,1.8
2023-10-05T04:00:00,-15.6,6.28,94.0,0.0,7.4
2023-10-05T05:00:00,-14.5,7.05,89.6,0.8,12.8
2023-10-05T06:00:00,-14.2,6.82,91.6,11.1,11.2
2023-10-05T07:00:00,-14.1,6.03,90.7,20.5,6.2
2023-10-05T08:00:00,-14.1,5.31,93.7,25.3,3.0
2023-10-05T09:00:00,-14.4,4.22,91.2,37.7,0.5
2023-10-05T10:00:00,-15.1,3.2,89.8,39.5,0.0
2023-10-05T11:00:00,-15.8,2.5,92.4,40.1,0.0
2023-10-05T12:00:00,-17.6,2.64,95.6,42.2,0.0
2023-10-05T13:00:00,-18.0,2.76,94.1,38.3,0.0
2023-10-05T14:00:00,-18.1,3.0,96.1,32.3,0.0
2023-10-05T15:00:00,-18.6,3.2,92.0,36.2,0.0
2023-10-05T16:00:00,-18.9,2.4,95.1,32.5,0.0
2023-10-05T17:00:00,-19.0,1.91,93.0,22.8,0.0
2023-10-05T18:00:00,-18.8,1.2,91.2,11.5,0.0
2023-10-05T19:00:00,-17.9,1.22,94.3,0.7,0.0
2023-10-05T20:00:00,-18.2,1.8,95.6,0.0,0.0
2023-10-05T21:00:00,-18.4,2.06,94.7,0.0,0.0
2023-10-05T22:00:00,-18.5,2.15,91.6,0.0,0.0
2023-10-05T23:00:00,-19.1,2.63,95.3,0.0,0.0
2023-10-06T00:00:00,-17.4,0.1,94.6,0.0,0.0
2023-10-06T01:00:00,-17.6,1.24,91.5,0.0,0.0
2023-10-06T02:00:00,-18.3,3.65,95.5,0.0,0.1
2023-10-06T03:00:00,-17.4,4.24,93.1,0.0,0.5
2023-10-06T04:00:00,-16.8,3.98,91.8,0.0,0.3
2023-10-06T05:00:00,-16.1,3.82,93.8,1.7,0.2
2023-10-06T06:00:00,-15.6,3.92,91.9,13.2,0.2
2023-10-06T07:00:00,-15.3,4.18,92.0,20.3,0.5
2023-10-06T08:00:00,-15.2,3.86,94.6,24.2,0.2
2023-10-06T09:00:00,-15.1,3.35,95.9,32.5,0.0
2023-10-06T10:00:00,-15.2,3.0,94.9,36.1,0.0
2023-10-06T11:00:00,-15.6,2.75,95.2,44.3,0.0
2023-10-06T12:00:00,-15.4,3.39,94.9,43.6,0.0
2023-10-06T13:00:00,-17.4,4.04,96.2,38.7,0.3
2023-10-06T14:00:00,-18.1,4.24,94.2,40.5,0.5
2023-10-06T15:00:00,-18.5,4.44,94.2,30.0,0.8
2023-10-06T16:00:00,-18.6,4.48,92.6,26.0,0.9
2023-10-06T17:00:00,-18.5,4.43,95.2,21.5,0.8
2023-10-06T18:00:00,-18.7,4.69,96.2,12.1,1.2
2023-10-06T19:00:00,-19.2,4.86,97.8,1.6,1.6
2023-10-06T20:00:00,-19.4,4.91,93.9,0.0,1.8
2023-10-06T21:00:00,-19.1,4.92,94.2,0.0,1.8
2023-10-06T22:00:00,-18.7,5.11,94.0,0.0,2.2
2023-10-06T23:00:00,-18.6,5.15,93.0,0.0,2.4
2023-10-07T00:00:00,-19.1,5.2,94.2,0.0,2.6
2023-10-07T01:00:00,-19.0,5.16,94.5,0.0,2.3
2023-10-07T02:00:00,-17.7,5.39,92.0,0.0,3.3
2023-10-07T03:00:00,-16.3,5.19,92.6,0.0,2.5
2023-10-07T04:00:00,-15.1,5.5,90.8,0.0,3.8
2023-10-07T05:00:00,-14.2,6.59,93.3,2.7,9.5
2023-10-07T06:00:00,-13.4,6.72,92.0,11.4,10.6
2023-10-07T07:00:00,-12.7,6.4,89.2,21.1,7.9
2023-10-07T08:00:00,-12.4,5.1,91.5,27.9,2.2
2023-10-07T09:00:00,-12.4,4.6,92.9,32.7,1.1
2023-10-07T10:00:00,-12.6,3.86,90.4,47.1,0.2
2023-10-07T11:00:00,-13.1,3.62,92.6,47.3,0.1
2023-10-07T12:00:00,-12.0,4.41,91.3,50.0,0.7
2023-10-07T13:00:00,-13.5,4.3,92.9,45.0,0.6
2023-10-07T14:00:00,-14.2,4.25,97.1,40.4,0.6
2023-10-07T15:00:00,-14.7,4.53,91.4,33.0,0.9
2023-10-07T16:00:00,-15.7,4.74,95.1,24.7,1.4
2023-10-07T17:00:00,-16.6,4.55,93.6,22.0,1.0
2023-10-07T18:00:00,-17.3,4.34,91.4,11.3,0.6
2023-10-07T19:00:00,-17.8,4.48,93.4,2.6,0.8
2023-10-07T20:00:00,-18.0,4.53,94.1,0.0,0.9
2023-10-07T21:00:00,-18.4,4.39,94.3,0.0,0.8
2023-10-07T22:00:00,-18.4,4.12,96.8,0.0,0.4
2023-10-07T23:00:00,-18.4,3.88,94.2,0.0,0.2
2023-10-08T00:00:00,-15.8,3.4,93.6,0.0,0.0
2023-10-08T01:00:00,-16.8,3.05,90.1,0.0,0.0
2023-10-08T02:00:00,-16.2,3.52,93.4,0.0,0.1
2023-10-08T03:00:00,-15.4,3.5,94.5,0.0,0.0
2023-10-08T04:00:00,-14.6,3.31,93.0,0.0,0.0
2023-10-08T05:00:00,-13.8,3.3,93.9,2.8,0.0
2023-10-08T06:00:00,-13.1,3.2,93.4,15.1,0.0
2023-10-08T07:00:00,-12.4,3.14,92.9,21.0,0.0
2023-10-08T08:00:00,-11.6,3.7,86.4,24.7,0.1
2023-10-08T09:00:00,-11.2,3.96,90.0,34.6,0.3
2023-10-08T10:00:00,-11.4,3.26,92.2,45.1,0.0
2023-10-08T11:00:00,-11.7,2.64,90.2,36.3,0.0
2023-10-08T12:00:00,-10.6,2.11,90.7,44.7,0.0
2023-10-08T13:00:00,-10.3,1.84,88.8,49.6,0.0
2023-10-08T14:00:00,-9.7,1.57,90.6,36.3,0.0
2023-10-08T15:00:00,-11.0,1.7,92.8,30.4,0.0
2023-10-08T16:00:00,-13.9,2.39,93.4,28.7,0.0
2023-10-08T17:00:00,-13.8,2.35,90.9,21.4,0.0
2023-10-08T18:00:00,-14.0,2.69,91.0,11.5,0.0
2023-10-08T19:00:00,-15.3,3.47,93.3,2.8,0.0
2023-10-08T20:00:00,-15.4,4.18,92.7,0.0,0.5
2023-10-08T21:00:00,-16.1,3.97,91.5,0.0,0.3
2023-10-08T22:00:00,-16.4,4.11,94.5,0.0,0.4
2023-10-08T23:00:00,-16.6,4.05,94.7,0.0,0.3
2023-10-09T00:00:00,-15.8,5.3,97.5,0.0,3.0
2023-10-09T01:00:00,-15.9,5.87,93.5,0.0,5.3
2023-10-09T02:00:00,-15.5,6.2,92.1,0.0,7.1
2023-10-09T03:00:00,-15.2,6.67,88.0,0.0,10.0
2023-10-09T04:00:00,-14.7,7.44,91.3,0.0,17.0
2023-10-09T05:00:00,-14.1,7.5,87.9,3.8,17.2
2023-10-09T06:00:00,-13.3,7.22,91.8,13.3,14.8
2023-10-09T07:00:00,-12.0,5.76,94.4,24.0,4.8
2023-10-09T08:00:00,-11.8,4.46,92.4,29.2,0.8
2023-10-09T09:00:00,-12.0,0.94,89.4,39.9,0.0
2023-10-09T10:00:00,-11.6,1.53,89.1,48.6,0.0
2023-10-09T11:00:00,-11.6,3.54,91.9,47.4,0.1
2023-10-09T12:00:00,-10.1,2.51,89.2,52.4,0.0
2023-10-09T13:00:00,-12.2,3.42,93.0,39.4,0.0
2023-10-09T14:00:00,-11.2,5.26,91.5,36.2,2.6
2023-10-09T15:00:00,-10.5,6.23,91.1,35.4,6.9
2023-10-09T16:00:00,-9.5,6.87,88.0,31.0,11.4
2023-10-09T17:00:00,-9.8,5.36,92.1,25.3,3.0
2023-10-09T18:00:00,-9.3,6.22,91.5,14.1,7.3
2023-10-09T19:00:00,-8.2,8.17,90.9,4.8,25.1
2023-10-09T20:00:00,-7.3,8.72,89.5,0.0,34.8
2023-10-09T21:00:00,-7.0,7.9,92.4,0.0,21.1
2023-10-09T22:00:00,-7.2,5.81,88.0,0.0,5.0
2023-10-09T23:00:00,-6.2,8.41,91.3,0.0,27.8
2023-10-10T00:00:00,-4.1,6.71,90.6,0.0,10.4
2023-10-10T01:00:00,-4.5,9.0,89.5,0.0,36.7
2023-10-10T02:00:00,-5.2,4.0,92.0,0.0,0.3
2023-10-10T03:00:00,-3.5,7.38,90.6,0.0,16.2
2023-10-10T04:00:00,-2.6,11.38,89.9,0.0,96.2
2023-10-10T05:00:00,-2.4,10.28,92.7,4.9,64.1
2023-10-10T06:00:00,-2.2,11.22,88.2,12.3,93.4
2023-10-10T07:00:00,-2.2,9.97,88.0,22.9,59.3
2023-10-10T08:00:00,-2.4,9.19,90.3,31.6,43.0
2023-10-10T09:00:00,-2.3,9.34,91.0,42.1,46.5
2023-10-10T10:00:00,-2.3,9.3,93.1,41.1,42.7
2023-10-10T11:00:00,-2.3,9.72,90.1,49.3,49.9
2023-10-10T12:00:00,-3.2,7.65,88.0,38.1,18.9
2023-10-10T13:00:00,-3.7,10.91,87.5,38.1,83.9
2023-10-10T14:00:00,-4.4,8.96,90.5,35.4,35.9
2023-10-10T15:00:00,-5.1,7.35,89.8,30.7,16.0
2023-10-10T16:00:00,-5.3,6.57,90.7,35.8,9.2
2023-10-10T17:00:00,-5.6,6.28,90.5,22.8,7.4
2023-10-10T18:00:00,-5.7,7.3,88.9,12.6,15.5
2023-10-10T19:00:00,-5.4,8.46,91.7,5.2,31.0
2023-10-10T20:00:00,-5.5,7.59,91.1,0.0,18.1
2023-10-10T21:00:00,-5.6,6.36,93.8,0.0,8.2
2023-10-10T22:00:00,-5.5,6.82,90.7,0.0,11.7
2023-10-10T23:00:00,-5.4,7.43,86.7,0.0,16.4
2023-10-11T00:00:00,-5.3,7.35,91.2,0.0,16.6
2023-10-11T01:00:00,-6.2,7.98,88.2,0.0,24.1
2023-10-11T02:00:00,-6.2,7.69,87.6,0.0,18.6
2023-10-11T03:00:00,-6.3,7.5,89.6,0.0,18.1
2023-10-11T04:00:00,-6.2,7.61,87.8,0.0,19.6
2023-10-11T05:00:00,-6.0,6.93,91.5,5.2,12.5
2023-10-11T06:00:00,-5.9,6.52,89.5,14.1,9.2
2023-10-11T07:00:00,-5.8,6.03,90.3,19.9,5.8
2023-10-11T08:00:00,-5.8,5.23,88.8,27.3,2.6
2023-10-11T09:00:00,-5.8,4.33,90.4,33.1,0.7
2023-10-11T10:00:00,-5.9,3.41,87.0,40.4,0.0
2023-10-11T11:00:00,-6.0,3.03,90.0,47.9,0.0
2023-10-11T12:00:00,-7.6,2.9,88.2,51.6,0.0
2023-10-11T13:00:00,-9.3,3.64,88.0,51.1,0.1
2023-10-11T14:00:00,-9.7,4.02,89.5,36.9,0.3
2023-10-11T15:00:00,-9.9,4.12,89.6,33.4,0.4
2023-10-11T16:00:00,-10.6,3.77,92.3,35.1,0.2
2023-10-11T17:00:00,-11.2,3.89,89.3,22.6,0.2
2023-10-11T18:00:00,-11.9,4.06,91.6,15.5,0.3
2023-10-11T19:00:00,-12.4,4.17,91.5,6.0,0.5
2023-10-11T20:00:00,-12.1,4.1,89.6,0.0,0.4
2023-10-11T21:00:00,-11.9,3.83,92.1,0.0,0.2
2023-10-11T22:00:00,-11.9,3.94,90.4,0.0,0.3
2023-10-11T23:00:00,-12.1,3.74,89.7,0.0,0.1
2023-10-12T00:00:00,-11.1,4.13,94.1,0.0,0.4
2023-10-12T01:00:00,-11.5,5.83,87.2,0.0,4.9
2023-10-12T02:00:00,-11.4,6.61,93.2,0.0,9.9
2023-10-12T03:00:00,-11.2,6.77,88.8,0.0,11.2
2023-10-12T04:00:00,-10.9,7.02,87.8,0.0,13.2
2023-10-12T05:00:00,-10.6,6.61,92.1,6.1,9.3
2023-10-12T06:00:00,-10.5,6.59,93.1,16.7,9.7
2023-10-12T07:00:00,-10.2,6.24,90.5,27.0,7.2
2023-10-12T08:00:00,-10.0,6.2,92.5,27.3,7.1
2023-10-12T09:00:00,-10.0,6.21,89.8,35.1,7.2
2023-10-12T10:00:00,-10.0,6.18,88.7,44.6,6.9
2023-10-12T11:00:00,-10.0,6.29,88.2,40.3,7.6
2023-10-12T12:00:00,-9.9,5.1,92.2,52.5,2.2
2023-10-12T13:00:00,-10.6,4.48,91.0,38.9,0.8
2023-10-12T14:00:00,-11.2,4.15,89.6,48.0,0.5
2023-10-12T15:00:00,-12.0,4.22,87.2,41.4,0.5
2023-10-12T16:00:00,-12.5,4.32,87.7,34.1,0.6
2023-10-12T17:00:00,-13.3,4.2,92.1,27.7,0.5
2023-10-12T18:00:00,-13.7,4.34,93.5,17.8,0.6
2023-10-12T19:00:00,-14.0,4.48,89.7,6.2,0.8
2023-10-12T20:00:00,-14.0,4.3,89.2,0.0,0.6
2023-10-12T21:00:00,-14.3,4.27,90.3,0.0,0.6
2023-10-12T22:00:00,-14.6,4.16,94.3,0.0,0.4
2023-10-12T23:00:00,-15.0,3.98,90.5,0.0,0.3
2023-10-13T00:00:00,-15.7,3.75,90.0,0.0,0.1
2023-10-13T01:00:00,-16.0,3.26,93.8,0.0,0.0
2023-10-13T02:00:00,-15.6,3.26,90.6,0.0,0.0
2023-10-13T03:00:00,-15.2,3.28,93.8,0.0,0.0
2023-10-13T04:00:00,-14.6,3.11,93.4,0.0,0.0
2023-10-13T05:00:00,-14.1,2.73,92.5,7.3,0.0
2023-10-13T06:00:00,-13.5,2.51,94.1,14.6,0.0
2023-10-13T07:00:00,-13.0,2.16,90.3,25.1,0.0
2023-10-13T08:00:00,-12.7,1.96,91.5,26.6,0.0
2023-10-13T09:00:00,-12.7,1.52,91.7,31.8,0.0
2023-10-13T10:00:00,-12.7,1.41,94.7,42.7,0.0
2023-10-13T11:00:00,-13.0,1.8,92.3,42.2,0.0
2023-10-13T12:00:00,-13.6,2.82,93.9,43.1,0.0
2023-10-13T13:00:00,-14.9,3.19,88.7,39.8,0.0
2023-10-13T14:00:00,-15.8,3.47,91.0,36.2,0.0
2023-10-13T15:00:00,-16.2,3.7,91.6,41.7,0.1
2023-10-13T16:00:00,-16.5,3.77,92.2,32.5,0.2
2023-10-13T17:00:00,-16.6,3.85,97.0,23.4,0.2
2023-10-13T18:00:00,-16.7,3.81,95.3,16.1,0.2
2023-10-13T19:00:00,-16.7,3.86,91.0,6.8,0.2
2023-10-13T20:00:00,-16.5,4.6,97.8,0.0,1.1
2023-10-13T21:00:00,-16.2,6.04,94.8,0.0,6.4
2023-10-13T22:00:00,-16.3,6.86,94.4,0.0,11.7
2023-10-13T23:00:00,-16.2,7.31,94.5,0.0,15.4
2023-10-14T00:00:00,-15.7,7.1,93.7,0.0,13.8
2023-10-14T01:00:00,-16.4,6.56,91.6,0.0,9.8
2023-10-14T02:00:00,-16.1,6.34,91.1,0.0,7.5
2023-10-14T03:00:00,-15.7,6.04,93.3,0.0,6.1
2023-10-14T04:00:00,-15.4,6.24,91.2,0.0,6.9
2023-10-14T05:00:00,-15.1,6.29,91.0,8.5,7.3
2023-10-14T06:00:00,-14.9,6.11,90.9,17.8,6.3
2023-10-14T07:00:00,-14.7,5.55,93.2,27.3,3.7
2023-10-14T08:00:00,-14.5,4.57,90.0,27.4,1.0
2023-10-14T09:00:00,-14.4,4.18,92.5,35.3,0.5
2023-10-14T10:00:00,-14.5,3.7,90.4,36.5,0.1
2023-10-14T11:00:00,-14.7,2.98,94.9,39.8,0.0
2023-10-14T12:00:00,-14.5,3.2,93.2,56.0,0.0
2023-10-14T13:00:00,-15.6,4.73,92.5,45.1,1.3
2023-10-14T14:00:00,-16.0,5.82,93.3,37.9,4.8
2023-10-14T15:00:00,-16.4,6.71,94.2,43.1,10.9
2023-10-14T16:00:00,-16.7,7.41,92.0,35.9,16.9
2023-10-14T17:00:00,-16.9,7.76,90.5,28.3,21.2
2023-10-14T18:00:00,-17.2,7.43,90.6,15.7,17.5
2023-10-14T19:00:00,-17.4,6.7,96.1,6.7,10.8
2023-10-14T20:00:00,-17.7,5.72,92.0,0.0,4.3
2023-10-14T21:00:00,-18.1,5.18,92.1,0.0,2.5
2023-10-14T22:00:00,-18.6,4.49,95.2,0.0,0.9
2023-10-14T23:00:00,-19.1,4.22,93.0,0.0,0.5
2023-10-15T00:00:00,-18.9,4.51,96.1,0.0,0.9
2023-10-15T01:00:00,-19.8,4.1,93.3,0.0,0.4
2023-10-15T02:00:00,-19.4,4.43,91.2,0.0,0.8
2023-10-15T03:00:00,-18.8,4.43,93.6,0.0,0.8
2023-10-15T04:00:00,-18.3,2.98,94.1,0.0,0.0
2023-10-15T05:00:00,-18.0,1.12,97.0,8.1,0.0
2023-10-15T06:00:00,-17.8,0.72,97.7,18.6,0.0
2023-10-15T07:00:00,-17.4,2.26,89.1,23.3,0.0
2023-10-15T08:00:00,-16.8,2.1,89.8,38.8,0.0
2023-10-15T09:00:00,-16.3,0.81,92.0,45.7,0.0
2023-10-15T10:00:00,-16.3,1.3,94.5,48.6,0.0
2023-10-15T11:00:00,-16.2,0.42,94.5,53.0,0.0
2023-10-15T12:00:00,-16.2,3.13,92.2,43.3,0.0
2023-10-15T13:00:00,-17.5,3.2,97.3,52.1,0.0
2023-10-15T14:00:00,-18.7,3.3,92.5,43.2,0.0
2023-10-15T15:00:00,-19.5,3.62,93.9,43.1,0.1
2023-10-15T16:00:00,-20.2,3.47,94.0,30.0,0.0
2023-10-15T17:00:00,-20.4,3.26,89.4,26.4,0.0
2023-10-15T18:00:00,-20.5,2.94,92.3,14.9,0.0
2023-10-15T19:00:00,-20.7,3.2,94.0,9.4,0.0
2023-10-15T20:00:00,-21.2,3.61,95.6,0.0,0.1
2023-10-15T21:00:00,-21.6,3.69,97.2,0.0,0.1
2023-10-15T22:00:00,-21.6,3.75,97.4,0.0,0.1
2023-10-15T23:00:00,-21.5,3.68,92.2,0.0,0.1
2023-10-16T00:00:00,-20.9,4.24,94.9,0.0,0.6
2023-10-16T01:00:00,-21.0,3.7,95.0,0.0,0.1
2023-10-16T02:00:00,-20.5,3.38,91.6,0.0,0.0
2023-10-16T03:00:00,-19.5,2.91,98.8,0.0,0.0
2023-10-16T04:00:00,-18.7,2.6,99.0,0.0,0.0
2023-10-16T05:00:00,-17.8,2.24,90.6,8.3,0.0
2023-10-16T06:00:00,-17.0,1.71,95.9,21.0,0.0
2023-10-16T07:00:00,-16.7,1.3,94.7,23.1,0.0
2023-10-16T08:00:00,-16.4,2.83,93.5,35.1,0.0
2023-10-16T09:00:00,-16.0,3.82,93.5,42.4,0.2
2023-10-16T10:00:00,-15.5,3.48,91.7,52.2,0.0
2023-10-16T11:00:00,-15.5,1.53,88.8,44.2,0.0
2023-10-16T12:00:00,-14.2,2.7,91.8,56.5,0.0
2023-10-16T13:00:00,-15.7,4.18,95.2,47.2,0.5
2023-10-16T14:00:00,-16.1,4.21,94.7,43.6,0.5
2023-10-16T15:00:00,-16.3,4.98,94.7,35.2,1.8
2023-10-16T16:00:00,-16.6,5.2,90.4,33.8,2.7
2023-10-16T17:00:00,-17.2,4.64,93.0,28.0,1.2
2023-10-16T18:00:00,-17.9,4.12,93.1,20.8,0.4
2023-10-16T19:00:00,-18.6,4.25,96.8,8.6,0.5
2023-10-16T20:00:00,-19.1,4.53,95.8,0.0,0.9
2023-10-16T21:00:00,-19.4,4.32,92.1,0.0,0.7
2023-10-16T22:00:00,-19.8,3.64,93.5,0.0,0.1
2023-10-16T23:00:00,-20.3,3.47,100.1,0.0,0.0
2023-10-17T00:00:00,-19.4,2.24,95.9,0.0,0.0
2023-10-17T01:00:00,-19.4,1.14,93.9,0.0,0.0
2023-10-17T02:00:00,-18.4,0.4,95.1,0.0,0.0
2023-10-17T03:00:00,-17.9,0.92,93.6,0.0,0.0
2023-10-17T04:00:00,-17.9,0.91,96.9,0.0,0.0
2023-10-17T05:00:00,-18.0,1.84,97.1,10.5,0.0
2023-10-17T06:00:00,-17.3,1.88,94.8,16.1,0.0
2023-10-17T07:00:00,-16.8,1.0,96.4,28.8,0.0
2023-10-17T08:00:00,-16.4,0.28,93.0,32.5,0.0
2023-10-17T09:00:00,-16.4,0.81,90.2,36.0,0.0
2023-10-17T10:00:00,-16.3,1.9,91.9,50.0,0.0
2023-10-17T11:00:00,-16.4,3.01,93.8,54.3,0.0
2023-10-17T12:00:00,-15.7,3.24,93.5,45.1,0.0
2023-10-17T13:00:00,-17.1,3.1,92.4,52.3,0.0
2023-10-17T14:00:00,-17.8,3.0,92.2,52.0,0.0
2023-10-17T15:00:00,-18.3,3.34,99.3,36.6,0.0
2023-10-17T16:00:00,-18.4,4.05,93.9,35.4,0.3
2023-10-17T17:00:00,-18.6,4.27,92.9,31.2,0.6
2023-10-17T18:00:00,-18.7,4.53,96.0,19.3,1.0
2023-10-17T19:00:00,-18.9,4.61,95.1,11.3,1.1
2023-10-17T20:00:00,-19.0,4.74,96.1,0.0,1.4
2023-10-17T21:00:00,-19.2,4.65,95.3,0.0,1.1
2023-10-17T22:00:00,-19.5,4.65,94.3,0.0,1.2
2023-10-17T23:00:00,-19.7,4.38,93.8,0.0,0.7
2023-10-18T00:00:00,-18.8,3.53,96.4,0.0,0.1
2023-10-18T01:00:00,-20.4,3.73,93.9,0.0,0.1
2023-10-18T02:00:00,-19.8,3.34,92.1,0.0,0.0
2023-10-18T03:00:00,-19.3,1.9,95.9,0.0,0.0
2023-10-18T04:00:00,-17.2,0.92,91.0,0.2,0.0
2023-10-18T05:00:00,-16.9,0.94,93.5,8.8,0.0
2023-10-18T06:00:00,-16.1,0.7,91.6,22.2,0.0
2023-10-18T07:00:00,-16.2,2.06,93.3,29.0,0.0
2023-10-18T08:00:00,-15.0,4.65,94.4,39.4,1.2
2023-10-18T09:00:00,-14.5,5.72,91.6,40.2,4.7
2023-10-18T10:00:00,-14.4,6.54,92.0,52.0,9.2
2023-10-18T11:00:00,-14.5,6.54,94.7,54.9,9.5
2023-10-18T12:00:00,-14.5,4.53,91.8,52.2,0.9
2023-10-18T13:00:00,-15.6,5.61,91.3,41.8,4.1
2023-10-18T14:00:00,-16.0,5.71,90.3,44.3,4.5
2023-10-18T15:00:00,-16.2,6.4,94.1,42.1,8.3
2023-10-18T16:00:00,-16.4,6.81,93.9,29.2,11.2
2023-10-18T17:00:00,-16.6,6.24,96.2,24.5,7.5
2023-10-18T18:00:00,-16.7,6.23,92.5,18.9,7.5
2023-10-18T19:00:00,-16.8,6.52,96.4,10.0,9.2
2023-10-18T20:00:00,-16.8,6.91,94.2,0.2,12.1
2023-10-18T21:00:00,-16.8,7.21,95.5,0.0,14.3
2023-10-18T22:00:00,-16.7,7.55,91.9,0.0,17.8
2023-10-18T23:00:00,-16.6,8.14,92.6,0.0,24.3
2023-10-19T00:00:00,-16.4,7.41,92.8,0.0,16.2
2023-10-19T01:00:00,-17.2,6.91,91.4,0.0,12.0
2023-10-19T02:00:00,-16.7,5.97,92.2,0.0,5.9
2023-10-19T03:00:00,-16.2,5.08,92.2,0.0,2.1
2023-10-19T04:00:00,-15.5,5.05,92.6,1.2,2.1
2023-10-19T05:00:00,-14.9,4.43,92.7,12.7,0.8
2023-10-19T06:00:00,-14.2,4.41,93.7,20.6,0.8
2023-10-19T07:00:00,-13.6,3.61,89.0,24.9,0.1
2023-10-19T08:00:00,-13.4,3.03,86.9,34.7,0.0
2023-10-19T09:00:00,-13.3,2.93,89.8,39.2,0.0
2023-10-19T10:00:00,-13.4,3.01,90.6,50.7,0.0
2023-10-19T11:00:00,-13.7,3.21,90.9,51.0,0.0
2023-10-19T12:00:00,-12.7,3.0,91.9,55.8,0.0
2023-10-19T13:00:00,-14.8,4.1,94.2,56.3,0.4
2023-10-19T14:00:00,-15.0,5.1,92.6,50.9,2.2
2023-10-19T15:00:00,-15.3,5.71,90.5,44.3,4.5
2023-10-19T16:00:00,-15.6,5.91,94.5,35.1,5.3
2023-10-19T17:00:00,-15.8,6.13,92.2,28.4,6.4
2023-10-19T18:00:00,-16.1,5.76,90.1,18.3,4.6
2023-10-19T19:00:00,-16.4,5.61,90.4,9.4,4.0
2023-10-19T20:00:00,-16.6,5.41,95.0,1.2,3.3
2023-10-19T21:00:00,-16.8,5.57,93.3,0.0,3.9
2023-10-19T22:00:00,-16.8,6.02,94.5,0.0,6.2
2023-10-19T23:00:00,-16.8,6.1,91.7,0.0,6.3
2023-10-20T00:00:00,-16.0,7.0,93.1,0.0,12.2
2023-10-20T01:00:00,-16.7,7.03,92.2,0.0,13.1
2023-10-20T02:00:00,-16.3,6.99,91.4,0.0,12.4
2023-10-20T03:00:00,-15.8,7.08,92.4,0.0,14.1
2023-10-20T04:00:00,-15.3,7.02,94.7,2.1,13.1
2023-10-20T05:00:00,-15.0,6.93,92.8,11.4,11.9
2023-10-20T06:00:00,-14.7,6.59,91.0,17.7,9.6
2023-10-20T07:00:00,-14.4,6.2,92.5,31.8,6.8
2023-10-20T08:00:00,-14.1,5.39,90.8,30.8,3.1
2023-10-20T09:00:00,-13.9,4.62,91.6,41.0,1.1
2023-10-20T10:00:00,-13.9,3.96,88.7,52.1,0.3
2023-10-20T11:00:00,-14.2,3.75,92.3,47.0,0.1
2023-10-20T12:00:00,-14.1,3.64,92.1,43.7,0.1
2023-10-20T13:00:00,-15.2,4.12,93.7,43.8,0.4
2023-10-20T14:00:00,-15.6,5.01,92.8,48.3,1.9
2023-10-20T15:00:00,-15.9,5.82,94.6,40.3,5.0
2023-10-20T16:00:00,-16.2,6.2,92.5,37.1,7.3
2023-10-20T17:00:00,-16.3,6.2,91.0,27.3,6.8
2023-10-20T18:00:00,-16.3,6.11,94.3,16.8,6.4
2023-10-20T19:00:00,-16.4,6.61,92.8,10.3,9.2
2023-10-20T20:00:00,-16.5,6.71,91.9,2.1,10.6
2023-10-20T21:00:00,-16.7,6.54,87.4,0.0,9.5
2023-10-20T22:00:00,-16.8,6.35,94.2,0.0,8.2
2023-10-20T23:00:00,-16.9,6.36,91.4,0.0,8.0
2023-10-21T00:00:00,-16.9,8.04,92.9,0.0,22.9
2023-10-21T01:00:00,-17.4,7.05,93.3,0.0,13.3
2023-10-21T02:00:00,-17.1,6.25,94.5,0.0,7.5
2023-10-21T03:00:00,-16.7,5.71,89.6,0.0,4.6
2023-10-21T04:00:00,-16.3,5.04,95.4,2.9,2.1
2023-10-21T05:00:00,-15.8,4.36,93.9,11.1,0.7
2023-10-21T06:00:00,-15.4,3.6,92.7,18.8,0.1
2023-10-21T07:00:00,-14.9,3.13,93.6,24.4,0.0
2023-10-21T08:00:00,-14.5,2.57,92.4,32.4,0.0
2023-10-21T09:00:00,-14.3,2.25,93.3,49.6,0.0
2023-10-21T10:00:00,-14.3,2.11,89.3,43.7,0.0
2023-10-21T11:00:00,-14.5,2.14,91.2,41.8,0.0
2023-10-21T12:00:00,-14.5,2.35,92.9,53.8,0.0
2023-10-21T13:00:00,-15.7,3.22,92.3,45.6,0.0
2023-10-21T14:00:00,-16.3,3.16,91.3,39.3,0.0
2023-10-21T15:00:00,-17.0,2.95,91.4,49.8,0.0
2023-10-21T16:00:00,-17.6,3.09,93.4,33.6,0.0
2023-10-21T17:00:00,-18.0,3.41,94.6,29.1,0.0
2023-10-21T18:00:00,-18.3,3.54,89.1,17.6,0.1
2023-10-21T19:00:00,-18.4,3.69,93.2,11.9,0.1
2023-10-21T20:00:00,-18.4,3.62,93.5,3.1,0.1
2023-10-21T21:00:00,-18.5,3.62,92.7,0.0,0.1
2023-10-21T22:00:00,-18.5,3.56,91.7,0.0,0.1
2023-10-21T23:00:00,-18.4,3.62,96.0,0.0,0.1
2023-10-22T00:00:00,-16.0,3.28,91.4,0.0,0.0
2023-10-22T01:00:00,-17.7,2.92,93.2,0.0,0.0
2023-10-22T02:00:00,-16.7,2.2,91.2,0.0,0.0
2023-10-22T03:00:00,-15.7,1.92,93.9,0.0,0.0
2023-10-22T04:00:00,-15.0,1.84,91.8,3.5,0.0
2023-10-22T05:00:00,-14.1,1.61,91.5,12.5,0.0
2023-10-22T06:00:00,-13.5,1.39,87.7,23.0,0.0
2023-10-22T07:00:00,-13.0,1.39,89.9,33.5,0.0
2023-10-22T08:00:00,-12.4,1.08,92.3,40.0,0.0
2023-10-22T09:00:00,-12.4,1.3,90.2,49.2,0.0
2023-10-22T10:00:00,-12.7,1.8,90.5,39.9,0.0
2023-10-22T11:00:00,-12.9,2.22,94.9,55.4,0.0
2023-10-22T12:00:00,-12.6,2.51,87.1,57.0,0.0
2023-10-22T13:00:00,-14.7,2.57,93.1,59.1,0.0
2023-10-22T14:00:00,-15.3,2.76,95.1,51.8,0.0
2023-10-22T15:00:00,-15.7,3.26,94.1,39.4,0.0
2023-10-22T16:00:00,-16.0,3.8,89.9,37.6,0.2
2023-10-22T17:00:00,-16.4,4.41,88.4,27.4,0.7
2023-10-22T18:00:00,-16.7,4.64,90.6,21.5,1.2
2023-10-22T19:00:00,-16.7,4.69,89.7,13.5,1.3
2023-10-22T20:00:00,-16.6,4.75,95.4,3.3,1.4
2023-10-22T21:00:00,-16.6,4.52,91.4,0.0,1.0
2023-10-22T22:00:00,-16.7,4.49,90.0,0.0,0.9
2023-10-22T23:00:00,-16.7,4.43,93.0,0.0,0.8
2023-10-23T00:00:00,-17.3,4.67,92.4,0.0,1.1
2023-10-23T01:00:00,-17.1,4.24,95.5,0.0,0.6
2023-10-23T02:00:00,-15.9,3.55,93.3,0.0,0.1
2023-10-23T03:00:00,-15.1,3.09,95.9,0.0,0.0
2023-10-23T04:00:00,-14.0,3.1,96.6,4.1,0.0
2023-10-23T05:00:00,-13.4,2.52,89.0,12.1,0.0
2023-10-23T06:00:00,-12.8,1.52,94.4,21.2,0.0
2023-10-23T07:00:00,-12.1,1.17,90.1,28.2,0.0
2023-10-23T08:00:00,-11.4,0.95,93.3,39.3,0.0
2023-10-23T09:00:00,-11.6,1.43,89.0,49.4,0.0
2023-10-23T10:00:00,-11.4,3.48,90.4,53.3,0.0
2023-10-23T11:00:00,-11.4,4.49,87.9,46.7,0.9
2023-10-23T12:00:00,-11.3,4.24,86.7,58.6,0.5
2023-10-23T13:00:00,-12.8,3.2,90.9,45.7,0.0
2023-10-23T14:00:00,-13.4,2.65,91.4,47.8,0.0
2023-10-23T15:00:00,-13.0,2.21,89.8,45.5,0.0
2023-10-23T16:00:00,-13.3,2.36,93.9,35.8,0.0
2023-10-23T17:00:00,-13.5,2.64,94.7,25.4,0.0
2023-10-23T18:00:00,-13.5,2.91,87.9,22.3,0.0
2023-10-23T19:00:00,-13.2,3.1,92.6,15.1,0.0
2023-10-23T20:00:00,-13.1,3.04,94.3,3.8,0.0
2023-10-23T21:00:00,-13.3,3.04,90.8,0.0,0.0
2023-10-23T22:00:00,-13.3,2.91,92.0,0.0,0.0
2023-10-23T23:00:00,-12.9,3.05,92.0,0.0,0.0
2023-10-24T00:00:00,-8.9,2.7,93.2,0.0,0.0
2023-10-24T01:00:00,-11.6,2.4,89.4,0.0,0.0
2023-10-24T02:00:00,-11.5,2.94,90.5,0.0,0.0
2023-10-24T03:00:00,-10.7,2.66,92.3,0.0,0.0
2023-10-24T04:00:00,-9.4,2.34,89.9,4.7,0.0
2023-10-24T05:00:00,-8.7,3.61,93.3,12.6,0.1
2023-10-24T06:00:00,-7.1,4.7,89.6,23.9,1.2
2023-10-24T07:00:00,-6.6,3.81,91.2,30.6,0.2
2023-10-24T08:00:00,-3.8,3.88,92.5,38.6,0.2
2023-10-24T09:00:00,-3.0,5.41,90.0,48.5,3.4
2023-10-24T10:00:00,-3.2,6.2,92.9,53.4,7.3
2023-10-24T11:00:00,-3.4,6.13,87.2,45.7,6.9
2023-10-24T12:00:00,-3.8,6.8,91.3,47.2,11.4
2023-10-24T13:00:00,-5.7,5.85,91.1,51.6,5.2
2023-10-24T14:00:00,-5.3,6.1,92.1,44.1,6.4
2023-10-24T15:00:00,-5.2,7.01,87.9,39.8,12.2
2023-10-24T16:00:00,-5.1,8.64,89.8,35.7,31.5
2023-10-24T17:00:00,-5.0,8.9,87.3,30.0,38.0
2023-10-24T18:00:00,-4.6,9.05,90.6,26.0,38.3
2023-10-24T19:00:00,-4.4,9.33,91.4,14.6,44.2
2023-10-24T20:00:00,-4.2,9.52,90.8,4.4,45.3
2023-10-24T21:00:00,-4.2,9.71,83.5,0.0,51.9
2023-10-24T22:00:00,-4.1,10.88,92.0,0.0,81.2
2023-10-24T23:00:00,-4.0,11.51,89.2,0.0,93.5
2023-10-25T00:00:00,-3.8,11.46,93.1,0.0,91.9
2023-10-25T01:00:00,-3.0,8.55,91.8,0.0,30.4
2023-10-25T02:00:00,-3.7,9.11,92.6,0.0,41.4
2023-10-25T03:00:00,-3.9,7.67,89.4,0.0,20.0
2023-10-25T04:00:00,-3.8,7.4,87.7,5.1,16.0
2023-10-25T05:00:00,-3.7,7.51,86.5,14.1,17.2
2023-10-25T06:00:00,-3.7,7.74,89.4,24.1,19.5
2023-10-25T07:00:00,-3.7,9.04,88.0,35.6,40.3
2023-10-25T08:00:00,-3.7,9.46,91.2,33.5,47.6
2023-10-25T09:00:00,-3.8,9.54,87.6,44.7,46.0
2023-10-25T10:00:00,-3.9,9.68,91.9,41.7,49.7
2023-10-25T11:00:00,-4.1,8.96,92.2,49.0,37.1
2023-10-25T12:00:00,-4.2,8.63,90.2,60.3,31.2
2023-10-25T13:00:00,-3.8,5.46,93.7,45.9,3.4
2023-10-25T14:00:00,-4.5,4.41,90.8,53.7,0.7
2023-10-25T15:00:00,-5.0,2.62,89.1,48.0,0.0
2023-10-25T16:00:00,-5.3,3.18,92.5,43.2,0.0
2023-10-25T17:00:00,-5.7,3.52,88.0,31.7,0.1
2023-10-25T18:00:00,-5.8,3.52,89.3,22.5,0.1
2023-10-25T19:00:00,-5.4,3.36,89.8,12.0,0.0
2023-10-25T20:00:00,-4.5,5.11,89.6,6.0,2.2
2023-10-25T21:00:00,-4.7,4.49,89.8,0.0,0.9
2023-10-25T22:00:00,-3.2,4.95,90.2,0.0,1.8
2023-10-25T23:00:00,-3.0,5.92,91.3,0.0,5.6
2023-10-26T00:00:00,-2.8,6.26,90.2,0.0,7.4
2023-10-26T01:00:00,-4.3,9.0,91.6,0.0,40.1
2023-10-26T02:00:00,-4.3,8.91,90.2,0.0,37.3
2023-10-26T03:00:00,-4.1,7.3,90.1,0.0,15.1
2023-10-26T04:00:00,-3.9,5.76,90.7,6.1,4.5
2023-10-26T05:00:00,-3.3,4.74,89.2,16.4,1.4
2023-10-26T06:00:00,-3.1,3.21,90.4,22.8,0.0
2023-10-26T07:00:00,-2.6,2.7,89.4,31.9,0.0
2023-10-26T08:00:00,-2.4,3.0,88.1,44.1,0.0
2023-10-26T09:00:00,-2.4,3.7,90.9,38.7,0.1
2023-10-26T10:00:00,-2.4,4.83,90.3,45.5,1.5
2023-10-26T11:00:00,-3.0,4.51,88.8,49.2,0.9
2023-10-26T12:00:00,-3.6,4.11,90.2,55.5,0.4
2023-10-26T13:00:00,-3.8,5.93,92.1,50.2,5.5
2023-10-26T14:00:00,-4.5,5.39,91.2,43.9,3.1
2023-10-26T15:00:00,-5.2,5.07,89.4,38.3,2.1
2023-10-26T16:00:00,-5.7,5.65,93.9,41.3,4.2
2023-10-26T17:00:00,-5.9,6.5,89.1,35.3,9.3
2023-10-26T18:00:00,-5.9,7.91,89.8,21.8,22.3
2023-10-26T19:00:00,-5.8,8.94,89.1,16.1,38.8
2023-10-26T20:00:00,-5.8,9.83,89.9,5.7,53.1
2023-10-26T21:00:00,-5.8,10.51,90.5,0.0,71.9
2023-10-26T22:00:00,-5.9,10.75,85.4,0.0,78.1
2023-10-26T23:00:00,-5.8,10.63,92.4,0.0,71.9
2023-10-27T00:00:00,-5.5,10.58,89.7,0.0,69.9
2023-10-27T01:00:00,-5.5,10.11,88.4,0.0,58.6
2023-10-27T02:00:00,-5.0,8.73,94.2,0.0,35.2
2023-10-27T03:00:00,-4.6,7.79,90.0,0.0,20.1
2023-10-27T04:00:00,-4.1,7.34,87.4,6.9,16.5
2023-10-27T05:00:00,-3.7,6.54,88.3,16.7,9.3
2023-10-27T06:00:00,-3.3,5.55,90.3,20.4,3.6
2023-10-27T07:00:00,-3.1,4.0,90.9,29.4,0.3
2023-10-27T08:00:00,-2.8,3.68,85.3,33.6,0.1
2023-10-27T09:00:00,-2.6,4.3,91.0,50.6,0.6
2023-10-27T10:00:00,-2.7,5.07,92.8,44.5,2.2
2023-10-27T11:00:00,-3.0,5.47,90.0,58.2,3.3
2023-10-27T12:00:00,-3.3,5.71,90.3,45.6,4.3
2023-10-27T13:00:00,-4.1,6.56,91.3,60.1,9.5
2023-10-27T14:00:00,-4.5,6.7,89.8,45.9,10.2
2023-10-27T15:00:00,-5.0,7.13,91.8,51.9,14.1
2023-10-27T16:00:00,-5.3,7.05,88.2,44.4,13.8
2023-10-27T17:00:00,-5.4,7.44,89.2,26.5,17.3
2023-10-27T18:00:00,-5.4,7.47,88.4,22.4,17.9
2023-10-27T19:00:00,-5.3,7.78,87.9,14.5,20.2
2023-10-27T20:00:00,-5.4,8.27,91.6,7.3,27.1
2023-10-27T21:00:00,-5.8,8.34,88.6,0.0,28.6
2023-10-27T22:00:00,-6.4,7.83,89.7,0.0,21.2
2023-10-27T23:00:00,-6.6,7.82,89.4,0.0,21.2
2023-10-28T00:00:00,-6.2,8.01,90.9,0.0,24.7
2023-10-28T01:00:00,-6.8,7.81,88.2,0.0,21.9
2023-10-28T02:00:00,-6.9,7.78,91.6,0.0,19.6
2023-10-28T03:00:00,-6.6,6.14,89.5,0.0,6.6
2023-10-28T04:00:00,-6.1,5.7,93.7,7.3,4.6
2023-10-28T05:00:00,-5.7,5.73,90.2,18.3,4.6
2023-10-28T06:00:00,-5.4,5.35,93.4,26.7,3.0
2023-10-28T07:00:00,-5.2,4.39,89.7,31.1,0.7
2023-10-28T08:00:00,-5.0,3.52,93.0,39.0,0.1
2023-10-28T09:00:00,-4.8,3.3,91.8,40.6,0.0
2023-10-28T10:00:00,-4.8,3.7,90.6,44.5,0.1
2023-10-28T11:00:00,-4.8,4.32,91.0,59.5,0.7
2023-10-28T12:00:00,-4.9,5.22,91.6,63.7,2.7
2023-10-28T13:00:00,-5.3,5.53,87.3,50.6,3.6
2023-10-28T14:00:00,-5.5,5.61,91.8,45.0,4.0
2023-10-28T15:00:00,-5.6,6.4,88.8,50.0,7.9
2023-10-28T16:00:00,-5.6,7.42,93.3,44.7,16.6
2023-10-28T17:00:00,-5.5,7.77,88.6,31.9,20.8
2023-10-28T18:00:00,-5.5,7.83,89.7,25.6,20.8
2023-10-28T19:00:00,-5.3,8.29,89.7,14.0,26.7
2023-10-28T20:00:00,-5.2,8.57,90.8,7.0,31.4
2023-10-28T21:00:00,-5.1,8.38,88.2,0.0,29.2
2023-10-28T22:00:00,-5.1,8.56,89.8,0.0,31.1
2023-10-28T23:00:00,-5.0,8.59,89.0,0.0,33.0
2023-10-29T00:00:00,-4.9,8.26,89.7,0.0,26.6
2023-10-29T01:00:00,-5.4,8.3,90.0,0.0,26.6
2023-10-29T02:00:00,-5.1,7.91,93.1,0.0,22.3
2023-10-29T03:00:00,-4.8,7.59,87.4,0.0,18.5
2023-10-29T04:00:00,-4.5,7.15,90.4,9.0,13.5
2023-10-29T05:00:00,-4.3,6.39,94.1,18.0,8.2
2023-10-29T06:00:00,-4.1,5.52,91.5,25.6,3.5
2023-10-29T07:00:00,-4.0,3.99,87.4,35.1,0.3
2023-10-29T08:00:00,-3.9,2.2,87.8,33.6,0.0
2023-10-29T09:00:00,-3.9,1.36,93.8,48.9,0.0
2023-10-29T10:00:00,-3.8,1.73,91.6,55.3,0.0
2023-10-29T11:00:00,-3.9,1.98,84.9,52.7,0.0
2023-10-29T12:00:00,-4.1,2.82,94.8,53.9,0.0
2023-10-29T13:00:00,-5.1,3.61,88.1,62.7,0.1
2023-10-29T14:00:00,-5.3,3.98,90.9,46.1,0.3
2023-10-29T15:00:00,-5.5,5.12,90.3,38.9,2.2
2023-10-29T16:00:00,-5.9,5.75,93.1,43.0,4.9
2023-10-29T17:00:00,-6.1,6.87,87.8,29.9,11.2
2023-10-29T18:00:00,-6.5,6.92,90.7,25.7,11.6
2023-10-29T19:00:00,-7.0,5.73,94.6,13.8,4.7
2023-10-29T20:00:00,-7.4,5.35,86.8,7.7,3.1
2023-10-29T21:00:00,-7.4,6.33,89.8,0.0,7.5
2023-10-29T22:00:00,-7.4,7.25,91.0,0.0,14.6
2023-10-29T23:00:00,-7.4,7.77,89.6,0.0,21.2
2023-10-30T00:00:00,-7.3,7.71,87.9,0.0,19.6
2023-10-30T01:00:00,-8.3,10.02,90.8,0.0,60.5
2023-10-30T02:00:00,-8.3,8.76,90.1,0.0,35.4
2023-10-30T03:00:00,-8.1,7.65,89.0,0.0,19.4
2023-10-30T04:00:00,-7.8,7.54,93.1,9.5,17.2
2023-10-30T05:00:00,-7.5,7.03,91.6,14.5,13.7
2023-10-30T06:00:00,-7.1,5.95,90.7,26.5,5.8
2023-10-30T07:00:00,-6.8,4.12,88.7,30.5,0.4
2023-10-30T08:00:00,-6.5,2.26,93.6,44.6,0.0
2023-10-30T09:00:00,-6.2,2.1,89.6,44.1,0.0
2023-10-30T10:00:00,-6.2,2.9,86.2,42.7,0.0
2023-10-30T11:00:00,-6.3,3.3,84.9,56.8,0.0
2023-10-30T12:00:00,-6.5,4.11,92.9,49.1,0.4
2023-10-30T13:00:00,-8.1,1.94,87.1,56.8,0.0
2023-10-30T14:00:00,-7.1,0.82,88.2,58.9,0.0
2023-10-30T15:00:00,-7.7,1.22,84.5,54.1,0.0
2023-10-30T16:00:00,-9.4,3.3,87.8,39.5,0.0
2023-10-30T17:00:00,-8.9,6.65,89.4,34.2,9.8
2023-10-30T18:00:00,-8.7,8.27,91.0,26.0,27.9
2023-10-30T19:00:00,-8.6,9.75,89.4,14.3,54.7
2023-10-30T20:00:00,-8.8,10.19,89.4,9.0,61.1
2023-10-30T21:00:00,-9.0,11.24,91.3,0.0,87.0
2023-10-30T22:00:00,-9.4,10.42,89.7,0.0,64.6
2023-10-30T23:00:00,-9.8,10.34,89.1,0.0,64.4
2023-10-31T00:00:00,-10.3,9.5,89.7,0.0,46.4
2023-10-31T01:00:00,-11.1,9.53,90.4,0.0,48.5
2023-10-31T02:00:00,-10.8,8.74,88.7,0.0,33.3
2023-10-31T03:00:00,-10.5,8.53,87.6,0.7,31.9
2023-10-31T04:00:00,-10.1,7.69,90.1,9.8,19.6
2023-10-31T05:00:00,-9.8,6.99,91.5,16.7,12.5
2023-10-31T06:00:00,-9.5,6.36,89.8,21.0,7.7
2023-10-31T07:00:00,-9.2,5.75,89.0,30.2,4.8
2023-10-31T08:00:00,-9.0,5.18,90.1,40.8,2.6
2023-10-31T09:00:00,-8.9,4.52,89.4,47.3,0.9
2023-10-31T10:00:00,-8.9,4.0,89.7,44.3,0.3
2023-10-31T11:00:00,-9.1,3.82,90.5,64.5,0.2
2023-10-31T12:00:00,-9.4,4.7,91.0,52.7,1.2
2023-10-31T13:00:00,-9.7,3.86,88.3,47.4,0.2
2023-10-31T14:00:00,-10.2,4.67,90.2,46.5,1.1
2023-10-31T15:00:00,-10.6,6.31,89.6,50.6,7.9
2023-10-31T16:00:00,-11.3,7.34,91.3,40.4,16.3
2023-10-31T17:00:00,-11.8,8.45,89.3,33.0,27.9
2023-10-31T18:00:00,-11.8,8.55,91.3,24.7,29.7
2023-10-31T19:00:00,-11.9,8.22,93.3,17.4,26.5
2023-10-31T20:00:00,-12.3,8.11,89.5,7.5,24.3
2023-10-31T21:00:00,-12.4,7.8,91.6,0.6,21.4
2023-10-31T22:00:00,-12.7,7.61,92.3,0.0,18.0
2023-10-31T23:00:00,-12.7,7.21,92.5,0.0,14.3
2023-11-01T00:00:00,-12.6,6.9,89.2,0.0,11.8
2023-11-01T01:00:00,-12.9,7.11,93.2,0.0,13.8
2023-11-01T02:00:00,-12.3,6.99,89.4,0.0,12.2
2023-11-01T03:00:00,-11.8,6.58,92.2,1.6,9.8
2023-11-01T04:00:00,-11.4,6.37,92.1,8.1,7.7
2023-11-01T05:00:00,-11.1,6.05,91.6,16.7,6.0
2023-11-01T06:00:00,-10.6,5.41,90.3,25.3,3.3
2023-11-01T07:00:00,-10.1,4.79,91.9,38.7,1.4
2023-11-01T08:00:00,-9.9,4.5,89.8,37.1,0.9
2023-11-01T09:00:00,-9.7,3.3,89.0,39.2,0.0
2023-11-01T10:00:00,-9.6,2.11,90.6,49.3,0.0
2023-11-01T11:00:00,-9.7,2.19,90.6,53.9,0.0
2023-11-01T12:00:00,-10.1,2.9,93.3,58.7,0.0
2023-11-01T13:00:00,-10.7,3.22,89.2,54.8,0.0
2023-11-01T14:00:00,-10.9,6.04,90.3,44.3,6.2
2023-11-01T15:00:00,-11.3,6.89,87.8,52.3,12.2
2023-11-01T16:00:00,-11.7,6.86,93.8,45.9,11.6
2023-11-01T17:00:00,-12.0,6.82,91.4,31.0,11.0
2023-11-01T18:00:00,-12.1,6.51,92.7,21.8,8.6
2023-11-01T19:00:00,-11.9,5.8,90.9,14.8,5.1
2023-11-01T20:00:00,-12.2,5.68,88.4,11.0,4.5
2023-11-01T21:00:00,-12.7,5.59,90.9,1.2,3.7
2023-11-01T22:00:00,-13.2,5.37,91.7,0.0,3.2
2023-11-01T23:00:00,-13.4,5.32,91.8,0.0,2.8
2023-11-02T00:00:00,-13.0,5.11,92.4,0.0,2.3
2023-11-02T01:00:00,-12.4,4.59,90.3,0.0,1.1
2023-11-02T02:00:00,-11.6,5.43,88.7,0.0,3.3
2023-11-02T03:00:00,-10.6,5.91,88.9,2.5,5.5
2023-11-02T04:00:00,-9.9,6.09,91.0,9.0,6.1
2023-11-02T05:00:00,-9.3,5.95,89.2,20.2,5.8
2023-11-02T06:00:00,-8.9,5.05,91.4,30.5,2.1
2023-11-02T07:00:00,-8.6,4.24,92.3,33.8,0.5
2023-11-02T08:00:00,-8.1,3.63,88.6,42.3,0.1
2023-11-02T09:00:00,-7.9,2.75,89.9,55.5,0.0
2023-11-02T10:00:00,-7.9,2.34,90.4,54.5,0.0
2023-11-02T11:00:00,-8.2,2.62,90.3,51.4,0.0
2023-11-02T12:00:00,-8.5,3.09,88.5,59.5,0.0
2023-11-02T13:00:00,-10.2,3.69,88.7,48.5,0.1
2023-11-02T14:00:00,-10.9,3.97,90.6,51.3,0.3
2023-11-02T15:00:00,-10.9,4.2,89.8,42.2,0.5
2023-11-02T16:00:00,-9.9,4.59,89.8,46.5,1.1
2023-11-02T17:00:00,-9.4,5.31,85.6,40.0,3.0
2023-11-02T18:00:00,-9.0,6.21,92.1,22.9,7.2
2023-11-02T19:00:00,-9.0,5.84,89.2,20.9,5.1
2023-11-02T20:00:00,-9.1,5.35,90.8,10.3,3.0
2023-11-02T21:00:00,-9.4,5.48,89.3,2.2,3.6
2023-11-02T22:00:00,-9.8,5.19,89.6,0.0,2.6
2023-11-02T23:00:00,-9.7,5.02,92.0,0.0,2.1
2023-11-03T00:00:00,-9.4,5.41,93.8,0.0,3.4
2023-11-03T01:00:00,-6.3,7.3,88.6,0.0,15.2
2023-11-03T02:00:00,-6.0,7.9,89.0,0.0,21.1
2023-11-03T03:00:00,-5.7,7.61,87.9,2.6,19.4
2023-11-03T04:00:00,-5.5,6.06,91.3,11.5,6.0
2023-11-03T05:00:00,-5.0,4.79,85.0,21.5,1.5
2023-11-03T06:00:00,-4.6,3.94,88.7,30.2,0.3
2023-11-03T07:00:00,-4.5,3.33,92.0,39.5,0.0
2023-11-03T08:00:00,-4.5,3.0,87.5,40.1,0.0
2023-11-03T09:00:00,-4.6,2.62,92.9,49.9,0.0
2023-11-03T10:00:00,-4.9,2.19,89.5,56.2,0.0
2023-11-03T11:00:00,-5.3,2.33,88.5,59.2,0.0
2023-11-03T12:00:00,-6.0,2.76,88.5,47.3,0.0
2023-11-03T13:00:00,-6.8,3.47,86.8,61.9,0.0
2023-11-03T14:00:00,-7.5,3.84,92.2,55.0,0.2
2023-11-03T15:00:00,-8.2,4.38,90.2,48.7,0.7
2023-11-03T16:00:00,-8.9,4.69,90.3,45.3,1.2
2023-11-03T17:00:00,-9.5,4.88,87.6,37.5,1.7
2023-11-03T18:00:00,-9.9,4.63,90.0,26.1,1.2
2023-11-03T19:00:00,-10.1,4.53,88.7,16.0,1.0
2023-11-03T20:00:00,-10.3,4.61,87.0,11.3,1.1
2023-11-03T21:00:00,-10.5,4.97,89.3,3.0,1.9
2023-11-03T22:00:00,-10.5,5.15,90.7,0.0,2.3
2023-11-03T23:00:00,-10.5,5.11,93.6,0.0,2.2
2023-11-04T00:00:00,-10.2,4.92,90.5,0.0,1.8
2023-11-04T01:00:00,-9.4,4.62,90.1,0.0,1.2
2023-11-04T02:00:00,-8.7,4.27,92.5,0.0,0.6
2023-11-04T03:00:00,-8.2,3.81,90.6,3.0,0.2
2023-11-04T04:00:00,-7.6,3.44,87.6,11.7,0.0
2023-11-04T05:00:00,-7.1,2.82,91.5,19.9,0.0
2023-11-04T06:00:00,-6.6,2.11,88.1,23.4,0.0
2023-11-04T07:00:00,-6.2,2.19,89.9,34.0,0.0
2023-11-04T08:00:00,-6.0,3.52,90.2,45.4,0.0
2023-11-04T09:00:00,-6.0,5.5,92.5,45.3,3.5
2023-11-04T10:00:00,-6.1,6.5,92.0,48.1,8.6
2023-11-04T11:00:00,-6.5,6.9,88.5,56.2,11.9
2023-11-04T12:00:00,-6.9,7.5,88.6,56.1,17.8
2023-11-04T13:00:00,-7.5,8.6,89.9,50.3,32.8
2023-11-04T14:00:00,-8.0,9.1,92.7,44.0,40.2
2023-11-04T15:00:00,-8.6,9.5,89.5,40.7,46.9
2023-11-04T16:00:00,-9.1,9.81,89.8,42.9,54.1
2023-11-04T17:00:00,-9.6,10.12,90.3,32.3,62.6
2023-11-04T18:00:00,-9.9,10.11,91.0,23.3,59.2
2023-11-04T19:00:00,-10.1,10.4,89.0,18.6,65.5
2023-11-04T20:00:00,-10.4,10.41,92.1,12.5,66.5
2023-11-04T21:00:00,-10.7,10.1,90.5,2.9,59.3
2023-11-04T22:00:00,-11.0,10.01,94.3,0.0,60.2
2023-11-04T23:00:00,-11.0,9.62,92.7,0.0,52.0
2023-11-05T00:00:00,-11.0,8.93,91.0,0.0,38.8
2023-11-05T01:00:00,-10.9,8.09,91.4,0.0,23.5
2023-11-05T02:00:00,-10.5,6.76,89.8,0.0,10.5
2023-11-05T03:00:00,-9.9,5.94,89.2,4.6,5.3
2023-11-05T04:00:00,-9.2,5.6,90.2,10.9,4.1
2023-11-05T05:00:00,-8.6,5.1,85.7,21.8,2.1
2023-11-05T06:00:00,-8.1,4.4,86.0,24.5,0.7
2023-11-05T07:00:00,-7.7,2.97,90.5,34.9,0.0
2023-11-05T08:00:00,-7.5,1.14,88.9,48.0,0.0
2023-11-05T09:00:00,-7.3,1.21,88.9,54.9,0.0
2023-11-05T10:00:00,-7.2,0.9,89.6,50.9,0.0
2023-11-05T11:00:00,-7.1,3.11,89.0,51.4,0.0
2023-11-05T12:00:00,-7.1,6.02,91.5,59.4,5.9
2023-11-05T13:00:00,-7.8,8.81,90.7,56.1,36.2
2023-11-05T14:00:00,-8.7,7.83,94.1,50.8,21.1
2023-11-05T15:00:00,-9.4,7.4,86.7,47.3,16.2
2023-11-05T16:00:00,-10.1,6.21,88.7,38.0,7.3
2023-11-05T17:00:00,-10.7,5.26,89.9,33.3,2.7
2023-11-05T18:00:00,-11.2,4.72,90.0,24.4,1.2
2023-11-05T19:00:00,-11.7,4.7,92.9,22.8,1.3
2023-11-05T20:00:00,-12.1,4.34,92.0,13.5,0.7
2023-11-05T21:00:00,-12.5,4.25,90.2,3.9,0.6
2023-11-05T22:00:00,-12.9,3.91,90.2,0.0,0.2
2023-11-05T23:00:00,-13.2,3.4,89.0,0.0,0.0
2023-11-06T00:00:00,-13.1,3.01,92.3,0.0,0.0
2023-11-06T01:00:00,-10.0,4.74,88.0,0.0,1.3
2023-11-06T02:00:00,-9.5,4.61,87.8,0.0,1.0
2023-11-06T03:00:00,-8.9,6.01,89.6,4.0,6.1
2023-11-06T04:00:00,-8.3,8.29,88.7,10.7,27.9
2023-11-06T05:00:00,-7.9,9.35,89.7,20.7,46.7
2023-11-06T06:00:00,-7.6,8.81,88.2,25.7,34.2
2023-11-06T07:00:00,-7.4,7.97,89.8,38.7,24.1
2023-11-06T08:00:00,-7.2,6.99,90.2,47.8,13.0
2023-11-06T09:00:00,-7.1,5.44,90.6,52.5,3.5
2023-11-06T10:00:00,-7.2,3.44,90.3,61.3,0.0
2023-11-06T11:00:00,-7.3,1.36,88.1,57.4,0.0
2023-11-06T12:00:00,-7.3,2.31,88.3,55.4,0.0
2023-11-06T13:00:00,-7.3,5.45,89.9,61.6,3.2
2023-11-06T14:00:00,-7.8,8.2,91.7,56.5,26.3
2023-11-06T15:00:00,-8.2,7.85,89.7,51.1,21.3
2023-11-06T16:00:00,-8.7,8.35,91.3,39.0,26.6
2023-11-06T17:00:00,-8.9,8.42,88.8,34.8,27.8
2023-11-06T18:00:00,-9.1,8.6,91.8,24.5,30.1
2023-11-06T19:00:00,-9.2,8.41,89.6,18.6,28.2
2023-11-06T20:00:00,-9.4,8.34,88.6,13.6,26.8
2023-11-06T21:00:00,-9.7,8.26,94.0,5.2,27.3
2023-11-06T22:00:00,-11.1,8.16,91.5,0.0,25.5
2023-11-06T23:00:00,-11.2,8.25,91.3,0.0,26.6
2023-11-07T00:00:00,-11.1,8.3,89.5,0.0,26.5
2023-11-07T01:00:00,-9.9,8.46,91.2,0.0,29.7
2023-11-07T02:00:00,-9.5,7.43,92.1,0.0,16.6
2023-11-07T03:00:00,-8.9,6.61,90.8,4.5,9.8
2023-11-07T04:00:00,-8.4,6.06,90.4,11.6,6.4
2023-11-07T05:00:00,-7.8,6.17,92.2,22.8,6.7
2023-11-07T06:00:00,-7.3,6.77,92.2,32.8,11.3
2023-11-07T07:00:00,-7.6,6.87,85.9,32.2,11.5
2023-11-07T08:00:00,-7.2,7.02,92.9,38.5,12.5
2023-11-07T09:00:00,-7.0,6.74,87.2,43.1,11.1
2023-11-07T10:00:00,-6.9,6.31,90.7,63.7,7.6
2023-11-07T11:00:00,-7.1,6.05,92.1,53.1,6.2
2023-11-07T12:00:00,-7.5,6.13,90.2,58.1,6.7
2023-11-07T13:00:00,-6.5,5.26,91.8,50.9,2.6
2023-11-07T14:00:00,-6.8,5.54,86.6,55.2,3.6
2023-11-07T15:00:00,-7.1,6.44,91.6,42.8,8.8
2023-11-07T16:00:00,-7.3,6.64,88.2,40.4,9.8
2023-11-07T17:00:00,-7.2,6.71,87.8,41.1,10.6
2023-11-07T18:00:00,-6.9,7.4,89.3,28.5,17.0
2023-11-07T19:00:00,-6.8,6.8,91.2,20.8,11.2
2023-11-07T20:00:00,-6.6,6.4,92.1,13.1,8.1
2023-11-07T21:00:00,-6.9,5.35,89.1,5.5,3.0
2023-11-07T22:00:00,-7.4,4.9,88.0,0.0,1.8
2023-11-07T23:00:00,-7.8,4.48,90.0,0.0,0.9
2023-11-08T00:00:00,-7.9,4.25,93.7,0.0,0.6
2023-11-08T01:00:00,-7.2,4.49,87.3,0.0,0.9
2023-11-08T02:00:00,-6.6,4.9,90.4,0.0,1.7
2023-11-08T03:00:00,-6.2,6.2,90.6,6.4,7.3
2023-11-08T04:00:00,-5.5,7.18,88.7,15.2,13.7
2023-11-08T05:00:00,-5.1,7.28,85.3,24.0,15.4
2023-11-08T06:00:00,-4.9,7.5,88.1,26.7,17.8
2023-11-08T07:00:00,-4.7,6.58,90.5,35.6,9.2
2023-11-08T08:00:00,-4.6,6.32,89.4,40.8,7.6
2023-11-08T09:00:00,-4.5,6.13,89.9,56.6,6.4
2023-11-08T10:00:00,-4.4,6.14,90.3,54.9,6.7
2023-11-08T11:00:00,-4.6,5.96,87.0,57.4,5.7
2023-11-08T12:00:00,-4.9,6.6,86.5,60.9,10.0
2023-11-08T13:00:00,-5.6,8.68,84.4,59.7,31.2
2023-11-08T14:00:00,-5.6,7.96,91.2,55.5,22.4
2023-11-08T15:00:00,-5.6,7.92,87.9,49.2,23.3
2023-11-08T16:00:00,-5.7,7.71,87.5,37.7,19.1
2023-11-08T17:00:00,-5.8,7.46,93.5,39.9,17.1
2023-11-08T18:00:00,-6.0,7.79,90.1,27.3,21.2
2023-11-08T19:00:00,-6.5,8.49,87.0,20.2,30.2
2023-11-08T20:00:00,-6.6,8.93,90.1,13.9,38.3
2023-11-08T21:00:00,-6.5,8.88,89.8,6.1,35.0
2023-11-08T22:00:00,-6.5,8.71,89.5,0.0,32.5
2023-11-08T23:00:00,-6.3,9.08,87.5,0.0,41.1
2023-11-09T00:00:00,-6.1,9.01,88.0,0.0,38.2
2023-11-09T01:00:00,-6.5,9.43,89.6,0.0,46.9
2023-11-09T02:00:00,-6.1,9.17,88.1,0.0,40.7
2023-11-09T03:00:00,-5.8,8.97,88.4,7.1,38.0
2023-11-09T04:00:00,-5.6,8.96,90.3,12.2,36.2
2023-11-09T05:00:00,-5.5,9.43,86.7,19.9,46.8
2023-11-09T06:00:00,-5.3,9.23,87.0,30.3,43.8
2023-11-09T07:00:00,-5.1,9.0,91.7,41.8,36.4
2023-11-09T08:00:00,-4.8,8.75,91.2,50.1,35.2
2023-11-09T09:00:00,-4.7,8.95,93.8,51.0,38.1
2023-11-09T10:00:00,-4.7,7.96,89.5,52.6,22.3
2023-11-09T11:00:00,-4.9,7.22,89.6,52.5,15.4
2023-11-09T12:00:00,-5.0,7.41,89.6,52.9,17.2
2023-11-09T13:00:00,-5.1,7.18,87.5,54.0,14.9
2023-11-09T14:00:00,-5.1,7.38,87.1,61.1,16.2
2023-11-09T15:00:00,-5.2,6.36,88.3,41.9,7.8
2023-11-09T16:00:00,-5.3,5.25,93.8,47.2,2.7
2023-11-09T17:00:00,-5.4,5.32,90.1,34.0,2.9
2023-11-09T18:00:00,-5.3,6.22,91.2,28.6,6.8
2023-11-09T19:00:00,-5.3,7.55,86.6,17.6,18.2
2023-11-09T20:00:00,-5.4,7.84,87.6,15.4,21.4
2023-11-09T21:00:00,-5.5,7.51,88.5,6.3,16.8
2023-11-09T22:00:00,-5.7,6.85,87.7,0.0,12.1
2023-11-09T23:00:00,-5.7,6.52,90.0,0.0,9.1
2023-11-10T00:00:00,-5.5,6.74,89.0,0.0,10.4
2023-11-10T01:00:00,-6.0,6.18,92.5,0.0,6.6
2023-11-10T02:00:00,-5.9,4.95,90.4,0.0,1.8
2023-11-10T03:00:00,-5.6,4.02,88.1,6.4,0.3
2023-11-10T04:00:00,-5.0,3.75,89.7,14.6,0.1
2023-11-10T05:00:00,-4.3,2.94,87.5,19.6,0.0
2023-11-10T06:00:00,-3.8,1.81,91.5,28.7,0.0
2023-11-10T07:00:00,-3.3,1.13,88.6,39.4,0.0
2023-11-10T08:00:00,-2.9,1.91,89.1,48.8,0.0
2023-11-10T09:00:00,-2.8,2.12,89.2,59.5,0.0
2023-11-10T10:00:00,-2.8,2.08,91.9,56.8,0.0
2023-11-10T11:00:00,-2.9,3.14,87.9,52.0,0.0
2023-11-10T12:00:00,-3.3,4.21,88.9,58.5,0.5
2023-11-10T13:00:00,-4.6,4.49,91.1,57.5,0.8
2023-11-10T14:00:00,-5.2,5.89,93.2,45.7,5.5
2023-11-10T15:00:00,-5.6,4.32,88.4,47.3,0.7
2023-11-10T16:00:00,-5.8,4.3,86.5,41.6,0.6
2023-11-10T17:00:00,-5.6,6.04,88.1,35.7,5.8
2023-11-10T18:00:00,-5.7,7.42,90.0,31.2,17.2
2023-11-10T19:00:00,-5.9,6.1,92.0,18.0,6.3
2023-11-10T20:00:00,-6.0,5.73,90.2,15.0,4.6
2023-11-10T21:00:00,-6.1,6.21,91.3,7.9,7.1
2023-11-10T22:00:00,-6.2,6.42,88.6,0.0,8.6
2023-11-10T23:00:00,-6.2,6.79,94.4,0.0,10.6
2023-11-11T00:00:00,-6.1,6.48,87.3,0.0,9.2
2023-11-11T01:00:00,-6.2,9.0,89.6,0.0,38.1
2023-11-11T02:00:00,-6.1,8.39,90.0,0.6,29.5
2023-11-11T03:00:00,-5.7,8.04,88.1,7.8,22.6
2023-11-11T04:00:00,-5.3,10.06,91.3,13.1,61.3
2023-11-11T05:00:00,-5.3,14.51,92.0,20.7,109.1
2023-11-11T06:00:00,-5.4,15.81,91.9,27.3,115.7
2023-11-11T07:00:00,-5.4,15.43,87.9,43.9,113.7
2023-11-11T08:00:00,-5.4,13.62,90.2,41.9,117.6
2023-11-11T09:00:00,-5.3,12.11,88.6,50.4,118.8
2023-11-11T10:00:00,-5.2,11.19,91.9,46.4,85.8
2023-11-11T11:00:00,-5.0,10.86,91.0,67.4,80.5
2023-11-11T12:00:00,-5.0,11.03,91.7,70.1,82.6
2023-11-11T13:00:00,-5.1,9.41,86.5,53.5,46.6
2023-11-11T14:00:00,-5.2,7.86,90.1,47.1,20.6
2023-11-11T15:00:00,-5.3,6.56,87.6,44.2,9.5
2023-11-11T16:00:00,-5.4,5.68,89.0,39.4,4.4
2023-11-11T17:00:00,-5.6,5.88,90.3,31.6,5.0
2023-11-11T18:00:00,-5.8,6.36,89.8,29.2,8.1
2023-11-11T19:00:00,-5.5,6.93,89.5,23.5,12.3
2023-11-11T20:00:00,-5.6,6.74,93.7,16.7,10.2
2023-11-11T21:00:00,-5.6,8.86,90.8,6.3,35.4
2023-11-11T22:00:00,-5.7,6.36,96.7,0.5,7.6
2023-11-11T23:00:00,-5.6,5.2,90.4,0.0,2.5
2023-11-12T00:00:00,-5.6,5.89,86.7,0.0,5.3
2023-11-12T01:00:00,-6.0,7.21,86.5,0.0,13.9
2023-11-12T02:00:00,-6.1,7.18,89.9,1.3,14.2
2023-11-12T03:00:00,-5.9,7.27,91.4,8.7,15.1
2023-11-12T04:00:00,-5.7,7.34,92.8,16.4,15.1
2023-11-12T05:00:00,-5.4,7.41,87.6,19.2,16.6
2023-11-12T06:00:00,-5.1,8.34,90.3,31.6,26.5
2023-11-12T07:00:00,-5.0,8.99,87.3,40.1,36.8
2023-11-12T08:00:00,-4.9,8.13,88.3,45.7,24.1
2023-11-12T09:00:00,-4.8,6.93,92.1,51.0,12.2
2023-11-12T10:00:00,-4.9,7.01,92.7,53.7,13.1
2023-11-12T11:00:00,-5.0,7.23,85.5,61.7,15.4
2023-11-12T12:00:00,-5.1,7.17,92.4,52.5,14.1
2023-11-12T13:00:00,-5.2,8.99,92.6,55.6,38.3
2023-11-12T14:00:00,-5.2,7.86,89.5,59.0,21.0
2023-11-12T15:00:00,-5.2,9.51,90.6,43.9,47.1
2023-11-12T16:00:00,-5.4,9.76,91.0,51.6,52.3
2023-11-12T17:00:00,-5.4,8.78,86.2,39.8,34.6
2023-11-12T18:00:00,-5.5,8.59,89.7,29.9,32.0
2023-11-12T19:00:00,-6.1,7.57,86.7,22.3,18.9
2023-11-12T20:00:00,-6.5,7.28,89.7,14.5,15.2
2023-11-12T21:00:00,-6.6,7.18,88.0,7.5,15.0
2023-11-12T22:00:00,-6.6,6.84,87.1,1.2,11.6
2023-11-12T23:00:00,-6.6,6.63,90.7,0.0,9.3
2023-11-13T00:00:00,-6.5,6.23,88.1,0.0,7.0
2023-11-13T01:00:00,-6.8,5.77,90.7,0.0,4.6
2023-11-13T02:00:00,-6.4,5.15,92.7,1.9,2.4
2023-11-13T03:00:00,-5.6,4.75,91.1,8.3,1.4
2023-11-13T04:00:00,-5.0,4.37,91.9,17.0,0.7
2023-11-13T05:00:00,-4.3,3.52,92.4,20.6,0.1
2023-11-13T06:00:00,-3.7,2.47,91.2,25.8,0.0
2023-11-13T07:00:00,-3.2,1.77,91.9,35.2,0.0
2023-11-13T08:00:00,-2.9,1.52,89.2,43.4,0.0
2023-11-13T09:00:00,-2.6,2.2,90.7,46.6,0.0
2023-11-13T10:00:00,-2.5,3.0,91.3,56.5,0.0
2023-11-13T11:00:00,-2.5,3.64,90.7,54.6,0.1
2023-11-13T12:00:00,-2.7,4.08,87.8,64.5,0.4
2023-11-13T13:00:00,-3.2,5.0,91.2,54.3,1.9
2023-11-13T14:00:00,-3.2,5.02,88.0,66.4,2.1
2023-11-13T15:00:00,-3.5,5.54,87.9,51.2,3.8
2023-11-13T16:00:00,-3.6,6.04,88.7,47.1,6.2
2023-11-13T17:00:00,-3.8,6.61,90.0,35.5,10.2
2023-11-13T18:00:00,-3.7,7.03,87.2,34.7,12.4
2023-11-13T19:00:00,-4.0,7.13,88.7,23.6,13.2
2023-11-13T20:00:00,-4.0,7.13,86.5,15.9,13.3
2023-11-13T21:00:00,-3.9,7.11,91.9,8.8,13.6
2023-11-13T22:00:00,-4.1,7.1,86.0,1.7,13.8
2023-11-13T23:00:00,-4.5,6.9,90.3,0.0,11.5
2023-11-14T00:00:00,-4.6,6.8,95.2,0.0,10.9
2023-11-14T01:00:00,-4.4,7.81,91.3,0.0,21.0
2023-11-14T02:00:00,-4.3,6.74,90.3,2.3,11.1
2023-11-14T03:00:00,-4.0,5.39,89.2,9.3,3.1
2023-11-14T04:00:00,-3.7,3.94,91.9,13.8,0.2
2023-11-14T05:00:00,-3.2,2.56,86.9,22.1,0.0
2023-11-14T06:00:00,-2.9,2.02,90.3,26.1,0.0
2023-11-14T07:00:00,-2.9,0.78,86.3,40.7,0.0
2023-11-14T08:00:00,-2.8,0.5,93.1,48.7,0.0
2023-11-14T09:00:00,-2.8,1.1,89.3,50.5,0.0
2023-11-14T10:00:00,-2.9,1.92,87.0,65.9,0.0
2023-11-14T11:00:00,-3.1,2.94,86.6,69.0,0.0
2023-11-14T12:00:00,-3.8,3.61,90.9,66.2,0.1
2023-11-14T13:00:00,-4.3,2.91,92.6,56.9,0.0
2023-11-14T14:00:00,-4.3,2.64,93.2,62.7,0.0
2023-11-14T15:00:00,-5.4,3.16,88.5,49.2,0.0
2023-11-14T16:00:00,-6.7,2.68,91.7,44.1,0.0
2023-11-14T17:00:00,-7.3,2.62,91.6,35.7,0.0
2023-11-14T18:00:00,-7.4,3.44,89.9,34.2,0.0
2023-11-14T19:00:00,-6.4,4.84,89.5,22.0,1.6
2023-11-14T20:00:00,-6.0,7.7,88.3,18.2,19.7
2023-11-14T21:00:00,-6.4,8.11,91.5,8.9,25.1
2023-11-14T22:00:00,-6.4,7.93,89.5,2.2,22.7
2023-11-14T23:00:00,-6.3,7.65,91.8,0.0,19.7
2023-11-15T00:00:00,-5.8,7.71,92.2,0.0,20.7
2023-11-15T01:00:00,-5.9,5.7,90.3,0.0,4.6
2023-11-15T02:00:00,-4.7,5.26,91.5,3.4,2.7
2023-11-15T03:00:00,-4.1,6.32,91.1,10.1,8.1
2023-11-15T04:00:00,-3.8,6.04,89.1,16.5,6.2
2023-11-15T05:00:00,-3.4,4.75,91.8,27.0,1.3
2023-11-15T06:00:00,-2.8,4.25,90.9,33.4,0.5
2023-11-15T07:00:00,-2.5,4.66,90.1,35.5,1.2
2023-11-15T08:00:00,-2.4,4.71,89.2,38.1,1.2
2023-11-15T09:00:00,-2.4,4.3,92.6,57.6,0.6
2023-11-15T10:00:00,-2.5,3.51,90.8,54.3,0.1
2023-11-15T11:00:00,-2.9,2.84,85.5,61.8,0.0
2023-11-15T12:00:00,-3.3,2.95,91.9,56.1,0.0
2023-11-15T13:00:00,-3.7,3.9,92.5,57.0,0.2
2023-11-15T14:00:00,-4.4,3.82,89.9,47.6,0.2
2023-11-15T15:00:00,-5.2,4.25,88.9,50.4,0.6
2023-11-15T16:00:00,-5.9,4.85,88.6,45.6,1.6
2023-11-15T17:00:00,-6.1,5.97,88.7,44.6,5.5
2023-11-15T18:00:00,-6.3,6.42,88.2,35.4,8.5
2023-11-15T19:00:00,-6.6,6.9,89.1,24.2,11.4
2023-11-15T20:00:00,-6.8,7.1,94.5,17.9,13.0
2023-11-15T21:00:00,-7.0,7.4,88.4,8.6,17.4
2023-11-15T22:00:00,-7.3,6.9,89.7,2.7,11.9
2023-11-15T23:00:00,-7.2,6.91,92.5,0.0,12.0
2023-11-16T00:00:00,-7.3,6.43,87.6,0.0,8.3
2023-11-16T01:00:00,-7.3,7.88,90.0,0.0,20.9
2023-11-16T02:00:00,-7.3,7.68,92.6,3.6,19.4
2023-11-16T03:00:00,-7.1,7.02,88.1,8.2,13.4
2023-11-16T04:00:00,-6.9,6.4,91.3,18.3,8.4
2023-11-16T05:00:00,-6.7,5.57,87.9,23.2,3.8
2023-11-16T06:00:00,-6.4,5.1,90.1,32.1,2.2
2023-11-16T07:00:00,-6.2,4.07,91.8,40.3,0.4
2023-11-16T08:00:00,-6.1,2.87,92.6,40.0,0.0
2023-11-16T09:00:00,-6.1,2.44,92.1,60.8,0.0
2023-11-16T10:00:00,-6.2,2.76,90.5,63.2,0.0
2023-11-16T11:00:00,-6.2,2.83,85.0,56.9,0.0
2023-11-16T12:00:00,-6.4,2.75,92.9,59.6,0.0
2023-11-16T13:00:00,-6.7,2.33,89.5,59.4,0.0
2023-11-16T14:00:00,-7.2,3.22,87.8,67.3,0.0
2023-11-16T15:00:00,-7.8,3.13,92.5,52.2,0.0
2023-11-16T16:00:00,-8.4,3.16,90.4,46.4,0.0
2023-11-16T17:00:00,-9.0,3.86,89.8,44.5,0.2
2023-11-16T18:00:00,-9.4,4.3,90.3,28.8,0.6
2023-11-16T19:00:00,-8.8,3.93,86.3,21.7,0.2
2023-11-16T20:00:00,-8.6,3.83,92.5,14.5,0.2
2023-11-16T21:00:00,-8.9,3.83,91.9,9.2,0.2
2023-11-16T22:00:00,-8.6,4.03,88.7,3.6,0.3
2023-11-16T23:00:00,-7.9,4.9,89.9,0.0,1.8
2023-11-17T00:00:00,-7.9,5.4,89.7,0.0,3.3
2023-11-17T01:00:00,-7.5,7.24,93.9,0.0,15.5
2023-11-17T02:00:00,-7.2,6.82,89.3,4.6,11.7
2023-11-17T03:00:00,-7.1,6.48,88.4,10.5,9.1
2023-11-17T04:00:00,-6.7,5.76,90.3,15.8,4.7
2023-11-17T05:00:00,-6.3,5.34,90.1,23.0,3.1
2023-11-17T06:00:00,-6.0,4.98,88.5,35.8,1.8
2023-11-17T07:00:00,-5.7,4.11,88.4,43.0,0.4
2023-11-17T08:00:00,-5.4,3.14,92.3,51.0,0.0
2023-11-17T09:00:00,-5.3,2.12,86.6,54.5,0.0
2023-11-17T10:00:00,-5.2,1.7,90.9,57.9,0.0
2023-11-17T11:00:00,-5.3,1.8,88.9,64.5,0.0
2023-11-17T12:00:00,-5.8,2.3,87.7,70.8,0.0
2023-11-17T13:00:00,-5.8,0.7,87.2,64.3,0.0
2023-11-17T14:00:00,-7.1,1.63,90.1,63.9,0.0
2023-11-17T15:00:00,-8.5,3.4,93.0,52.1,0.0
2023-11-17T16:00:00,-10.2,4.04,91.1,41.5,0.3
2023-11-17T17:00:00,-10.8,4.28,89.1,35.7,0.6
2023-11-17T18:00:00,-11.0,4.19,88.6,30.3,0.5
2023-11-17T19:00:00,-11.0,4.12,88.0,26.1,0.4
2023-11-17T20:00:00,-11.0,4.03,92.0,15.8,0.3
2023-11-17T21:00:00,-10.8,4.57,92.1,8.6,1.1
2023-11-17T22:00:00,-10.4,5.3,89.1,3.8,2.8
2023-11-17T23:00:00,-10.1,5.71,91.5,0.0,4.5
2023-11-18T00:00:00,-9.7,6.24,92.0,0.0,6.9
2023-11-18T01:00:00,-9.0,7.46,87.0,0.0,17.2
2023-11-18T02:00:00,-8.4,7.46,93.5,3.9,16.8
2023-11-18T03:00:00,-7.7,6.82,86.9,10.2,11.9
2023-11-18T04:00:00,-7.1,6.24,93.7,18.5,6.9
2023-11-18T05:00:00,-6.6,5.79,88.4,26.2,4.7
2023-11-18T06:00:00,-6.2,4.97,87.9,26.6,1.9
2023-11-18T07:00:00,-5.9,4.49,91.6,36.4,0.9
2023-11-18T08:00:00,-5.6,3.86,90.5,44.6,0.2
2023-11-18T09:00:00,-5.5,3.18,92.0,59.3,0.0
2023-11-18T10:00:00,-5.4,2.6,94.0,63.2,0.0
2023-11-18T11:00:00,-5.6,2.4,91.0,67.3,0.0
2023-11-18T12:00:00,-5.9,2.51,92.3,72.2,0.0
2023-11-18T13:00:00,-6.6,3.05,88.7,68.3,0.0
2023-11-18T14:00:00,-8.1,3.61,91.2,62.0,0.1
2023-11-18T15:00:00,-8.8,3.76,91.2,53.9,0.1
2023-11-18T16:00:00,-8.4,4.46,91.6,45.7,0.9
2023-11-18T17:00:00,-8.6,5.08,90.2,32.9,2.3
2023-11-18T18:00:00,-8.8,5.97,90.9,35.3,5.8
2023-11-18T19:00:00,-9.1,6.54,90.3,22.5,9.4
2023-11-18T20:00:00,-9.4,6.65,90.8,14.4,10.3
2023-11-18T21:00:00,-9.5,6.4,85.2,11.9,8.6
2023-11-18T22:00:00,-9.6,6.04,91.3,4.4,6.3
2023-11-18T23:00:00,-9.5,6.02,87.7,0.0,6.2
2023-11-19T00:00:00,-9.2,6.3,91.4,0.0,7.3
2023-11-19T01:00:00,-8.9,7.11,88.9,0.3,13.2
2023-11-19T02:00:00,-8.5,7.13,87.1,4.8,14.3
2023-11-19T03:00:00,-8.0,6.91,91.1,12.3,12.1
2023-11-19T04:00:00,-7.4,5.89,87.5,17.5,5.2
2023-11-19T05:00:00,-6.9,5.54,94.1,28.3,3.9
2023-11-19T06:00:00,-6.5,5.1,89.9,33.5,2.2
2023-11-19T07:00:00,-6.3,4.3,91.8,42.9,0.6
2023-11-19T08:00:00,-6.0,3.81,88.6,47.1,0.2
2023-11-19T09:00:00,-5.8,3.42,88.2,48.1,0.0
2023-11-19T10:00:00,-5.8,2.81,86.7,58.3,0.0
2023-11-19T11:00:00,-5.8,2.47,89.7,61.6,0.0
2023-11-19T12:00:00,-6.1,2.5,88.1,52.9,0.0
2023-11-19T13:00:00,-6.5,3.59,90.7,57.8,0.1
2023-11-19T14:00:00,-7.1,5.0,89.4,53.9,2.0
2023-11-19T15:00:00,-7.9,5.26,87.5,49.1,2.7
2023-11-19T16:00:00,-8.6,5.56,87.9,53.6,4.0
2023-11-19T17:00:00,-9.2,6.02,92.3,33.4,6.1
2023-11-19T18:00:00,-9.7,5.83,88.8,36.5,4.9
2023-11-19T19:00:00,-10.1,5.39,89.8,21.8,3.2
2023-11-19T20:00:00,-10.5,5.26,92.2,17.6,2.6
2023-11-19T21:00:00,-10.9,5.12,92.5,11.1,2.2
2023-11-19T22:00:00,-11.2,4.96,93.6,5.5,1.9
2023-11-19T23:00:00,-11.1,4.71,92.2,0.4,1.4
2023-11-20T00:00:00,-10.6,4.79,90.8,0.0,1.4
2023-11-20T01:00:00,-9.4,4.9,89.0,0.8,1.7
2023-11-20T02:00:00,-9.0,4.64,89.1,5.0,1.1
2023-11-20T03:00:00,-8.6,5.41,89.8,10.1,3.2
2023-11-20T04:00:00,-8.1,5.69,90.3,18.0,4.4
2023-11-20T05:00:00,-7.7,5.23,87.4,28.4,2.7
2023-11-20T06:00:00,-7.3,4.41,88.2,29.6,0.8
2023-11-20T07:00:00,-7.1,3.44,89.2,43.7,0.0
2023-11-20T08:00:00,-6.9,2.66,93.0,41.7,0.0
2023-11-20T09:00:00,-6.8,2.25,88.9,58.2,0.0
2023-11-20T10:00:00,-6.7,2.56,88.1,62.0,0.0
2023-11-20T11:00:00,-6.7,2.82,91.6,54.2,0.0
2023-11-20T12:00:00,-6.9,2.85,89.8,62.2,0.0
2023-11-20T13:00:00,-5.9,0.42,90.4,66.7,0.0
2023-11-20T14:00:00,-6.2,0.57,86.3,57.9,0.0
2023-11-20T15:00:00,-8.1,1.9,90.9,57.0,0.0
2023-11-20T16:00:00,-8.4,4.47,91.0,48.7,0.8
2023-11-20T17:00:00,-8.7,6.33,90.7,33.3,7.9
2023-11-20T18:00:00,-8.7,6.96,90.4,28.4,11.8
2023-11-20T19:00:00,-8.5,6.51,90.9,24.4,8.8
2023-11-20T20:00:00,-7.6,6.59,92.5,14.9,9.4
2023-11-20T21:00:00,-7.2,7.24,90.4,10.5,14.6
2023-11-20T22:00:00,-7.2,7.33,92.0,4.7,16.6
2023-11-20T23:00:00,-7.1,7.2,91.3,1.0,14.5
2023-11-21T00:00:00,-7.1,6.85,88.0,0.0,11.1
2023-11-21T01:00:00,-7.3,4.6,90.3,1.5,1.1
2023-11-21T02:00:00,-7.2,3.37,87.8,5.1,0.0
2023-11-21T03:00:00,-7.0,2.92,91.3,9.3,0.0
2023-11-21T04:00:00,-6.6,2.56,87.4,17.3,0.0
2023-11-21T05:00:00,-6.0,1.94,88.8,22.8,0.0
2023-11-21T06:00:00,-5.6,0.94,88.8,28.1,0.0
2023-11-21T07:00:00,-5.3,1.12,91.6,37.0,0.0
2023-11-21T08:00:00,-5.2,2.06,89.7,55.1,0.0
2023-11-21T09:00:00,-5.2,2.46,90.2,44.7,0.0
2023-11-21T10:00:00,-5.3,2.59,88.1,54.5,0.0
2023-11-21T11:00:00,-5.4,2.64,88.5,62.0,0.0
2023-11-21T12:00:00,-5.7,2.75,86.3,55.4,0.0
2023-11-21T13:00:00,-6.2,2.66,88.0,69.2,0.0
2023-11-21T14:00:00,-6.8,2.44,90.3,55.8,0.0
2023-11-21T15:00:00,-7.7,2.12,89.6,46.3,0.0
2023-11-21T16:00:00,-8.7,1.82,88.5,46.0,0.0
2023-11-21T17:00:00,-9.6,1.97,91.3,45.4,0.0
2023-11-21T18:00:00,-10.2,2.56,87.0,28.0,0.0
2023-11-21T19:00:00,-10.8,2.83,90.9,24.9,0.0
2023-11-21T20:00:00,-11.3,3.14,89.7,18.5,0.0
2023-11-21T21:00:00,-11.7,3.22,89.3,9.3,0.0
2023-11-21T22:00:00,-11.8,3.11,88.8,5.9,0.0
2023-11-21T23:00:00,-11.5,2.88,91.7,1.7,0.0
2023-11-22T00:00:00,-11.0,2.39,90.8,0.2,0.0
2023-11-22T01:00:00,-9.6,2.6,90.1,2.1,0.0
2023-11-22T02:00:00,-8.9,1.81,90.9,6.7,0.0
2023-11-22T03:00:00,-8.1,1.6,91.6,11.9,0.0
2023-11-22T04:00:00,-7.6,1.51,88.0,16.4,0.0
2023-11-22T05:00:00,-7.1,1.42,86.2,29.4,0.0
2023-11-22T06:00:00,-6.8,1.52,88.9,37.1,0.0
2023-11-22T07:00:00,-6.7,1.33,91.4,41.1,0.0
2023-11-22T08:00:00,-6.7,1.08,89.2,42.4,0.0
2023-11-22T09:00:00,-6.6,0.91,89.6,63.0,0.0
2023-11-22T10:00:00,-6.5,0.92,91.9,67.3,0.0
2023-11-22T11:00:00,-6.4,0.94,88.3,54.4,0.0
2023-11-22T12:00:00,-6.4,1.17,90.1,56.8,0.0
2023-11-22T13:00:00,-6.6,0.63,93.6,62.2,0.0
2023-11-22T14:00:00,-7.2,1.57,88.1,68.3,0.0
2023-11-22T15:00:00,-7.8,2.0,91.1,45.3,0.0
2023-11-22T16:00:00,-8.7,1.92,90.2,49.1,0.0
2023-11-22T17:00:00,-9.8,2.52,92.7,43.4,0.0
2023-11-22T18:00:00,-10.7,3.14,92.7,37.2,0.0
2023-11-22T19:00:00,-11.6,3.2,90.2,29.3,0.0
2023-11-22T20:00:00,-12.6,3.4,95.2,21.0,0.0
2023-11-22T21:00:00,-13.2,3.39,93.0,10.3,0.0
2023-11-22T22:00:00,-13.7,3.41,93.2,5.5,0.0
2023-11-22T23:00:00,-13.6,3.06,91.4,1.9,0.0
2023-11-23T00:00:00,-13.2,2.56,94.5,0.9,0.0
2023-11-23T01:00:00,-12.5,2.05,91.3,2.7,0.0
2023-11-23T02:00:00,-11.4,1.36,91.8,6.6,0.0
2023-11-23T03:00:00,-10.6,0.9,89.0,11.7,0.0
2023-11-23T04:00:00,-10.0,0.72,92.4,21.5,0.0
2023-11-23T05:00:00,-9.4,0.81,90.1,23.6,0.0
2023-11-23T06:00:00,-8.8,1.21,86.8,32.2,0.0
2023-11-23T07:00:00,-8.6,1.93,90.1,47.2,0.0
2023-11-23T08:00:00,-8.4,1.78,91.3,41.5,0.0
2023-11-23T09:00:00,-8.2,1.42,94.4,57.7,0.0
2023-11-23T10:00:00,-8.0,1.56,93.6,58.4,0.0
2023-11-23T11:00:00,-8.0,1.86,91.3,60.2,0.0
2023-11-23T12:00:00,-8.0,2.05,91.3,54.5,0.0
2023-11-23T13:00:00,-7.9,1.6,88.3,55.7,0.0
2023-11-23T14:00:00,-8.4,1.2,90.2,57.5,0.0
2023-11-23T15:00:00,-7.8,0.8,86.2,53.4,0.0
2023-11-23T16:00:00,-9.7,1.34,92.5,40.3,0.0
2023-11-23T17:00:00,-11.1,3.05,89.8,34.9,0.0
2023-11-23T18:00:00,-12.3,3.61,91.3,35.3,0.1
2023-11-23T19:00:00,-12.9,3.82,89.7,25.2,0.2
2023-11-23T20:00:00,-13.5,4.03,91.2,20.3,0.3
2023-11-23T21:00:00,-13.8,4.1,89.5,10.6,0.4
2023-11-23T22:00:00,-13.9,4.24,95.0,6.5,0.6
2023-11-23T23:00:00,-13.5,4.17,91.4,2.7,0.4
2023-11-24T00:00:00,-13.0,3.96,86.8,1.4,0.3
2023-11-24T01:00:00,-11.3,2.9,88.2,2.6,0.0
2023-11-24T02:00:00,-10.1,1.78,90.0,6.5,0.0
2023-11-24T03:00:00,-8.9,1.24,89.4,10.3,0.0
2023-11-24T04:00:00,-7.7,1.12,87.4,20.9,0.0
2023-11-24T05:00:00,-7.0,1.17,89.2,28.1,0.0
2023-11-24T06:00:00,-6.5,1.49,91.9,32.0,0.0
2023-11-24T07:00:00,-6.0,1.75,88.2,47.1,0.0
2023-11-24T08:00:00,-5.5,1.96,90.3,51.7,0.0
2023-11-24T09:00:00,-5.3,2.12,92.1,63.4,0.0
2023-11-24T10:00:00,-5.3,2.34,89.9,55.8,0.0
2023-11-24T11:00:00,-5.4,2.5,88.9,61.3,0.0
2023-11-24T12:00:00,-5.7,2.96,88.0,64.6,0.0
2023-11-24T13:00:00,-6.1,3.0,92.8,67.3,0.0
2023-11-24T14:00:00,-6.8,4.2,91.3,55.0,0.5
2023-11-24T15:00:00,-7.5,4.9,90.8,46.7,1.6
2023-11-24T16:00:00,-8.1,5.0,92.4,42.7,1.9
2023-11-24T17:00:00,-8.5,5.71,88.2,44.8,4.4
2023-11-24T18:00:00,-9.0,6.0,91.0,32.4,6.1
2023-11-24T19:00:00,-9.3,5.91,90.8,22.4,5.5
2023-11-24T20:00:00,-9.5,5.89,92.0,21.7,5.3
2023-11-24T21:00:00,-9.8,5.73,93.5,10.5,4.6
2023-11-24T22:00:00,-10.2,5.46,89.4,7.0,3.6
2023-11-24T23:00:00,-10.5,5.19,84.3,2.9,2.5
2023-11-25T00:00:00,-10.3,4.84,90.5,1.8,1.6
2023-11-25T01:00:00,-8.7,4.35,91.5,3.3,0.7
2023-11-25T02:00:00,-8.2,3.89,90.9,8.1,0.2
2023-11-25T03:00:00,-7.7,3.74,88.9,13.7,0.1
2023-11-25T04:00:00,-7.0,3.35,90.6,17.8,0.0
2023-11-25T05:00:00,-6.1,3.01,93.6,30.4,0.0
2023-11-25T06:00:00,-5.1,2.72,89.4,36.2,0.0
2023-11-25T07:00:00,-4.3,3.11,90.8,43.7,0.0
2023-11-25T08:00:00,-3.6,2.51,91.6,42.8,0.0
2023-11-25T09:00:00,-3.2,2.79,86.9,47.4,0.0
2023-11-25T10:00:00,-2.8,3.21,89.0,51.3,0.0
2023-11-25T11:00:00,-2.6,3.2,92.5,65.6,0.0
2023-11-25T12:00:00,-2.5,3.45,83.6,73.2,0.0
2023-11-25T13:00:00,-2.6,4.41,90.6,65.3,0.7
2023-11-25T14:00:00,-3.3,3.18,89.0,58.1,0.0
2023-11-25T15:00:00,-4.5,2.82,87.2,50.4,0.0
2023-11-25T16:00:00,-5.6,2.3,90.1,50.8,0.0
2023-11-25T17:00:00,-5.9,3.11,87.8,38.3,0.0
2023-11-25T18:00:00,-5.4,4.08,87.2,31.9,0.4
2023-11-25T19:00:00,-5.2,4.14,91.3,23.7,0.4
2023-11-25T20:00:00,-5.1,3.55,91.5,20.2,0.1
2023-11-25T21:00:00,-5.1,2.6,90.5,11.9,0.0
2023-11-25T22:00:00,-4.3,1.4,88.4,5.9,0.0
2023-11-25T23:00:00,-3.2,0.91,90.4,3.2,0.0
2023-11-26T00:00:00,-3.4,0.51,90.6,2.1,0.0
2023-11-26T01:00:00,-1.8,8.66,87.1,3.0,31.0
2023-11-26T02:00:00,-1.7,8.15,88.1,6.6,24.9
2023-11-26T03:00:00,-2.0,5.58,90.7,12.6,3.9
2023-11-26T04:00:00,-3.3,3.12,87.1,22.3,0.0
2023-11-26T05:00:00,-4.5,3.22,91.7,30.8,0.0
2023-11-26T06:00:00,-5.0,3.02,89.4,38.8,0.0
2023-11-26T07:00:00,-5.5,3.26,91.7,38.2,0.0
2023-11-26T08:00:00,-6.2,3.44,92.1,51.5,0.0
2023-11-26T09:00:00,-6.4,3.67,94.4,51.1,0.1
2023-11-26T10:00:00,-6.3,4.92,92.5,65.2,1.8
2023-11-26T11:00:00,-5.9,6.52,87.1,68.5,9.1
2023-11-26T12:00:00,-5.6,7.79,92.0,67.9,21.4
2023-11-26T13:00:00,-5.3,8.34,89.7,61.9,26.9
2023-11-26T14:00:00,-4.9,8.25,90.2,51.9,27.9
2023-11-26T15:00:00,-4.5,7.71,88.6,58.6,19.0
2023-11-26T16:00:00,-3.9,8.15,86.9,57.2,24.6
2023-11-26T17:00:00,-3.7,8.61,87.0,41.3,31.3
2023-11-26T18:00:00,-3.6,7.73,91.4,37.5,19.8
2023-11-26T19:00:00,-3.7,6.67,90.2,28.7,10.4
2023-11-26T20:00:00,-3.6,5.87,91.6,22.1,5.2
2023-11-26T21:00:00,-3.4,5.88,92.8,13.9,5.5
2023-11-26T22:00:00,-3.2,5.52,93.7,8.2,3.8
2023-11-26T23:00:00,-3.0,6.46,87.8,4.2,8.4
2023-11-27T00:00:00,-2.6,7.13,89.7,2.9,14.4
2023-11-27T01:00:00,-2.9,5.05,87.2,4.3,2.2
2023-11-27T02:00:00,-2.7,4.96,92.1,7.3,1.9
2023-11-27T03:00:00,-2.6,4.52,90.5,13.7,0.9
2023-11-27T04:00:00,-2.1,6.14,89.4,18.3,6.5
2023-11-27T05:00:00,-1.6,6.64,91.8,24.1,9.8
2023-11-27T06:00:00,-1.2,4.4,88.1,40.0,0.7
2023-11-27T07:00:00,-0.6,1.91,87.0,43.0,0.0
2023-11-27T08:00:00,-0.2,2.55,91.9,47.9,0.0
2023-11-27T09:00:00,-0.8,5.78,90.1,56.2,4.8
2023-11-27T10:00:00,-1.1,6.4,89.7,57.7,8.5
2023-11-27T11:00:00,-1.1,5.55,90.4,71.3,3.7
2023-11-27T12:00:00,-1.1,5.1,89.7,54.7,2.3
2023-11-27T13:00:00,-1.1,5.28,88.6,68.2,2.7
2023-11-27T14:00:00,-1.4,3.28,89.1,64.9,0.0
2023-11-27T15:00:00,-2.3,2.38,90.6,58.1,0.0
2023-11-27T16:00:00,-2.4,3.45,89.3,41.8,0.0
2023-11-27T17:00:00,-2.6,4.3,91.4,42.1,0.6
2023-11-27T18:00:00,-2.9,5.07,90.6,33.3,2.2
2023-11-27T19:00:00,-2.8,6.46,87.8,22.8,8.4
2023-11-27T20:00:00,-2.6,7.21,90.8,19.9,14.3
2023-11-27T21:00:00,-2.6,7.63,90.0,14.6,18.6
2023-11-27T22:00:00,-2.6,7.2,92.8,6.9,15.0
2023-11-27T23:00:00,-2.5,7.45,89.1,3.6,17.3
2023-11-28T00:00:00,-2.1,7.75,90.4,3.3,19.7
2023-11-28T01:00:00,-1.9,7.29,90.9,4.9,16.0
2023-11-28T02:00:00,-1.3,6.98,94.0,7.0,12.8
2023-11-28T03:00:00,-1.0,6.41,89.7,14.7,8.1
2023-11-28T04:00:00,-1.3,6.35,92.1,19.6,7.8
2023-11-28T05:00:00,-1.5,7.2,86.8,29.6,14.3
2023-11-28T06:00:00,-1.2,7.96,90.7,33.6,23.3
2023-11-28T07:00:00,-1.0,8.08,88.2,46.6,24.3
2023-11-28T08:00:00,-0.8,7.72,88.5,53.8,20.7
2023-11-28T09:00:00,-0.7,7.5,89.2,46.0,17.3
2023-11-28T10:00:00,-0.7,7.68,86.6,67.0,19.4
2023-11-28T11:00:00,-0.7,8.08,90.4,66.0,24.6
2023-11-28T12:00:00,-0.8,8.43,88.9,59.2,29.7
2023-11-28T13:00:00,-1.1,6.18,90.5,59.6,7.2
2023-11-28T14:00:00,-1.0,7.35,90.8,70.6,16.8
2023-11-28T15:00:00,-0.9,9.17,89.7,59.0,42.0
2023-11-28T16:00:00,-1.0,9.64,90.9,48.0,50.8
2023-11-28T17:00:00,-1.2,9.63,87.8,36.9,51.3
2023-11-28T18:00:00,-1.3,10.15,86.7,37.7,60.2
2023-11-28T19:00:00,-1.3,9.88,91.9,22.8,52.7
2023-11-28T20:00:00,-1.3,9.33,93.3,20.4,41.9
2023-11-28T21:00:00,-1.4,9.36,90.0,11.4,42.4
2023-11-28T22:00:00,-1.6,10.36,91.4,6.6,65.2
2023-11-28T23:00:00,-1.7,12.07,90.4,4.7,109.5
2023-11-29T00:00:00,-1.9,10.6,88.8,3.3,70.5
2023-11-29T01:00:00,-1.7,8.15,89.2,4.6,26.1
2023-11-29T02:00:00,-1.5,9.06,93.5,9.7,37.7
2023-11-29T03:00:00,-1.4,9.7,89.5,14.1,49.4
2023-11-29T04:00:00,-1.8,7.39,90.2,21.5,16.2
2023-11-29T05:00:00,-2.8,4.65,86.7,23.7,1.1
2023-11-29T06:00:00,-3.5,2.5,89.3,31.1,0.0
2023-11-29T07:00:00,-3.3,2.6,91.6,38.0,0.0
2023-11-29T08:00:00,-2.8,3.3,88.8,41.3,0.0
2023-11-29T09:00:00,-2.5,4.17,92.0,55.8,0.4
2023-11-29T10:00:00,-2.5,4.74,93.2,68.5,1.3
2023-11-29T11:00:00,-2.4,4.83,93.7,54.9,1.6
2023-11-29T12:00:00,-2.5,4.42,88.5,63.2,0.8
2023-11-29T13:00:00,-2.7,5.1,88.6,59.1,2.2
2023-11-29T14:00:00,-2.9,4.39,86.2,61.8,0.8
2023-11-29T15:00:00,-2.9,3.7,91.1,60.6,0.1
2023-11-29T16:00:00,-3.0,3.05,86.0,57.9,0.0
2023-11-29T17:00:00,-3.1,2.28,94.7,49.3,0.0
2023-11-29T18:00:00,-3.2,1.79,92.9,40.6,0.0
2023-11-29T19:00:00,-3.3,1.13,89.1,23.4,0.0
2023-11-29T20:00:00,-3.4,0.95,90.0,20.2,0.0
2023-11-29T21:00:00,-3.3,0.85,89.1,11.6,0.0
2023-11-29T22:00:00,-3.2,0.67,90.5,8.5,0.0
2023-11-29T23:00:00,-3.1,0.61,90.2,4.7,0.0
2023-11-30T00:00:00,-3.1,0.42,90.2,3.2,0.0
2023-11-30T01:00:00,-3.6,0.81,93.1,4.1,0.0
2023-11-30T02:00:00,-3.5,0.72,89.5,8.0,0.0
2023-11-30T03:00:00,-3.3,1.22,88.2,11.6,0.0
2023-11-30T04:00:00,-3.0,1.49,87.6,17.8,0.0
2023-11-30T05:00:00,-2.7,1.77,89.8,24.5,0.0
2023-11-30T06:00:00,-2.3,1.84,91.1,35.9,0.0
2023-11-30T07:00:00,-2.0,1.84,84.3,49.4,0.0
2023-11-30T08:00:00,-1.8,2.69,92.3,52.6,0.0
2023-11-30T09:00:00,-1.7,3.33,91.5,51.3,0.0
2023-11-30T10:00:00,-1.7,3.7,90.6,53.9,0.1
2023-11-30T11:00:00,-1.9,4.06,85.8,66.5,0.4
2023-11-30T12:00:00,-2.2,4.12,93.8,60.6,0.4
2023-11-30T13:00:00,-2.7,4.05,97.0,75.0,0.3
2023-11-30T14:00:00,-3.0,4.27,88.5,67.6,0.6
2023-11-30T15:00:00,-3.6,4.12,88.6,48.3,0.4
2023-11-30T16:00:00,-4.1,3.83,90.7,46.0,0.2
2023-11-30T17:00:00,-4.8,3.48,92.2,48.8,0.0
2023-11-30T18:00:00,-5.5,3.14,91.0,35.5,0.0
2023-11-30T19:00:00,-6.0,2.86,88.9,23.4,0.0
2023-11-30T20:00:00,-6.4,2.6,89.7,21.4,0.0
2023-11-30T21:00:00,-6.9,2.21,91.0,12.9,0.0
2023-11-30T22:00:00,-6.9,1.82,90.5,7.1,0.0
2023-11-30T23:00:00,-6.4,1.5,91.6,4.5,0.0
2023-12-01T00:00:00,-6.1,1.7,91.6,3.9,0.0
2023-12-01T01:00:00,-4.9,1.46,89.7,4.9,0.0
2023-12-01T02:00:00,-4.1,1.1,88.4,9.9,0.0
2023-12-01T03:00:00,-4.0,1.1,89.7,16.1,0.0
2023-12-01T04:00:00,-3.8,1.0,87.2,22.6,0.0
2023-12-01T05:00:00,-3.6,0.14,88.4,27.5,0.0
2023-12-01T06:00:00,-3.4,0.82,95.9,33.4,0.0
2023-12-01T07:00:00,-3.2,1.53,90.1,36.7,0.0
2023-12-01T08:00:00,-3.2,2.36,91.0,56.5,0.0
2023-12-01T09:00:00,-3.2,3.06,89.7,48.2,0.0
2023-12-01T10:00:00,-3.3,3.34,91.6,54.9,0.0
2023-12-01T11:00:00,-3.4,3.55,96.0,65.2,0.1
2023-12-01T12:00:00,-3.5,3.48,87.7,63.4,0.0
2023-12-01T13:00:00,-3.5,3.04,90.2,74.3,0.0
2023-12-01T14:00:00,-3.7,2.62,91.6,58.6,0.0
2023-12-01T15:00:00,-4.4,2.5,87.9,55.5,0.0
2023-12-01T16:00:00,-5.2,2.6,92.3,45.3,0.0
2023-12-01T17:00:00,-5.9,2.33,91.1,42.3,0.0
2023-12-01T18:00:00,-6.3,2.51,92.6,30.3,0.0
2023-12-01T19:00:00,-6.4,2.88,88.1,31.6,0.0
2023-12-01T20:00:00,-6.0,3.55,90.6,23.5,0.1
2023-12-01T21:00:00,-5.5,4.8,94.0,11.9,1.4
2023-12-01T22:00:00,-5.0,5.92,87.6,7.5,5.4
2023-12-01T23:00:00,-4.6,5.72,92.2,5.3,4.6
2023-12-02T00:00:00,-4.2,5.22,89.8,3.9,2.5
2023-12-02T01:00:00,-3.9,6.28,86.3,6.1,7.6
2023-12-02T02:00:00,-3.3,4.79,93.9,8.1,1.4
2023-12-02T03:00:00,-2.6,3.67,90.1,15.9,0.1
2023-12-02T04:00:00,-1.9,2.67,92.4,18.5,0.0
2023-12-02T05:00:00,-1.4,1.4,91.2,30.4,0.0
2023-12-02T06:00:00,-1.0,0.72,90.9,32.5,0.0
2023-12-02T07:00:00,-0.6,1.97,90.8,45.1,0.0
2023-12-02T08:00:00,-0.2,3.23,87.3,58.0,0.0
2023-12-02T09:00:00,0.0,3.54,88.8,57.7,0.1
2023-12-02T10:00:00,0.4,3.31,90.0,71.1,0.0
2023-12-02T11:00:00,0.8,2.82,86.7,74.5,0.0
2023-12-02T12:00:00,0.8,2.4,91.0,68.5,0.0
2023-12-02T13:00:00,1.0,3.37,92.6,55.1,0.0
2023-12-02T14:00:00,0.5,3.26,91.9,50.9,0.0
2023-12-02T15:00:00,0.3,4.18,89.7,52.6,0.5
2023-12-02T16:00:00,0.2,5.52,91.9,47.0,3.8
2023-12-02T17:00:00,-0.0,5.22,88.4,44.8,2.6
2023-12-02T18:00:00,0.0,5.14,86.4,34.8,2.4
2023-12-02T19:00:00,0.3,6.1,89.1,27.0,6.2
2023-12-02T20:00:00,0.3,6.0,91.2,17.2,5.6
2023-12-02T21:00:00,0.4,5.35,90.3,14.8,3.2
2023-12-02T22:00:00,0.7,5.82,92.1,8.6,4.9
2023-12-02T23:00:00,1.0,6.76,88.8,5.6,10.9
2023-12-03T00:00:00,1.1,6.75,91.5,4.7,10.8
2023-12-03T01:00:00,0.2,7.31,91.8,5.8,15.8
2023-12-03T02:00:00,0.1,5.82,91.4,10.1,4.9
2023-12-03T03:00:00,0.4,4.78,92.9,16.5,1.5
2023-12-03T04:00:00,0.8,5.26,88.5,23.4,2.6
2023-12-03T05:00:00,0.5,5.98,89.4,30.1,5.6
2023-12-03T06:00:00,0.4,7.52,95.6,34.7,18.7
2023-12-03T07:00:00,0.5,8.73,91.1,40.2,35.2
2023-12-03T08:00:00,0.6,10.1,93.0,56.0,60.4
2023-12-03T09:00:00,0.4,11.36,91.5,60.2,96.9
2023-12-03T10:00:00,0.3,12.17,90.2,52.1,108.9
2023-12-03T11:00:00,0.2,12.24,87.7,67.0,110.9
2023-12-03T12:00:00,0.1,11.64,87.4,56.2,107.4
2023-12-03T13:00:00,-0.2,12.27,90.0,53.5,115.6
2023-12-03T14:00:00,-0.3,11.11,86.7,62.7,84.8
2023-12-03T15:00:00,-0.5,10.32,88.9,48.9,62.0
2023-12-03T16:00:00,-0.6,9.92,88.6,54.3,58.4
2023-12-03T17:00:00,-0.5,9.71,89.2,39.6,49.9
2023-12-03T18:00:00,-0.3,10.34,91.7,29.3,62.7
2023-12-03T19:00:00,-0.1,10.47,90.6,29.4,66.9
2023-12-03T20:00:00,-0.0,10.48,93.1,19.4,68.7
2023-12-03T21:00:00,0.0,10.07,88.4,12.3,61.9
2023-12-03T22:00:00,0.1,9.12,90.6,10.6,39.3
2023-12-03T23:00:00,0.1,8.56,89.8,5.0,30.7
2023-12-04T00:00:00,0.1,6.23,87.4,3.9,7.4
2023-12-04T01:00:00,-0.2,2.79,87.1,6.0,0.0
2023-12-04T02:00:00,0.4,1.92,87.1,9.9,0.0
2023-12-04T03:00:00,0.6,2.98,90.2,14.0,0.0
2023-12-04T04:00:00,0.7,3.32,90.5,22.7,0.0
2023-12-04T05:00:00,0.9,3.51,90.0,29.2,0.1
2023-12-04T06:00:00,1.3,3.99,90.4,29.7,0.3
2023-12-04T07:00:00,1.8,3.73,93.0,40.2,0.1
2023-12-04T08:00:00,2.3,2.84,90.0,44.2,0.0
2023-12-04T09:00:00,2.4,2.3,89.5,48.8,0.0
2023-12-04T10:00:00,2.5,2.43,90.3,62.3,0.0
2023-12-04T11:00:00,2.7,3.41,92.6,66.1,0.0
2023-12-04T12:00:00,2.8,4.21,90.9,54.6,0.5
2023-12-04T13:00:00,2.7,3.41,90.7,63.5,0.0
2023-12-04T14:00:00,2.0,2.44,86.3,63.3,0.0
2023-12-04T15:00:00,2.1,1.52,91.9,54.7,0.0
2023-12-04T16:00:00,1.5,2.94,89.8,58.4,0.0
2023-12-04T17:00:00,1.2,3.2,88.4,40.0,0.0
2023-12-04T18:00:00,1.1,3.3,89.1,41.2,0.0
2023-12-04T19:00:00,1.0,3.11,87.0,25.7,0.0
2023-12-04T20:00:00,1.3,3.94,89.5,19.8,0.3
2023-12-04T21:00:00,2.2,7.01,87.1,13.1,12.9
2023-12-04T22:00:00,1.9,7.23,89.2,8.9,15.3
2023-12-04T23:00:00,2.0,7.03,90.2,6.9,13.1
2023-12-05T00:00:00,2.1,7.1,92.9,4.9,13.5
2023-12-05T01:00:00,2.0,7.97,88.8,5.5,23.4
2023-12-05T02:00:00,1.9,7.54,90.1,8.9,18.5
2023-12-05T03:00:00,1.7,5.85,86.6,12.6,4.8
2023-12-05T04:00:00,1.5,4.16,89.3,19.9,0.5
2023-12-05T05:00:00,1.0,2.8,90.5,27.8,0.0
2023-12-05T06:00:00,2.0,1.82,90.9,37.3,0.0
2023-12-05T07:00:00,3.2,1.33,89.3,41.2,0.0
2023-12-05T08:00:00,3.1,1.43,91.1,46.4,0.0
2023-12-05T09:00:00,2.8,1.66,89.5,48.3,0.0
2023-12-05T10:00:00,2.6,1.91,87.4,71.9,0.0
2023-12-05T11:00:00,3.0,1.84,91.5,61.6,0.0
2023-12-05T12:00:00,3.8,1.7,89.3,60.7,0.0
2023-12-05T13:00:00,1.8,1.9,87.9,68.8,0.0
2023-12-05T14:00:00,1.5,2.05,93.0,53.7,0.0
2023-12-05T15:00:00,0.8,2.55,89.2,54.3,0.0
2023-12-05T16:00:00,0.7,2.97,90.2,41.9,0.0
2023-12-05T17:00:00,0.4,2.78,90.5,40.8,0.0
2023-12-05T18:00:00,0.5,2.82,90.4,40.6,0.0
2023-12-05T19:00:00,0.9,2.71,93.7,29.9,0.0
2023-12-05T20:00:00,1.3,3.04,91.0,20.4,0.0
2023-12-05T21:00:00,2.0,4.44,89.7,15.7,0.8
2023-12-05T22:00:00,1.6,4.52,89.0,8.9,0.9
2023-12-05T23:00:00,1.3,4.03,88.5,6.5,0.3
2023-12-06T00:00:00,1.5,4.78,91.4,5.2,1.4
2023-12-06T01:00:00,1.1,6.4,87.2,6.8,8.6
2023-12-06T02:00:00,0.8,6.26,91.1,8.4,7.1
2023-12-06T03:00:00,0.2,3.89,91.5,12.9,0.2
2023-12-06T04:00:00,-0.3,2.06,88.2,20.4,0.0
2023-12-06T05:00:00,0.8,0.86,88.2,23.8,0.0
2023-12-06T06:00:00,0.5,1.12,86.9,39.3,0.0
2023-12-06T07:00:00,-0.1,2.1,87.7,37.1,0.0
2023-12-06T08:00:00,-0.0,2.43,89.6,52.1,0.0
2023-12-06T09:00:00,-0.1,2.12,92.6,63.6,0.0
2023-12-06T10:00:00,-0.1,2.05,91.5,59.2,0.0
2023-12-06T11:00:00,-0.2,2.64,90.8,56.9,0.0
2023-12-06T12:00:00,-0.3,3.09,88.3,74.1,0.0
2023-12-06T13:00:00,-0.8,2.36,92.5,59.7,0.0
2023-12-06T14:00:00,-1.0,2.33,85.8,67.1,0.0
2023-12-06T15:00:00,-1.0,2.42,90.5,54.4,0.0
2023-12-06T16:00:00,-0.9,2.88,91.1,55.9,0.0
2023-12-06T17:00:00,-0.9,2.92,93.1,44.7,0.0
2023-12-06T18:00:00,-1.2,2.72,90.4,31.3,0.0
2023-12-06T19:00:00,-1.5,2.61,94.0,26.3,0.0
2023-12-06T20:00:00,-1.9,2.28,87.9,20.4,0.0
2023-12-06T21:00:00,-2.2,2.16,92.9,16.0,0.0
2023-12-06T22:00:00,-2.4,2.06,89.0,11.0,0.0
2023-12-06T23:00:00,-2.4,1.94,89.5,5.6,0.0
2023-12-07T00:00:00,-2.2,1.68,88.9,5.8,0.0
2023-12-07T01:00:00,-1.9,1.66,87.3,5.5,0.0
2023-12-07T02:00:00,-1.8,0.72,89.6,11.6,0.0
2023-12-07T03:00:00,-1.8,0.36,86.1,14.4,0.0
2023-12-07T04:00:00,-2.0,0.71,93.1,24.5,0.0
2023-12-07T05:00:00,-2.0,0.86,92.9,33.5,0.0
2023-12-07T06:00:00,-2.0,0.86,92.5,36.6,0.0
2023-12-07T07:00:00,-2.2,0.64,88.3,38.9,0.0
2023-12-07T08:00:00,-2.2,0.36,89.8,58.5,0.0
2023-12-07T09:00:00,-2.7,0.89,93.2,65.5,0.0
2023-12-07T10:00:00,-2.8,1.28,90.1,57.5,0.0
2023-12-07T11:00:00,-2.9,1.64,89.3,65.1,0.0
2023-12-07T12:00:00,-3.0,1.56,90.8,77.7,0.0
2023-12-07T13:00:00,-1.2,0.36,90.4,55.5,0.0
2023-12-07T14:00:00,-1.6,0.81,85.8,57.8,0.0
2023-12-07T15:00:00,-1.9,1.72,91.8,49.3,0.0
2023-12-07T16:00:00,-1.9,2.2,88.0,54.0,0.0
2023-12-07T17:00:00,-2.0,2.42,90.9,50.0,0.0
2023-12-07T18:00:00,-2.2,2.51,89.6,31.2,0.0
2023-12-07T19:00:00,-2.2,2.79,89.6,32.5,0.0
2023-12-07T20:00:00,-2.1,4.07,93.3,25.1,0.4
2023-12-07T21:00:00,-2.0,6.48,90.5,16.6,8.5
2023-12-07T22:00:00,-1.8,7.61,91.9,10.5,19.1
2023-12-07T23:00:00,-1.8,8.19,89.1,6.9,26.2
2023-12-08T00:00:00,-1.9,8.64,90.9,5.4,32.7
2023-12-08T01:00:00,-1.9,8.95,91.2,7.2,39.1
2023-12-08T02:00:00,-1.8,7.69,91.9,10.2,18.9
2023-12-08T03:00:00,-1.5,6.67,88.1,17.4,10.4
2023-12-08T04:00:00,-1.3,6.47,90.5,22.5,8.3
2023-12-08T05:00:00,-1.3,7.13,87.1,33.3,14.4
2023-12-08T06:00:00,-1.5,7.18,89.5,30.0,13.7
2023-12-08T07:00:00,-1.6,6.38,90.0,48.2,7.8
2023-12-08T08:00:00,-1.5,5.15,89.7,50.3,2.3
2023-12-08T09:00:00,-1.3,4.11,89.9,66.3,0.4
2023-12-08T10:00:00,-1.3,3.31,90.4,56.7,0.0
2023-12-08T11:00:00,-1.2,2.62,90.5,66.1,0.0
2023-12-08T12:00:00,-1.2,2.31,89.0,61.4,0.0
2023-12-08T13:00:00,-1.6,1.64,87.8,73.8,0.0
2023-12-08T14:00:00,-1.6,2.1,91.0,68.0,0.0
2023-12-08T15:00:00,-1.9,3.45,84.7,50.8,0.0
2023-12-08T16:00:00,-2.3,4.18,90.1,43.5,0.4
2023-12-08T17:00:00,-2.3,4.24,90.4,42.8,0.5
2023-12-08T18:00:00,-2.4,4.18,93.2,32.3,0.5
2023-12-08T19:00:00,-3.2,3.81,93.4,24.3,0.2
2023-12-08T20:00:00,-3.6,2.91,92.1,21.0,0.0
2023-12-08T21:00:00,-3.0,2.16,91.5,14.5,0.0
2023-12-08T22:00:00,-2.6,1.86,92.7,11.5,0.0
2023-12-08T23:00:00,-2.2,2.51,90.8,6.6,0.0
2023-12-09T00:00:00,-2.2,3.0,90.6,5.0,0.0
2023-12-09T01:00:00,-3.1,3.71,88.6,6.5,0.1
2023-12-09T02:00:00,-3.0,3.31,93.7,9.5,0.0
2023-12-09T03:00:00,-2.9,2.81,91.7,14.0,0.0
2023-12-09T04:00:00,-2.7,2.21,88.2,23.4,0.0
2023-12-09T05:00:00,-2.6,1.61,90.4,29.6,0.0
2023-12-09T06:00:00,-2.5,0.72,90.5,38.7,0.0
2023-12-09T07:00:00,-2.5,0.81,89.7,50.4,0.0
2023-12-09T08:00:00,-2.5,2.44,92.1,47.5,0.0
2023-12-09T09:00:00,-2.4,3.2,93.2,51.1,0.0
2023-12-09T10:00:00,-2.5,3.64,88.6,65.5,0.1
2023-12-09T11:00:00,-2.6,3.32,88.1,69.2,0.0
2023-12-09T12:00:00,-2.5,2.79,93.9,68.1,0.0
2023-12-09T13:00:00,-2.9,2.25,93.0,61.7,0.0
2023-12-09T14:00:00,-2.9,1.53,92.4,68.8,0.0
2023-12-09T15:00:00,-3.0,1.63,93.8,55.8,0.0
2023-12-09T16:00:00,-3.1,3.16,89.5,53.9,0.0
2023-12-09T17:00:00,-3.3,4.57,89.5,50.8,1.0
2023-12-09T18:00:00,-3.8,5.15,88.8,32.8,2.4
2023-12-09T19:00:00,-4.1,5.67,89.9,30.5,4.1
2023-12-09T20:00:00,-4.5,6.36,96.2,18.8,7.8
2023-12-09T21:00:00,-4.7,7.03,89.8,15.2,13.7
2023-12-09T22:00:00,-4.9,7.33,89.3,11.6,15.4
2023-12-09T23:00:00,-5.0,7.42,91.1,6.7,16.4
2023-12-10T00:00:00,-4.9,7.71,89.7,5.2,20.2
2023-12-10T01:00:00,-4.8,8.58,92.4,7.6,32.6
2023-12-10T02:00:00,-4.6,8.04,89.2,11.8,23.4
2023-12-10T03:00:00,-4.4,7.38,91.5,12.9,16.2
2023-12-10T04:00:00,-4.2,6.82,91.9,24.9,10.8
2023-12-10T05:00:00,-4.0,6.36,90.7,27.3,8.1
2023-12-10T06:00:00,-3.8,5.59,88.9,40.1,3.8
2023-12-10T07:00:00,-3.7,4.6,91.1,45.3,1.0
2023-12-10T08:00:00,-3.7,3.11,88.5,47.4,0.0
2023-12-10T09:00:00,-3.7,0.61,93.5,58.8,0.0
2023-12-10T10:00:00,-3.6,2.44,87.5,52.3,0.0
2023-12-10T11:00:00,-3.5,3.98,90.1,65.8,0.3
2023-12-10T12:00:00,-3.5,3.71,89.4,71.8,0.1
2023-12-10T13:00:00,-3.8,2.52,90.8,74.8,0.0
2023-12-10T14:00:00,-3.9,2.82,90.1,72.2,0.0
2023-12-10T15:00:00,-4.2,2.98,87.9,55.8,0.0
2023-12-10T16:00:00,-4.7,3.54,89.6,54.9,0.1
2023-12-10T17:00:00,-5.3,4.1,90.2,36.8,0.4
2023-12-10T18:00:00,-5.9,4.71,90.6,31.9,1.3
2023-12-10T19:00:00,-6.1,6.6,92.1,29.8,9.8
2023-12-10T20:00:00,-6.5,9.14,90.3,19.8,40.7
2023-12-10T21:00:00,-6.7,9.66,88.6,15.7,52.5
2023-12-10T22:00:00,-6.6,9.23,88.7,11.8,40.8
2023-12-10T23:00:00,-7.1,8.51,89.2,5.9,31.3
2023-12-11T00:00:00,-7.3,8.08,93.9,6.4,25.2
2023-12-11T01:00:00,-7.2,4.56,88.3,7.9,1.0
2023-12-11T02:00:00,-6.6,5.25,87.0,10.5,2.7
2023-12-11T03:00:00,-6.1,4.64,86.8,16.1,1.1
2023-12-11T04:00:00,-5.8,2.31,88.4,25.0,0.0
2023-12-11T05:00:00,-5.5,0.85,93.9,25.7,0.0
2023-12-11T06:00:00,-5.5,2.36,90.1,31.6,0.0
2023-12-11T07:00:00,-5.4,3.86,88.5,51.2,0.2
2023-12-11T08:00:00,-5.1,4.17,92.5,55.1,0.4
2023-12-11T09:00:00,-4.5,3.83,89.5,51.5,0.2
2023-12-11T10:00:00,-4.0,3.94,92.9,57.7,0.2
2023-12-11T11:00:00,-3.6,3.71,91.1,58.6,0.1
2023-12-11T12:00:00,-3.4,3.42,90.1,58.9,0.0
2023-12-11T13:00:00,-3.5,4.2,88.1,62.4,0.5
2023-12-11T14:00:00,-3.8,3.59,91.1,72.4,0.1
2023-12-11T15:00:00,-3.4,2.42,90.6,57.4,0.0
2023-12-11T16:00:00,-3.3,3.7,90.3,47.0,0.1
2023-12-11T17:00:00,-3.6,3.62,88.2,41.5,0.1
2023-12-11T18:00:00,-4.1,4.24,88.7,37.4,0.5
2023-12-11T19:00:00,-4.4,4.62,90.8,33.6,1.1
2023-12-11T20:00:00,-3.8,5.36,91.4,24.2,3.0
2023-12-11T21:00:00,-3.4,6.71,86.7,13.8,10.8
2023-12-11T22:00:00,-4.1,7.06,92.7,10.8,12.6
2023-12-11T23:00:00,-4.5,6.87,89.8,7.8,11.5
2023-12-12T00:00:00,-4.4,6.11,88.4,5.2,6.3
2023-12-12T01:00:00,-3.0,5.85,89.2,8.0,4.9
2023-12-12T02:00:00,-2.5,4.91,87.7,9.7,1.7
2023-12-12T03:00:00,-2.2,4.0,90.1,16.2,0.3
2023-12-12T04:00:00,-2.0,3.18,88.1,18.9,0.0
2023-12-12T05:00:00,-1.6,2.5,86.2,24.3,0.0
2023-12-12T06:00:00,-1.4,1.71,90.9,42.1,0.0
2023-12-12T07:00:00,-1.3,1.62,91.7,37.4,0.0
2023-12-12T08:00:00,-1.3,1.3,93.2,49.6,0.0
2023-12-12T09:00:00,-1.1,1.72,90.3,49.1,0.0
2023-12-12T10:00:00,-0.9,2.75,90.6,70.6,0.0
2023-12-12T11:00:00,-0.8,3.71,88.6,57.1,0.1
2023-12-12T12:00:00,-0.8,4.35,94.5,75.4,0.7
2023-12-12T13:00:00,-1.0,5.98,91.0,71.0,6.0
2023-12-12T14:00:00,-1.3,5.5,91.4,54.7,3.8
2023-12-12T15:00:00,-1.7,4.49,92.6,65.6,0.9
2023-12-12T16:00:00,-2.1,3.31,86.5,56.1,0.0
2023-12-12T17:00:00,-2.7,2.91,90.9,50.2,0.0
2023-12-12T18:00:00,-3.7,3.26,91.9,31.2,0.0
2023-12-12T19:00:00,-4.3,3.41,92.4,31.6,0.0
2023-12-12T20:00:00,-4.9,3.22,91.5,20.2,0.0
2023-12-12T21:00:00,-5.3,3.22,89.2,13.5,0.0
2023-12-12T22:00:00,-4.9,3.0,90.6,12.0,0.0
2023-12-12T23:00:00,-4.6,2.47,90.0,6.4,0.0
2023-12-13T00:00:00,-4.5,2.15,92.2,6.6,0.0
2023-12-13T01:00:00,-3.4,2.12,88.3,6.8,0.0
2023-12-13T02:00:00,-3.0,2.82,88.7,10.5,0.0
2023-12-13T03:00:00,-2.6,3.42,91.6,13.5,0.0
2023-12-13T04:00:00,-2.4,3.19,89.7,18.7,0.0
2023-12-13T05:00:00,-2.4,2.76,92.3,33.0,0.0
2023-12-13T06:00:00,-2.4,1.84,92.2,34.9,0.0
2023-12-13T07:00:00,-2.5,0.64,91.9,44.8,0.0
2023-12-13T08:00:00,-2.4,1.84,91.0,53.8,0.0
2023-12-13T09:00:00,-2.3,2.28,91.3,60.0,0.0
2023-12-13T10:00:00,-2.2,1.39,91.1,51.7,0.0
2023-12-13T11:00:00,-2.1,0.54,87.1,58.8,0.0
2023-12-13T12:00:00,-2.2,0.51,92.6,69.0,0.0
2023-12-13T13:00:00,-2.3,0.92,87.1,65.7,0.0
2023-12-13T14:00:00,-2.4,1.81,90.3,65.0,0.0
2023-12-13T15:00:00,-2.7,1.97,87.7,50.2,0.0
2023-12-13T16:00:00,-2.5,2.24,89.5,54.7,0.0
2023-12-13T17:00:00,-2.2,4.04,92.9,39.2,0.3
2023-12-13T18:00:00,-2.4,5.75,88.7,31.1,4.7
2023-12-13T19:00:00,-2.8,6.85,90.4,30.7,11.0
2023-12-13T20:00:00,-3.0,7.32,90.9,24.4,16.1
2023-12-13T21:00:00,-3.2,7.64,88.6,16.8,18.2
2023-12-13T22:00:00,-3.3,7.76,90.3,11.3,20.2
2023-12-13T23:00:00,-3.3,7.86,88.5,6.7,22.2
2023-12-14T00:00:00,-3.2,7.58,89.7,6.2,19.0
2023-12-14T01:00:00,-3.2,8.88,92.0,6.8,34.7
2023-12-14T02:00:00,-3.1,8.79,91.5,11.6,32.9
2023-12-14T03:00:00,-3.0,8.67,91.2,14.5,33.2
2023-12-14T04:00:00,-2.8,8.19,87.1,22.1,26.1
2023-12-14T05:00:00,-2.6,7.52,88.1,29.9,18.7
2023-12-14T06:00:00,-2.5,6.75,89.2,34.2,10.3
2023-12-14T07:00:00,-2.4,5.9,90.8,43.3,5.1
2023-12-14T08:00:00,-2.3,5.05,90.9,45.5,2.0
2023-12-14T09:00:00,-2.2,3.98,88.4,57.9,0.3
2023-12-14T10:00:00,-2.2,2.87,90.9,63.6,0.0
2023-12-14T11:00:00,-2.2,2.13,90.8,73.2,0.0
2023-12-14T12:00:00,-2.3,1.98,90.6,66.3,0.0
2023-12-14T13:00:00,-2.0,2.6,88.6,67.5,0.0
2023-12-14T14:00:00,-2.1,2.24,93.0,62.9,0.0
2023-12-14T15:00:00,-2.3,2.02,91.4,57.9,0.0
2023-12-14T16:00:00,-3.4,2.69,88.6,49.1,0.0
2023-12-14T17:00:00,-4.4,3.5,87.9,47.2,0.0
2023-12-14T18:00:00,-3.9,3.85,91.0,33.0,0.2
2023-12-14T19:00:00,-3.4,5.6,89.2,27.3,4.0
2023-12-14T20:00:00,-3.5,6.51,93.0,25.3,8.8
2023-12-14T21:00:00,-3.5,7.02,88.2,14.5,13.2
2023-12-14T22:00:00,-3.5,6.61,92.2,11.4,10.0
2023-12-14T23:00:00,-3.4,6.31,94.5,8.3,7.9
2023-12-15T00:00:00,-3.3,6.24,88.5,7.2,7.2
2023-12-15T01:00:00,-3.5,7.08,90.8,7.1,13.8
2023-12-15T02:00:00,-3.3,6.58,86.1,11.2,9.7
2023-12-15T03:00:00,-3.1,5.98,88.9,16.1,5.8
2023-12-15T04:00:00,-2.9,5.41,92.6,21.0,3.3
2023-12-15T05:00:00,-2.7,4.78,93.2,26.0,1.4
2023-12-15T06:00:00,-2.6,4.65,91.1,37.0,1.2
2023-12-15T07:00:00,-2.6,4.79,87.8,46.8,1.4
2023-12-15T08:00:00,-2.6,5.06,88.4,58.5,2.1
2023-12-15T09:00:00,-2.6,5.32,91.3,66.0,3.0
2023-12-15T10:00:00,-2.6,5.5,93.4,53.3,3.4
2023-12-15T11:00:00,-2.6,5.28,89.8,68.2,2.8
2023-12-15T12:00:00,-2.6,5.15,87.1,74.9,2.3
2023-12-15T13:00:00,-2.9,4.75,94.1,63.2,1.4
2023-12-15T14:00:00,-2.9,5.15,91.4,67.1,2.3
2023-12-15T15:00:00,-2.9,5.31,90.7,54.2,3.0
2023-12-15T16:00:00,-2.8,5.78,91.9,44.3,5.0
2023-12-15T17:00:00,-2.8,5.94,87.5,51.3,5.7
2023-12-15T18:00:00,-2.9,6.06,89.6,39.1,6.1
2023-12-15T19:00:00,-2.9,6.19,87.8,33.6,6.8
2023-12-15T20:00:00,-3.0,6.36,84.6,22.9,8.1
2023-12-15T21:00:00,-3.1,6.71,92.4,13.6,10.6
2023-12-15T22:00:00,-3.2,6.83,90.6,10.0,11.6
2023-12-15T23:00:00,-3.3,6.99,87.4,7.6,12.9
2023-12-16T00:00:00,-3.2,6.89,91.2,5.6,11.7
2023-12-16T01:00:00,-3.2,7.84,92.2,7.7,20.9
2023-12-16T02:00:00,-3.1,8.05,87.1,11.9,23.8
2023-12-16T03:00:00,-3.0,8.01,91.2,16.2,22.5
2023-12-16T04:00:00,-2.7,7.65,88.7,19.3,18.7
2023-12-16T05:00:00,-2.5,7.74,90.0,28.7,19.6
2023-12-16T06:00:00,-2.4,7.78,87.9,37.0,21.7
2023-12-16T07:00:00,-2.3,7.44,89.2,44.2,17.2
2023-12-16T08:00:00,-2.2,7.41,90.4,59.3,16.1
2023-12-16T09:00:00,-2.1,7.27,90.1,51.5,15.2
2023-12-16T10:00:00,-2.1,6.11,89.6,60.0,6.4
2023-12-16T11:00:00,-2.0,5.78,91.3,66.8,4.5
2023-12-16T12:00:00,-2.0,5.97,92.4,74.7,5.9
2023-12-16T13:00:00,-2.5,5.52,88.7,54.9,3.8
2023-12-16T14:00:00,-2.5,5.01,86.7,62.6,2.1
2023-12-16T15:00:00,-2.5,5.09,91.9,47.5,2.3
2023-12-16T16:00:00,-2.5,4.15,90.8,49.8,0.4
2023-12-16T17:00:00,-2.7,3.0,88.9,43.9,0.0
2023-12-16T18:00:00,-3.3,3.09,91.8,35.1,0.0
2023-12-16T19:00:00,-4.2,3.83,90.1,24.3,0.2
2023-12-16T20:00:00,-4.7,4.22,90.0,22.5,0.5
2023-12-16T21:00:00,-4.7,4.27,90.9,13.9,0.6
2023-12-16T22:00:00,-4.4,4.25,90.8,9.7,0.6
2023-12-16T23:00:00,-3.9,4.55,92.9,6.4,1.0
2023-12-17T00:00:00,-3.7,5.71,89.9,7.3,4.6
2023-12-17T01:00:00,-3.7,6.28,89.9,8.3,7.9
2023-12-17T02:00:00,-3.5,5.63,89.5,12.6,4.0
2023-12-17T03:00:00,-3.3,5.37,88.8,14.2,3.0
2023-12-17T04:00:00,-3.1,4.57,87.9,26.3,1.0
2023-12-17T05:00:00,-2.8,2.94,88.9,30.3,0.0
2023-12-17T06:00:00,-2.5,1.4,92.4,35.3,0.0
2023-12-17T07:00:00,-2.3,1.08,88.7,39.7,0.0
2023-12-17T08:00:00,-2.1,1.41,89.9,58.5,0.0
2023-12-17T09:00:00,-1.9,1.3,87.8,60.8,0.0
2023-12-17T10:00:00,-1.7,1.6,90.8,56.4,0.0
2023-12-17T11:00:00,-1.6,2.02,91.2,73.2,0.0
2023-12-17T12:00:00,-1.5,2.21,91.0,56.2,0.0
2023-12-17T13:00:00,-1.7,2.14,89.5,56.0,0.0
2023-12-17T14:00:00,-1.9,2.25,88.6,70.6,0.0
2023-12-17T15:00:00,-2.2,2.78,88.6,51.3,0.0
2023-12-17T16:00:00,-2.4,3.55,89.6,48.9,0.1
2023-12-17T17:00:00,-3.2,4.39,90.8,40.1,0.7
2023-12-17T18:00:00,-3.1,5.24,90.7,40.0,2.6
2023-12-17T19:00:00,-2.9,5.98,89.9,26.7,5.9
2023-12-17T20:00:00,-2.9,6.4,89.0,20.6,8.5
2023-12-17T21:00:00,-2.8,6.55,90.2,13.7,9.7
2023-12-17T22:00:00,-2.8,6.33,91.4,10.4,7.6
2023-12-17T23:00:00,-2.7,6.51,89.7,7.2,8.8
2023-12-18T00:00:00,-2.5,6.48,93.0,6.7,8.8
2023-12-18T01:00:00,-2.4,7.71,88.3,6.7,19.3
2023-12-18T02:00:00,-2.2,6.84,88.5,12.0,11.6
2023-12-18T03:00:00,-1.9,5.41,94.5,18.5,3.1
2023-12-18T04:00:00,-1.7,4.03,89.3,23.2,0.3
2023-12-18T05:00:00,-1.5,2.72,88.4,33.8,0.0
2023-12-18T06:00:00,-1.4,0.73,95.2,36.2,0.0
2023-12-18T07:00:00,-1.2,1.2,89.6,51.0,0.0
2023-12-18T08:00:00,-1.2,1.92,89.5,44.6,0.0
2023-12-18T09:00:00,-1.2,2.24,84.8,55.2,0.0
2023-12-18T10:00:00,-1.2,2.62,90.2,54.9,0.0
2023-12-18T11:00:00,-1.3,3.03,87.6,66.4,0.0
2023-12-18T12:00:00,-1.4,2.71,86.1,71.3,0.0
2023-12-18T13:00:00,-1.2,1.91,90.4,64.8,0.0
2023-12-18T14:00:00,-1.3,2.2,87.9,71.6,0.0
2023-12-18T15:00:00,-1.4,2.4,90.6,53.6,0.0
2023-12-18T16:00:00,-2.5,3.2,90.3,48.2,0.0
2023-12-18T17:00:00,-4.8,4.07,89.1,37.4,0.4
2023-12-18T18:00:00,-5.3,3.94,90.6,38.4,0.2
2023-12-18T19:00:00,-4.3,3.22,92.7,27.6,0.0
2023-12-18T20:00:00,-3.2,3.22,90.4,19.3,0.0
2023-12-18T21:00:00,-2.6,4.03,88.2,14.9,0.3
2023-12-18T22:00:00,-2.5,5.14,87.5,11.5,2.3
2023-12-18T23:00:00,-2.6,5.63,90.1,6.8,4.1
2023-12-19T00:00:00,-2.5,6.6,91.0,6.4,9.5
2023-12-19T01:00:00,-2.5,8.47,91.1,8.8,28.6
2023-12-19T02:00:00,-2.4,8.59,90.2,11.6,30.4
2023-12-19T03:00:00,-2.2,8.35,88.9,18.7,28.4
2023-12-19T04:00:00,-2.1,7.67,90.7,21.2,19.4
2023-12-19T05:00:00,-1.9,6.89,93.6,26.5,11.3
2023-12-19T06:00:00,-1.8,6.08,88.1,36.1,6.6
2023-12-19T07:00:00,-1.6,4.88,85.6,46.5,1.7
2023-12-19T08:00:00,-1.6,3.45,89.0,47.4,0.0
2023-12-19T09:00:00,-1.5,2.09,89.5,53.4,0.0
2023-12-19T10:00:00,-1.5,1.48,93.3,68.9,0.0
2023-12-19T11:00:00,-1.5,1.93,88.5,62.8,0.0
2023-12-19T12:00:00,-1.5,2.1,85.7,62.4,0.0
2023-12-19T13:00:00,-1.7,1.65,93.2,64.9,0.0
2023-12-19T14:00:00,-1.9,1.5,90.3,71.4,0.0
2023-12-19T15:00:00,-2.3,2.08,90.6,51.6,0.0
2023-12-19T16:00:00,-2.8,2.98,90.3,59.8,0.0
2023-12-19T17:00:00,-2.6,4.11,90.9,49.1,0.4
2023-12-19T18:00:00,-2.6,5.43,96.2,32.8,3.3
2023-12-19T19:00:00,-2.7,6.9,87.6,26.1,11.9
2023-12-19T20:00:00,-2.9,7.41,87.2,21.7,15.7
2023-12-19T21:00:00,-3.0,7.4,87.4,14.9,17.2
2023-12-19T22:00:00,-3.1,7.81,88.4,11.4,21.1
2023-12-19T23:00:00,-3.2,7.93,87.1,8.7,21.8
2023-12-20T00:00:00,-3.2,7.86,89.0,5.9,21.9
2023-12-20T01:00:00,-3.3,7.26,88.8,7.0,15.0
2023-12-20T02:00:00,-3.1,6.75,89.1,12.0,10.9
2023-12-20T03:00:00,-2.9,5.77,93.9,17.5,4.9
2023-12-20T04:00:00,-2.6,5.13,89.2,22.7,2.4
2023-12-20T05:00:00,-2.4,4.05,89.2,30.5,0.4
2023-12-20T06:00:00,-2.1,2.75,87.2,38.0,0.0
2023-12-20T07:00:00,-1.8,1.8,94.5,52.2,0.0
2023-12-20T08:00:00,-1.5,0.85,88.9,42.5,0.0
2023-12-20T09:00:00,-1.4,1.75,91.6,57.8,0.0
2023-12-20T10:00:00,-1.4,3.0,89.9,66.3,0.0
2023-12-20T11:00:00,-1.4,3.1,90.2,75.9,0.0
2023-12-20T12:00:00,-1.3,2.63,90.1,61.5,0.0
2023-12-20T13:00:00,-1.8,2.63,89.6,57.7,0.0
2023-12-20T14:00:00,-1.8,2.52,89.0,54.0,0.0
2023-12-20T15:00:00,-2.0,3.65,89.3,64.4,0.1
2023-12-20T16:00:00,-2.5,3.3,88.8,49.9,0.0
2023-12-20T17:00:00,-2.0,2.72,88.5,43.0,0.0
2023-12-20T18:00:00,-1.4,4.31,92.5,40.9,0.6
2023-12-20T19:00:00,-1.3,6.46,87.3,31.7,8.3
2023-12-20T20:00:00,-1.7,6.5,91.4,20.7,9.3
2023-12-20T21:00:00,-1.8,6.4,89.9,16.0,8.4
2023-12-20T22:00:00,-1.9,6.1,91.1,11.6,6.6
2023-12-20T23:00:00,-1.9,5.91,90.5,8.7,5.6
2023-12-21T00:00:00,-1.9,6.31,88.9,7.3,7.6
2023-12-21T01:00:00,-1.6,7.69,86.8,9.1,19.1
2023-12-21T02:00:00,-1.3,7.32,91.2,11.3,15.5
2023-12-21T03:00:00,-0.9,6.67,89.8,16.0,10.4
2023-12-21T04:00:00,-0.7,5.7,93.0,23.6,4.3
2023-12-21T05:00:00,-0.5,4.65,93.0,28.9,1.1
2023-12-21T06:00:00,-0.3,3.99,91.7,31.9,0.3
2023-12-21T07:00:00,-0.2,3.32,94.8,37.4,0.0
2023-12-21T08:00:00,-0.1,2.72,88.3,56.6,0.0
2023-12-21T09:00:00,-0.2,1.3,92.4,61.0,0.0
2023-12-21T10:00:00,-0.2,1.96,90.3,52.1,0.0
2023-12-21T11:00:00,-0.2,2.86,89.2,61.9,0.0
2023-12-21T12:00:00,-0.1,2.88,88.9,74.5,0.0
2023-12-21T13:00:00,-0.5,2.45,91.1,74.1,0.0
2023-12-21T14:00:00,-0.4,3.98,90.9,70.4,0.3
2023-12-21T15:00:00,-0.2,5.7,91.3,61.2,4.3
2023-12-21T16:00:00,-0.4,5.06,89.5,49.5,2.2
2023-12-21T17:00:00,-0.5,4.92,88.3,48.4,1.8
2023-12-21T18:00:00,-0.5,5.32,84.7,32.0,3.1
2023-12-21T19:00:00,-0.6,5.47,91.4,32.7,3.3
2023-12-21T20:00:00,-0.6,4.7,92.3,25.3,1.3
2023-12-21T21:00:00,-0.6,4.11,91.7,17.0,0.4
2023-12-21T22:00:00,-0.6,3.96,91.5,11.7,0.3
2023-12-21T23:00:00,-0.6,3.86,87.5,7.0,0.2
2023-12-22T00:00:00,-0.6,4.1,91.8,7.2,0.4
2023-12-22T01:00:00,-0.7,6.8,90.2,7.3,11.4
2023-12-22T02:00:00,-0.8,6.49,92.7,12.9,9.3
2023-12-22T03:00:00,-0.9,5.59,91.3,16.6,3.9
2023-12-22T04:00:00,-0.7,5.01,92.4,22.9,2.0
2023-12-22T05:00:00,-0.5,4.42,92.2,32.8,0.8
2023-12-22T06:00:00,-0.5,3.4,89.0,35.5,0.0
2023-12-22T07:00:00,-0.7,2.6,89.9,43.6,0.0
2023-12-22T08:00:00,-0.9,1.77,91.5,53.8,0.0
2023-12-22T09:00:00,-1.0,1.08,90.3,59.4,0.0
2023-12-22T10:00:00,-0.9,0.5,92.0,53.7,0.0
2023-12-22T11:00:00,-0.8,1.6,89.8,56.9,0.0
2023-12-22T12:00:00,-0.9,2.16,90.2,67.4,0.0
2023-12-22T13:00:00,-0.9,0.67,91.6,59.7,0.0
2023-12-22T14:00:00,-1.2,2.08,88.8,62.1,0.0
2023-12-22T15:00:00,-1.3,3.41,85.0,49.2,0.0
2023-12-22T16:00:00,-1.5,4.0,89.1,58.4,0.3
2023-12-22T17:00:00,-1.5,4.12,89.9,39.0,0.4
2023-12-22T18:00:00,-1.7,3.53,91.1,34.7,0.1
2023-12-22T19:00:00,-2.0,2.92,89.0,33.3,0.0
2023-12-22T20:00:00,-2.8,2.53,90.3,25.8,0.0
2023-12-22T21:00:00,-3.2,2.47,89.5,18.0,0.0
2023-12-22T22:00:00,-3.4,2.42,86.5,12.2,0.0
2023-12-22T23:00:00,-3.6,2.27,91.4,8.2,0.0
2023-12-23T00:00:00,-3.5,2.08,91.7,7.2,0.0
2023-12-23T01:00:00,-2.3,1.78,89.7,9.1,0.0
2023-12-23T02:00:00,-2.1,1.12,90.4,12.3,0.0
2023-12-23T03:00:00,-1.6,0.63,92.9,18.0,0.0
2023-12-23T04:00:00,-1.4,0.1,87.4,23.3,0.0
2023-12-23T05:00:00,-1.4,0.4,91.3,32.9,0.0
2023-12-23T06:00:00,-1.4,0.51,88.4,42.9,0.0
2023-12-23T07:00:00,-1.4,0.7,88.7,40.9,0.0
2023-12-23T08:00:00,-1.4,0.81,89.0,52.7,0.0
2023-12-23T09:00:00,-1.5,1.65,90.1,62.2,0.0
2023-12-23T10:00:00,-1.8,1.5,89.6,65.2,0.0
2023-12-23T11:00:00,-1.8,0.91,88.3,74.5,0.0
2023-12-23T12:00:00,-1.9,1.25,90.4,72.0,0.0
2023-12-23T13:00:00,-2.3,1.55,87.4,64.1,0.0
2023-12-23T14:00:00,-2.3,1.66,89.8,69.3,0.0
2023-12-23T15:00:00,-2.1,3.24,88.8,52.2,0.0
2023-12-23T16:00:00,-1.9,4.03,91.9,48.7,0.3
2023-12-23T17:00:00,-1.9,4.36,89.8,50.5,0.7
2023-12-23T18:00:00,-2.0,4.08,87.0,39.0,0.4
2023-12-23T19:00:00,-2.1,4.1,86.0,26.8,0.4
2023-12-23T20:00:00,-2.0,5.05,89.0,22.7,2.1
2023-12-23T21:00:00,-2.1,6.17,91.1,16.3,7.1
2023-12-23T22:00:00,-2.3,6.91,87.2,9.6,12.4
2023-12-23T23:00:00,-2.5,7.61,86.4,8.7,18.8
2023-12-24T00:00:00,-2.4,7.33,88.0,6.8,15.2
2023-12-24T01:00:00,-2.6,6.39,90.6,8.9,8.0
2023-12-24T02:00:00,-2.6,6.28,91.7,9.4,7.5
2023-12-24T03:00:00,-2.8,6.35,87.7,16.5,7.5
2023-12-24T04:00:00,-2.8,6.26,88.9,20.5,7.2
2023-12-24T05:00:00,-2.5,5.7,91.2,25.5,4.6
2023-12-24T06:00:00,-2.2,5.28,89.3,40.0,2.8
2023-12-24T07:00:00,-2.1,4.48,91.8,47.5,0.8
2023-12-24T08:00:00,-2.0,3.86,91.4,51.4,0.2
2023-12-24T09:00:00,-1.9,3.01,89.5,49.5,0.0
2023-12-24T10:00:00,-1.9,1.86,90.7,59.0,0.0
2023-12-24T11:00:00,-1.9,0.71,91.4,64.0,0.0
2023-12-24T12:00:00,-2.0,1.46,89.0,71.6,0.0
2023-12-24T13:00:00,-2.2,1.86,92.4,68.7,0.0
2023-12-24T14:00:00,-2.4,3.0,90.4,57.2,0.0
2023-12-24T15:00:00,-3.0,3.37,91.7,63.9,0.0
2023-12-24T16:00:00,-3.2,3.11,87.8,45.5,0.0
2023-12-24T17:00:00,-3.4,2.83,87.9,38.4,0.0
2023-12-24T18:00:00,-4.1,2.41,89.5,34.4,0.0
2023-12-24T19:00:00,-4.7,2.33,90.5,30.3,0.0
2023-12-24T20:00:00,-5.0,2.8,89.7,21.7,0.0
2023-12-24T21:00:00,-4.8,3.14,86.5,16.5,0.0
2023-12-24T22:00:00,-4.4,3.37,86.8,10.9,0.0
2023-12-24T23:00:00,-4.1,3.6,90.3,8.4,0.1
2023-12-25T00:00:00,-4.0,4.06,90.6,7.3,0.3
2023-12-25T01:00:00,-4.1,5.55,93.0,7.6,3.9
2023-12-25T02:00:00,-3.9,5.87,92.5,9.9,5.2
2023-12-25T03:00:00,-3.6,5.95,90.3,17.7,5.5
2023-12-25T04:00:00,-3.3,5.65,92.8,19.8,4.0
2023-12-25T05:00:00,-3.2,5.63,87.7,30.6,4.2
2023-12-25T06:00:00,-3.0,5.85,94.5,31.7,5.0
2023-12-25T07:00:00,-2.8,6.23,88.2,38.1,6.8
2023-12-25T08:00:00,-2.7,6.52,91.8,45.3,8.7
2023-12-25T09:00:00,-2.6,6.15,84.7,59.8,6.9
2023-12-25T10:00:00,-2.5,5.91,95.1,61.4,5.4
2023-12-25T11:00:00,-2.5,5.69,90.7,55.1,4.4
2023-12-25T12:00:00,-2.5,5.32,88.3,60.8,2.9
2023-12-25T13:00:00,-1.9,4.56,89.1,55.5,1.0
2023-12-25T14:00:00,-2.1,4.78,90.6,52.8,1.4
2023-12-25T15:00:00,-2.5,5.16,91.4,59.6,2.5
2023-12-25T16:00:00,-2.9,5.32,92.6,51.2,3.0
2023-12-25T17:00:00,-3.3,5.4,90.3,37.7,3.2
2023-12-25T18:00:00,-3.7,5.32,89.1,42.1,3.0
2023-12-25T19:00:00,-4.0,5.04,90.4,32.9,2.1
2023-12-25T20:00:00,-3.9,5.32,90.6,23.9,2.9
2023-12-25T21:00:00,-3.8,5.87,90.9,15.6,5.3
2023-12-25T22:00:00,-3.6,6.1,93.0,11.9,6.4
2023-12-25T23:00:00,-3.6,6.12,93.0,8.1,6.5
2023-12-26T00:00:00,-3.4,6.04,89.6,5.9,6.2
2023-12-26T01:00:00,-3.6,4.01,89.5,7.2,0.3
2023-12-26T02:00:00,-3.4,3.88,86.8,11.3,0.2
2023-12-26T03:00:00,-3.0,3.52,87.5,15.7,0.0
2023-12-26T04:00:00,-2.6,3.26,90.9,23.0,0.0
2023-12-26T05:00:00,-2.3,3.16,89.2,32.7,0.0
2023-12-26T06:00:00,-2.0,3.44,89.8,39.9,0.0
2023-12-26T07:00:00,-1.9,3.94,93.7,50.1,0.3
2023-12-26T08:00:00,-1.9,3.74,90.4,43.2,0.1
2023-12-26T09:00:00,-1.9,3.5,92.0,60.3,0.0
2023-12-26T10:00:00,-1.8,3.36,89.1,53.7,0.0
2023-12-26T11:00:00,-1.6,3.53,89.2,67.8,0.1
2023-12-26T12:00:00,-1.5,3.77,87.0,68.5,0.1
2023-12-26T13:00:00,-1.7,3.05,92.0,76.3,0.0
2023-12-26T14:00:00,-1.8,2.51,89.0,63.0,0.0
2023-12-26T15:00:00,-1.9,2.7,90.1,67.3,0.0
2023-12-26T16:00:00,-2.2,3.26,88.5,58.8,0.0
2023-12-26T17:00:00,-2.4,3.42,88.6,45.4,0.0
2023-12-26T18:00:00,-2.5,3.8,88.9,40.8,0.2
2023-12-26T19:00:00,-2.6,4.33,85.6,27.2,0.7
2023-12-26T20:00:00,-2.8,5.0,90.1,21.5,2.1
2023-12-26T21:00:00,-2.8,5.51,89.9,16.4,3.6
2023-12-26T22:00:00,-3.2,4.46,91.9,11.3,0.8
2023-12-26T23:00:00,-3.6,4.27,90.4,8.8,0.6
2023-12-27T00:00:00,-3.9,3.92,89.1,6.3,0.2
2023-12-27T01:00:00,-4.3,2.91,92.6,7.4,0.0
2023-12-27T02:00:00,-4.1,2.55,87.4,11.1,0.0
2023-12-27T03:00:00,-3.8,1.84,90.5,18.2,0.0
2023-12-27T04:00:00,-3.6,0.98,92.2,26.1,0.0
2023-12-27T05:00:00,-3.4,1.08,88.6,30.5,0.0
2023-12-27T06:00:00,-3.3,2.16,89.5,34.0,0.0
2023-12-27T07:00:00,-3.3,3.28,89.5,46.2,0.0
2023-12-27T08:00:00,-3.2,3.54,86.5,59.0,0.1
2023-12-27T09:00:00,-3.0,3.58,90.3,56.0,0.1
2023-12-27T10:00:00,-2.7,3.11,92.5,69.8,0.0
2023-12-27T11:00:00,-2.5,2.62,91.6,65.6,0.0
2023-12-27T12:00:00,-2.4,3.31,91.3,78.4,0.0
2023-12-27T13:00:00,-2.5,4.46,91.8,54.2,0.9
2023-12-27T14:00:00,-2.8,4.08,88.4,64.9,0.4
2023-12-27T15:00:00,-3.0,3.41,92.7,60.8,0.0
2023-12-27T16:00:00,-3.3,2.92,90.0,52.3,0.0
2023-12-27T17:00:00,-3.5,2.7,88.4,47.9,0.0
2023-12-27T18:00:00,-3.7,2.15,90.0,36.2,0.0
2023-12-27T19:00:00,-3.8,2.82,87.2,30.2,0.0
2023-12-27T20:00:00,-4.1,4.08,92.5,19.7,0.4
2023-12-27T21:00:00,-4.2,5.23,92.5,15.9,2.6
2023-12-27T22:00:00,-4.2,6.3,84.3,10.9,7.5
2023-12-27T23:00:00,-4.0,6.44,90.2,7.0,8.8
2023-12-28T00:00:00,-3.8,6.8,93.8,5.7,10.6
2023-12-28T01:00:00,-3.8,7.33,90.7,6.8,15.6
2023-12-28T02:00:00,-3.6,7.39,89.0,11.4,15.6
2023-12-28T03:00:00,-3.3,7.14,88.1,15.3,14.3
2023-12-28T04:00:00,-3.0,7.89,90.4,24.8,22.0
2023-12-28T05:00:00,-2.7,8.11,90.8,24.3,25.7
2023-12-28T06:00:00,-2.7,8.46,88.7,32.3,30.4
2023-12-28T07:00:00,-2.5,7.98,91.8,36.6,22.9
2023-12-28T08:00:00,-2.2,7.2,90.3,50.9,15.3
2023-12-28T09:00:00,-1.6,6.72,91.2,50.1,10.5
2023-12-28T10:00:00,-1.6,6.72,89.6,65.9,10.1
2023-12-28T11:00:00,-1.9,7.26,89.5,64.5,15.6
2023-12-28T12:00:00,-2.2,7.5,88.3,60.6,18.0
2023-12-28T13:00:00,-2.1,8.55,92.2,69.1,30.4
2023-12-28T14:00:00,-2.1,9.53,92.2,62.8,47.6
2023-12-28T15:00:00,-2.1,10.65,91.2,63.7,70.5
2023-12-28T16:00:00,-2.2,10.24,93.2,60.0,64.1
2023-12-28T17:00:00,-2.2,10.1,91.2,51.8,61.1
2023-12-28T18:00:00,-2.2,9.76,93.4,33.8,54.7
2023-12-28T19:00:00,-2.3,9.48,92.1,26.1,46.0
2023-12-28T20:00:00,-2.3,9.0,88.8,21.8,39.2
2023-12-28T21:00:00,-2.2,8.45,93.9,14.3,29.1
2023-12-28T22:00:00,-2.5,8.76,89.6,9.3,33.2
2023-12-28T23:00:00,-2.5,9.24,88.3,7.1,41.6
2023-12-29T00:00:00,-2.3,9.48,87.9,6.3,44.7
2023-12-29T01:00:00,-2.1,9.0,90.1,6.9,38.0
2023-12-29T02:00:00,-2.1,9.16,89.6,11.8,41.9
2023-12-29T03:00:00,-2.0,9.77,91.3,14.1,50.8
2023-12-29T04:00:00,-2.0,9.9,89.3,18.5,57.7
2023-12-29T05:00:00,-2.1,10.59,90.5,26.4,75.7
2023-12-29T06:00:00,-2.0,10.47,87.2,34.7,72.5
2023-12-29T07:00:00,-1.8,7.67,89.8,41.9,20.0
2023-12-29T08:00:00,-1.6,4.76,88.4,53.8,1.4
2023-12-29T09:00:00,-1.8,3.31,91.1,66.0,0.0
2023-12-29T10:00:00,-2.0,2.94,86.7,51.8,0.0
2023-12-29T11:00:00,-2.1,2.25,88.0,55.5,0.0
2023-12-29T12:00:00,-2.1,1.34,87.7,65.0,0.0
2023-12-29T13:00:00,-2.7,2.48,87.4,70.0,0.0
2023-12-29T14:00:00,-2.8,1.32,92.6,60.2,0.0
2023-12-29T15:00:00,-2.9,2.21,87.6,58.9,0.0
2023-12-29T16:00:00,-3.2,3.22,92.2,60.0,0.0
2023-12-29T17:00:00,-3.3,3.35,93.9,38.7,0.0
2023-12-29T18:00:00,-3.4,3.05,91.9,37.7,0.0
2023-12-29T19:00:00,-3.8,2.9,88.4,25.5,0.0
2023-12-29T20:00:00,-4.0,3.26,91.5,22.5,0.0
2023-12-29T21:00:00,-4.2,3.39,90.4,13.8,0.0
2023-12-29T22:00:00,-4.1,3.24,88.1,10.1,0.0
2023-12-29T23:00:00,-3.5,3.04,84.6,6.5,0.0
2023-12-30T00:00:00,-2.7,5.48,87.8,5.7,3.5
2023-12-30T01:00:00,-2.6,4.72,90.5,7.4,1.3
2023-12-30T02:00:00,-2.3,4.79,92.4,9.3,1.5
2023-12-30T03:00:00,-2.3,5.56,89.0,17.0,3.9
2023-12-30T04:00:00,-2.3,5.46,88.4,19.2,3.5
2023-12-30T05:00:00,-2.1,5.22,89.9,31.4,2.5
2023-12-30T06:00:00,-2.0,5.88,88.9,31.1,5.1
2023-12-30T07:00:00,-1.8,6.12,87.1,46.0,6.7
2023-12-30T08:00:00,-1.6,6.17,89.5,58.9,6.6
2023-12-30T09:00:00,-1.5,5.52,89.3,53.9,3.7
2023-12-30T10:00:00,-1.6,4.97,89.4,57.8,2.0
2023-12-30T11:00:00,-1.6,4.26,87.9,63.7,0.6
2023-12-30T12:00:00,-1.7,3.75,92.2,58.5,0.1
2023-12-30T13:00:00,-1.5,3.88,89.8,57.6,0.2
2023-12-30T14:00:00,-1.6,4.53,89.9,54.5,1.0
2023-12-30T15:00:00,-1.7,4.96,90.0,48.3,1.8
2023-12-30T16:00:00,-1.9,5.19,91.4,56.6,2.4
2023-12-30T17:00:00,-1.8,4.54,90.5,42.6,1.0
2023-12-30T18:00:00,-1.7,3.21,89.3,41.0,0.0
2023-12-30T19:00:00,-1.8,3.3,92.6,30.7,0.0
2023-12-30T20:00:00,-2.1,5.46,85.6,19.7,3.4
2023-12-30T21:00:00,-2.3,6.22,88.0,14.1,7.2
2023-12-30T22:00:00,-2.4,6.12,91.0,11.5,6.8
2023-12-30T23:00:00,-2.4,6.18,93.0,7.8,7.0
2023-12-31T00:00:00,-2.3,6.52,92.6,5.1,8.7
2023-12-31T01:00:00,-2.3,5.74,83.9,7.7,4.8
2023-12-31T02:00:00,-2.2,6.53,88.4,12.2,9.1
2023-12-31T03:00:00,-1.6,6.63,87.3,15.6,9.7
2023-12-31T04:00:00,-1.3,6.32,91.5,25.2,7.9
2023-12-31T05:00:00,-1.2,6.22,91.0,33.4,7.2
2023-12-31T06:00:00,-1.2,5.32,91.7,32.7,2.9
2023-12-31T07:00:00,-1.0,4.39,93.1,42.8,0.8
2023-12-31T08:00:00,-1.0,3.67,91.5,51.4,0.1
2023-12-31T09:00:00,-1.0,2.64,89.0,56.4,0.0
2023-12-31T10:00:00,-1.0,1.92,88.7,57.5,0.0
2023-12-31T11:00:00,-0.9,1.65,88.6,69.6,0.0
2023-12-31T12:00:00,-1.0,1.62,86.7,56.4,0.0
2023-12-31T13:00:00,-1.4,1.75,85.2,66.7,0.0
2023-12-31T14:00:00,-1.4,1.92,89.3,56.4,0.0
2023-12-31T15:00:00,-1.3,2.25,91.1,64.6,0.0
2023-12-31T16:00:00,-1.3,2.86,94.4,46.2,0.0
2023-12-31T17:00:00,-1.3,3.8,91.0,45.2,0.2
2023-12-31T18:00:00,-1.3,5.36,90.6,41.8,3.1
2023-12-31T19:00:00,-1.6,6.25,86.8,31.6,7.5
2023-12-31T20:00:00,-1.7,6.51,90.0,22.2,9.2
2023-12-31T21:00:00,-1.9,6.64,88.0,15.4,10.1
2023-12-31T22:00:00,-2.0,6.44,89.8,10.0,8.1
2023-12-31T23:00:00,-1.8,6.94,88.7,6.8,12.0
